variant,ref,liquid,conc,n,estimator,df,df_sd,dG,dG_sd,dD_ppm,df_over_n,dG_over_n,rho,df_KG,eps_f,eps_G,dD_KG_ppm
fwfix,air,water,0.0,1,mag_argmax,-768.6666666669771,2.886751345894359,734.2602150536453,0.7118334046814051,293.75388145040455,-768.6666666669771,734.2602150536453,1.0468586625121967,-672.664293529168,0.14271959142372137,0.09157007755133106,269.05998008959045
fwfix,air,water,0.0,3,mag_argmax,-1741.3333333339542,3.0550504632530857,1358.79619735231,1.609075995549113,181.4679964296978,-580.4444444446514,452.9320657841033,1.2815264987693071,-1165.0887328299439,0.49459288744844376,0.1662598384690066,155.34185193288042
fwfix,air,water,0.0,5,mag_argmax,-2522.6666666679084,6.27162924071751,6043.240955707306,11.372007958088506,484.3757930612866,-504.5333333335817,1208.6481911414612,0.41743605544728,-1504.1230863680917,0.6771677062408687,3.0177835248174585,120.32728110101284
fwfix,air,water,0.0,7,mag_argmax,-3387.0,8.755950357886405,,,,-483.85714285714283,,,-1779.702436511133,0.9031271354776349,,101.69511358243525
fwfix,air,water,0.0,9,mag_argmax,-4355.333333328366,13.216151735432877,,,,-483.92592592537403,,,-2017.9928805875043,1.1582500985139181,,89.68666002986349
fwfix,air,water,0.0,1,argmax_hh,-729.0,2.581988897396465,701.950822807538,1.5442604760660161,280.82176681903366,-729.0,701.950822807538,1.0385342908841897,-672.664293529168,0.08375010687019491,0.04353810594690044,269.05998008959045
fwfix,air,water,0.0,3,argmax_hh,-1468.0,3.26598632382972,1118.9106506494184,1.3956842343524092,149.42778647348263,-489.3333333333333,372.97021688313947,1.311990371302632,-1165.0887328299439,0.25998986912722044,-0.039634819974922575,155.34185193288042
fwfix,air,water,0.0,5,argmax_hh,-1804.3333333358169,4.966554808239995,1500.641794728736,1.058824008963123,120.27571872658955,-360.8666666671634,300.1283589457472,1.2023744371733813,-1504.1230863680917,0.19959154253301392,-0.0023144991729112663,120.32728110101284
fwfix,air,water,0.0,7,argmax_hh,-2390.666666664183,3.055050463405509,1699.5173825249076,2.393871700698128,97.31216896346658,-341.52380952345476,242.78819750355822,1.4066738541458526,-1779.702436511133,0.3432957204636766,-0.0450553150578461,101.69511358243525
fwfix,air,water,0.0,9,argmax_hh,-2748.0,35.7211421989835,1958.4821330122652,2.1727695313178925,87.22442284100265,-305.3333333333333,217.60912589025168,1.4031274289816513,-2017.9928805875043,0.3617491054775013,-0.02949006815024713,89.68666002986349
fwfix,air,water,0.0,1,midpoint,-699.6245009135455,1.2052328377262076,701.950822807538,1.5442604760660161,280.8206824812498,-699.6245009135455,701.950822807538,0.9966859189869055,-672.664293529168,0.04007973612354143,0.04353810594690044,269.05998008959045
fwfix,air,water,0.0,3,midpoint,-1699.7178482431918,4.038099842939147,1118.9106506494184,1.3956842343524092,149.430347178615,-566.572616081064,372.97021688313947,1.5190827321705014,-1165.0887328299439,0.45887416155391003,-0.039634819974922575,155.34185193288042
fwfix,air,water,0.0,5,midpoint,-1955.177254345268,4.520490574992189,1500.641794728736,1.058824008963123,120.27656529609342,-391.0354508690536,300.1283589457472,1.302894042544441,-1504.1230863680917,0.29987849536058087,-0.0023144991729112663,120.32728110101284
fwfix,air,water,0.0,7,midpoint,-2817.8660180419683,7.660762930494267,1699.5173825249076,2.393871700698128,97.31351836423228,-402.5522882917098,242.78819750355822,1.658038950949459,-1779.702436511133,0.5833354836362505,-0.0450553150578461,101.69511358243525
fwfix,air,water,0.0,9,midpoint,-3291.3523296117783,5.121791344327613,1958.4821330122652,2.1727695313178925,87.225650611354,-365.7058144013087,217.60912589025168,1.6805628573948117,-2017.9928805875043,0.6310029441994647,-0.02949006815024713,89.68666002986349
fwfix,air,water,0.0,1,sym,-698.7382108336315,1.4733402586837232,713.6620393038045,1.644278672393247,285.5060869036028,-698.7382108336315,713.6620393038045,0.9790883812669487,-672.664293529168,0.038762154547649974,0.06094830091179593,269.05998008959045
fwfix,air,water,0.0,3,sym,-1696.0554784685373,4.201222460383544,1308.6132794449131,2.7515199155573518,174.76503336798936,-565.3518261561791,436.2044264816377,1.2960708141277377,-1165.0887328299439,0.4557307359319329,0.12318765306944068,155.34185193288042
fwfix,air,water,0.0,5,sym,-1968.965871769935,3.9188269118916406,1662.1814405774185,0.5207580561815977,133.2240581261395,-393.79317435398696,332.4362881154837,1.1845673545036959,-1504.1230863680917,0.3090457088350853,0.1050833908752642,120.32728110101284
fwfix,air,water,0.0,7,sym,-2916.8466978296638,6.178986052459959,2378.5518124715886,1.1017039669070554,136.19498950922707,-416.69238540423765,339.7931160673698,1.226312028409726,-1779.702436511133,0.6389519045373386,0.3364884846336553,101.69511358243525
fwfix,air,water,0.0,9,sym,-3477.6423710361123,7.3252726270256785,3023.2998706510193,9.749047561661165,134.6502797775014,-386.40470789290134,335.92220785011324,1.1502803293830253,-2017.9928805875043,0.7233174628562891,0.4981717228709137,89.68666002986349
fwfix,air,water,0.0,1,sym_lin,-707.5197176076472,1.3976394070006486,716.2848203620972,1.6693107389247548,286.5554991743928,-707.5197176076472,716.2848203620972,0.9877631041377939,-672.664293529168,0.051816967860161434,0.06484739453624311,269.05998008959045
fwfix,air,water,0.0,3,sym_lin,-1554.442633656785,3.610991983967376,1138.5942309275308,1.651386083349554,152.05745648622624,-518.1475445522616,379.5314103091769,1.3652296765903094,-1165.0887328299439,0.3341839036423597,-0.02274032968979045,155.34185193288042
fwfix,air,water,0.0,5,sym_lin,-1836.1282038651407,4.202050827492796,1567.9241566417136,0.8725262573622037,125.66855252017437,-367.22564077302815,313.5848313283427,1.1710567734334068,-1504.1230863680917,0.22073001904300282,0.04241745296768107,120.32728110101284
fwfix,air,water,0.0,7,sym_lin,-2535.8319679424167,6.131268335720759,1729.6241140745599,0.28199533569353374,99.03648767738443,-362.26170970605955,247.08915915350855,1.4661173762018347,-1779.702436511133,0.42486289613311623,-0.028138592951945984,101.69511358243525
fwfix,air,water,0.0,9,sym_lin,-2936.383790113032,8.472194715410778,2069.4316807415594,1.3213650304430888,92.16616125053469,-326.26486556811466,229.93685341572882,1.418932462201801,-2017.9928805875043,0.4551011643104279,0.025490080093384382,89.68666002986349
fwfix,air,water,0.0,1,psl,-722.7890218989924,1.3156777375994497,716.9645723724827,1.6507604265336986,286.82785737179273,-722.7890218989924,716.9645723724827,1.0081237619694878,-672.664293529168,0.07451670744531769,0.06585793131799966,269.05998008959045
fwfix,air,water,0.0,3,psl,-1316.835045779124,2.929041895477629,1146.2132567682115,1.932052671387612,153.07228609262907,-438.945015259708,382.0710855894038,1.1488569321663462,-1165.0887328299439,0.13024442574480632,-0.016200891425569575,155.34185193288042
fwfix,air,water,0.0,5,psl,-1595.0977555215359,4.437080853757463,1572.6388621080293,0.5856676528905457,126.04507591558585,-319.0195511043072,314.52777242160585,1.01428102405113,-1504.1230863680917,0.06048352689879577,0.0455519740112349,120.32728110101284
fwfix,air,water,0.0,7,psl,-1975.5961274057627,5.546488309540725,1701.882525918938,0.184633427333244,97.44629237902733,-282.2280182008232,243.12607513127685,1.1608299029564524,-1779.702436511133,0.11007103596410905,-0.043726360652037166,101.69511358243525
fwfix,air,water,0.0,9,psl,-2221.86621516943,7.901119494951119,1989.1807161960753,4.4610933577399,88.59043395660309,-246.87402390771442,221.0200795773417,1.1169755452980263,-2017.9928805875043,0.10102777692782117,-0.01427763431109863,89.68666002986349
fwfix,air,water,0.0,1,circle,-733.3132538767532,1.330064667752509,734.9813492553258,1.5350611722846959,294.03585012744304,-733.3132538767532,734.9813492553258,0.9977304248872945,-672.664293529168,0.09016230076579079,0.0926421341605752,269.05998008959045
fwfix,air,water,0.0,3,circle,-1282.8345119711012,2.8051734622053703,1378.9507577417428,2.910824636892147,184.1528497779296,-427.61150399036705,459.6502525805809,0.9302975503432424,-1165.0887328299439,0.1010616409062326,0.18355857273835152,155.34185193288042
fwfix,air,water,0.0,5,circle,-1694.2038649693131,4.685023042460417,1463.0995640566832,0.44689693531764363,117.26611574629855,-338.84077299386263,292.61991281133663,1.1579552797294639,-1504.1230863680917,0.12637315411479877,-0.02727404604264483,120.32728110101284
fwfix,air,water,0.0,7,circle,-1885.8902275413275,5.509517652070166,1742.7988696633072,0.33154711569592166,99.78878758356402,-269.41288964876105,248.97126709475816,1.0821043439772624,-1779.702436511133,0.0596660367776769,-0.02073580734101277,101.69511358243525
fwfix,air,water,0.0,9,circle,-2201.159662052989,7.553196059292583,2022.068494778039,1.0567677809751683,90.05506513538931,-244.57329578366546,224.6742771975599,1.088568299114224,-2017.9928805875043,0.09076681252322305,0.0020196375466636773,89.68666002986349
fwfix,air,gluc05,5.0,1,mag_argmax,-789.0,1.914854215350554,760.1228457919012,1.0015034910092635,304.1018262909826,-789.0,760.1228457919012,1.0379901148452055,,,,
fwfix,air,gluc05,5.0,3,mag_argmax,-1802.0,0.8164965805475152,1433.0518796263882,0.5586736392033822,191.38562394303693,-600.6666666666666,477.68395987546273,1.2574562202659407,,,,
fwfix,air,gluc05,5.0,5,mag_argmax,-2696.6666666679084,4.396968652722339,,,,-539.3333333335817,,,,,,
fwfix,air,gluc05,5.0,7,mag_argmax,-3567.333333335817,3.3665016456596195,,,,-509.6190476194024,,,,,,
fwfix,air,gluc05,5.0,9,mag_argmax,-4580.0,3.6968455035640395,,,,-508.8888888888889,,,,,,
fwfix,air,gluc05,5.0,1,argmax_hh,-747.3333333330229,1.154700538446464,728.352073345799,0.7890520586838053,291.3848133435468,-747.3333333330229,728.352073345799,1.0260605559891256,,,,
fwfix,air,gluc05,5.0,3,argmax_hh,-1518.3333333339542,1.1547005382448268,1162.2655419235427,0.1771070904473553,155.21824491711985,-506.11111111131805,387.4218473078476,1.3063566616808766,,,,
fwfix,air,gluc05,5.0,5,argmax_hh,-1879.3333333358169,3.109126351379074,1556.977519677952,2.4078236992266033,124.79137671078307,-375.8666666671634,311.3955039355904,1.2070394784662926,,,,
fwfix,air,gluc05,5.0,7,argmax_hh,-2485.0,4.0,1797.88737447684,0.7753442045366479,102.94497788381057,-355.0,256.8410534966914,1.3821777911550772,,,,
fwfix,air,gluc05,5.0,9,argmax_hh,-2910.666666664183,7.702813339747546,2098.248491651068,3.871385027335344,93.44949524712032,-323.4074074071315,233.1387212945631,1.3871887330055175,,,,
fwfix,air,gluc05,5.0,1,midpoint,-713.6266265595332,0.716505125436963,728.352073345799,0.7890520586838053,291.3834072512272,-713.6266265595332,728.352073345799,0.9797825154548924,,,,
fwfix,air,gluc05,5.0,3,midpoint,-1768.5412687752396,0.49623398224209553,1162.2655419235427,0.1771070904473553,155.22110103288387,-589.5137562584132,387.4218473078476,1.5216327121324735,,,,
fwfix,air,gluc05,5.0,5,midpoint,-2040.8615698628128,1.1956217592180898,1556.977519677952,2.4078236992266033,124.7923096538679,-408.17231397256256,311.3955039355904,1.3107842239655125,,,,
fwfix,air,gluc05,5.0,7,midpoint,-2946.7651466950774,2.785490354135261,1797.88737447684,0.7753442045366479,102.94650898162028,-420.9664495278682,256.8410534966914,1.6390154291797865,,,,
fwfix,air,gluc05,5.0,9,midpoint,-3452.6097908616066,4.783647889812459,2098.248491651068,3.871385027335344,93.45080158815652,-383.62331009573404,233.1387212945631,1.6454723092138719,,,,
fwfix,air,gluc05,5.0,1,sym,-712.7244265768677,0.5363860046400486,739.8404575921315,1.05649997831751,295.97968529475486,-712.7244265768677,739.8404575921315,0.9633488129271612,,,,
fwfix,air,gluc05,5.0,3,sym,-1766.25011963211,0.6528586569076482,1373.7575376593425,0.873345506953157,183.46588779878735,-588.75003987737,457.9191792197808,1.285707318222625,,,,
fwfix,air,gluc05,5.0,5,sym,-2057.8037944473326,0.8106380255046336,1732.2625507134665,1.1955300473545194,138.84156396193833,-411.5607588894665,346.4525101426933,1.1879283504684586,,,,
fwfix,air,gluc05,5.0,7,sym,-3048.734073854983,1.766073508219859,2516.17827293021,1.246166890223483,144.07596574102513,-435.5334391221404,359.45403899002997,1.2116526506305876,,,,
fwfix,air,gluc05,5.0,9,sym,-3637.1262270510197,2.995158450413813,3084.948414539966,8.988199878378909,137.39645750131308,-404.1251363390022,342.7720460599962,1.1789909386842683,,,,
fwfix,air,gluc05,5.0,1,sym_lin,-722.3463347638026,0.5785508098463752,742.3008306084832,1.0862431582576575,296.9641928824837,-722.3463347638026,742.3008306084832,0.9731180472635017,,,,
fwfix,air,gluc05,5.0,3,sym_lin,-1612.4368002880365,0.5672453830537862,1182.3171859717809,0.19383401123658744,157.89719851745423,-537.4789334293455,394.1057286572603,1.363793759762299,,,,
fwfix,air,gluc05,5.0,5,sym_lin,-1919.673206526786,0.8656878737419569,1631.124618835871,0.3559845422947391,130.7344864440845,-383.9346413053572,326.2249237671742,1.1769016201207554,,,,
fwfix,air,gluc05,5.0,7,sym_lin,-2654.702644467354,1.8587607229804297,1844.4503525166824,0.6228549712750677,105.61167055942349,-379.24323492390766,263.4929075023832,1.439292004170843,,,,
fwfix,air,gluc05,5.0,9,sym_lin,-3085.8959268182516,2.3560055029020317,2295.1542834452,2.171224347749222,102.21947213490179,-342.877325202028,255.0171426050222,1.3445265745647779,,,,
fwfix,air,gluc05,5.0,1,psl,-739.3687751060352,0.6292489889543373,743.0510848632105,1.0651062436106562,297.2648874678417,-739.3687751060352,743.0510848632105,0.9950443383608636,,,,
fwfix,air,gluc05,5.0,3,psl,-1356.9877925738692,0.5495597469371204,1190.5250228608695,0.23566280205761625,158.99036996036466,-452.3292641912897,396.8416742869565,1.1398229911312443,,,,
fwfix,air,gluc05,5.0,5,psl,-1668.8045624792576,0.9574211353999416,1635.556767007616,0.5195730749174655,131.08825816387332,-333.7609124958515,327.11135340152316,1.020328120761269,,,,
fwfix,air,gluc05,5.0,7,psl,-2074.224612131715,1.987975830568453,1820.787483750559,0.3412358156608963,104.25483365136054,-296.3178017331021,260.11249767865127,1.1391909438322325,,,,
fwfix,air,gluc05,5.0,9,psl,-2349.8355353698134,2.3495208130040806,2163.8981850965315,0.7716656560151949,96.37194114044418,-261.0928372633126,240.4331316773924,1.085927032775337,,,,
fwfix,air,gluc05,5.0,1,circle,-750.6694227242842,0.6156501502131659,763.0341578125372,0.4882923472519736,305.2595900641148,-750.6694227242842,763.0341578125372,0.9837953059353199,,,,
fwfix,air,gluc05,5.0,3,circle,-1324.4010702073574,0.6534526707703943,1450.7494228884213,0.5876477176178883,193.74177402247636,-441.46702340245247,483.58314096280714,0.9129082178578392,,,,
fwfix,air,gluc05,5.0,5,circle,-1769.3079097121954,0.9820105807927226,1529.0232990214429,0.855815630026422,122.55021247174086,-353.8615819424391,305.8046598042886,1.157149083892006,,,,
fwfix,air,gluc05,5.0,7,circle,-1974.7244683206081,1.95891645534755,1852.9934766196536,0.6151028953843608,106.09855062687302,-282.1034954743726,264.71335380280766,1.0656942365080657,,,,
fwfix,air,gluc05,5.0,9,circle,-2300.2627018094063,2.286930879725008,2182.157085764157,0.5444619900072644,97.18499221461012,-255.5847446454896,242.46189841823966,1.0541233336572058,,,,
fwfix,air,gluc075,7.5,1,mag_argmax,-818.3333333339542,6.6080758671703075,791.7310782742377,0.8540434189910739,316.74911785872473,-818.3333333339542,791.7310782742377,1.0336001147229212,,,,
fwfix,air,gluc075,7.5,3,mag_argmax,-1868.3333333339542,1.1547005382448268,1508.7920366963372,1.4268970545647366,201.5016660626898,-622.7777777779847,502.93067889877904,1.2382974511350626,,,,
fwfix,air,gluc075,7.5,5,mag_argmax,-2821.333333335817,3.1091263510795293,,,,-564.2666666671633,,,,,,
fwfix,air,gluc075,7.5,7,mag_argmax,-3700.0,2.3804761427172054,,,,-528.5714285714286,,,,,,
fwfix,air,gluc075,7.5,9,mag_argmax,-4721.0,2.160246900618936,,,,-524.5555555555555,,,,,,
fwfix,air,gluc075,7.5,1,argmax_hh,-774.6666666660458,3.1091263510795293,759.9024509317242,0.6884934171380436,304.00848703743134,-774.6666666660458,759.9024509317242,1.019429093453007,,,,
fwfix,air,gluc075,7.5,3,argmax_hh,-1582.6666666679084,3.829708431248271,1200.0582288966204,0.3165460819955122,160.26607847863207,-527.5555555559695,400.0194096322068,1.3188248941245733,,,,
fwfix,air,gluc075,7.5,5,argmax_hh,-1942.3333333358169,4.966554808239995,1602.0127026910582,1.783288695981491,128.40126202334793,-388.4666666671634,320.4025405382116,1.212433166149737,,,,
fwfix,air,gluc075,7.5,7,argmax_hh,-2568.0,13.19090595827292,1861.5805777510006,1.218087279014466,106.59223038271196,-366.85714285714283,265.94008253585724,1.3794729224680855,,,,
fwfix,air,gluc075,7.5,9,argmax_hh,-3023.0,3.8729833462074166,2169.905848079671,5.636415957964313,96.6411358920268,-335.8888888888889,241.10064978663013,1.3931480034837929,,,,
fwfix,air,gluc075,7.5,1,midpoint,-737.1944099105895,0.8066572786203066,759.9024509317242,0.6884934171380436,304.0067706274783,-737.1944099105895,759.9024509317242,0.970117163073639,,,,
fwfix,air,gluc075,7.5,3,midpoint,-1842.5061479508877,0.6020871521644146,1200.0582288966204,0.3165460819955122,160.26913127909984,-614.1687159836292,400.0194096322068,1.5353472886436172,,,,
fwfix,air,gluc075,7.5,5,midpoint,-2106.942111093551,0.6891154224470334,1602.0127026910582,1.783288695981491,128.40223744103594,-421.38842221871016,320.4025405382116,1.3151843974484805,,,,
fwfix,air,gluc075,7.5,7,midpoint,-3041.2160228565335,1.6518109686940914,1861.5805777510006,1.218087279014466,106.59384980416972,-434.45943183664764,265.94008253585724,1.633674125742473,,,,
fwfix,air,gluc075,7.5,9,midpoint,-3558.836797811091,4.930808477794976,2169.905848079671,5.636415957964313,96.64246997325029,-395.426310867899,241.10064978663013,1.640088117629896,,,,
fwfix,air,gluc075,7.5,1,sym,-736.0592796076089,0.5124375345920922,771.6076750253746,1.0629605333060599,308.6898118687763,-736.0592796076089,771.6076750253746,0.9539294429431424,,,,
fwfix,air,gluc075,7.5,3,sym,-1847.1208241730928,0.9838948437883915,1440.7161009350016,1.1071875932635136,192.40926785613343,-615.7069413910309,480.2387003116672,1.2820852234346107,,,,
fwfix,air,gluc075,7.5,5,sym,-2125.5240606963634,0.7318835662680294,1789.0464002663841,2.219116004362629,143.3932023446569,-425.10481213927267,357.80928005327684,1.188076541994595,,,,
fwfix,air,gluc075,7.5,7,sym,-3148.585617184639,1.7080917631706762,2613.3765957737696,5.121227387543488,149.64195028283743,-449.79794531209126,373.3395136819671,1.2047959801417003,,,,
fwfix,air,gluc075,7.5,9,sym,-3740.665415212512,2.8750443912009436,3103.8411465895197,13.854416382391367,138.2382298479057,-415.629490579168,344.87123850994664,1.2051729578115589,,,,
fwfix,air,gluc075,7.5,1,sym_lin,-746.6827005092055,0.5699340940658046,773.8690133136349,1.1399598303758305,309.5947790809029,-746.6827005092055,773.8690133136349,0.9648696196168649,,,,
fwfix,air,gluc075,7.5,3,sym_lin,-1679.614141575992,0.9405778488820926,1225.7376503486648,0.7006035377592041,163.69669323595596,-559.8713805253307,408.5792167828883,1.3702884472041963,,,,
fwfix,air,gluc075,7.5,5,sym_lin,-1981.7202759422362,0.7486689209865836,1683.1439052389778,0.4803083926877177,134.9041630342812,-396.3440551884472,336.62878104779554,1.177392063610191,,,,
fwfix,air,gluc075,7.5,7,sym_lin,-2743.395728521049,1.8645770378594264,1925.027738283213,2.390349283002752,110.22573904849935,-391.913675503007,275.0039626118876,1.4251201029278033,,,,
fwfix,air,gluc075,7.5,9,sym_lin,-3183.465115815401,2.39553592539655,2421.571611942152,1.9246166360883803,107.84995500582278,-353.71834620171126,269.06351243801686,1.3146276988530579,,,,
fwfix,air,gluc075,7.5,1,psl,-765.8185231434181,0.6647888983743668,774.6902453931825,1.100447051835331,309.92403767906364,-765.8185231434181,774.6902453931825,0.9885480392937416,,,,
fwfix,air,gluc075,7.5,3,psl,-1405.2089335769415,0.8498392925824132,1233.7312844674586,0.5152444168478065,164.7609421067792,-468.4029778589805,411.24376148915286,1.138991084418761,,,,
fwfix,air,gluc075,7.5,5,psl,-1720.5397924035788,0.9820214612798986,1686.6004795927981,0.8454906983606529,135.17964145878926,-344.10795848071575,337.3200959185596,1.0201229118700208,,,,
fwfix,air,gluc075,7.5,7,psl,-2146.81535089761,1.9608512913118428,1901.0646866961722,0.27294756571083495,108.8515770060172,-306.68790727108717,271.5806695280246,1.1292700169127459,,,,
fwfix,air,gluc075,7.5,9,psl,-2434.2066921144724,2.2920483607090882,2263.867686074819,1.3639048095408415,100.82439530387965,-270.4674102349414,251.54085400831323,1.0752424742344344,,,,
fwfix,air,gluc075,7.5,1,circle,-778.5159148247913,0.6115553973817762,796.3808115847125,0.5621931937300668,318.60198843200084,-778.5159148247913,796.3808115847125,0.9775673942666047,,,,
fwfix,air,gluc075,7.5,3,circle,-1372.129294110462,0.582152572355406,1519.7609534435817,0.7866599344450597,202.95862732499222,-457.376431370154,506.5869844811939,0.9028586311560345,,,,
fwfix,air,gluc075,7.5,5,circle,-1823.0466446876526,1.2347279090683385,1580.5597084023657,0.4514172384070829,126.68109337651262,-364.6093289375305,316.11194168047314,1.1534183966579747,,,,
fwfix,air,gluc075,7.5,7,circle,-2039.8307829648256,1.83334077202585,1925.0522407024043,0.7520961848581633,110.22468906855127,-291.40439756640365,275.0074629574863,1.0596235986928548,,,,
fwfix,air,gluc075,7.5,9,circle,-2372.698179408908,2.4156448899149763,2275.5918230292095,0.6256724167897543,101.34638052562916,-263.6331310454342,252.84353589213438,1.0426730116521656,,,,
fwfix,air,gluc10,10.0,1,mag_argmax,-838.6666666669771,7.895146188198347,823.5618224299203,0.4279103462115603,329.48485184793276,-838.6666666669771,823.5618224299203,1.018340874753628,,,,
fwfix,air,gluc10,10.0,3,mag_argmax,-1937.0,1.2909944484953393,1588.8067704833422,2.2629814088937796,212.18870705796115,-645.6666666666666,529.6022568277807,1.2191539185163036,,,,
fwfix,air,gluc10,10.0,5,mag_argmax,-2929.333333335817,2.160246898894462,,,,-585.8666666671634,,,,,,
fwfix,air,gluc10,10.0,7,mag_argmax,-3827.6666666716337,4.96655480739616,,,,-546.8095238102334,,,,,,
fwfix,air,gluc10,10.0,9,mag_argmax,-4876.333333328366,3.109126350929757,,,,-541.814814814263,,,,,,
fwfix,air,gluc10,10.0,1,argmax_hh,-802.0,2.943920288868219,793.0007229284383,0.9086069864145193,317.25154285331354,-802.0,793.0007229284383,1.0113483844482873,,,,
fwfix,air,gluc10,10.0,3,argmax_hh,-1655.6666666679084,1.632993161950505,1240.483248017418,0.8317168562088424,165.66559950476565,-551.8888888893028,413.494416005806,1.3346949016151977,,,,
fwfix,air,gluc10,10.0,5,argmax_hh,-1999.6666666679084,3.0550504632530857,1648.8148880669225,1.5755483520449127,132.15275931181725,-399.9333333335817,329.7629776133845,1.2127902781205027,,,,
fwfix,air,gluc10,10.0,7,argmax_hh,-2641.666666664183,7.234178137211973,1929.5777656945088,0.9390293549576062,110.48591040713708,-377.3809523805976,275.65396652778696,1.3690387159459074,,,,
fwfix,air,gluc10,10.0,9,argmax_hh,-3141.666666664183,2.309401076892928,2246.032021610687,2.656817436731759,100.03183489124777,-349.0740740737981,249.55911351229855,1.3987630792597576,,,,
fwfix,air,gluc10,10.0,1,midpoint,-764.7231602808461,0.7094834047309201,793.0007229284383,0.9086069864145193,317.24978014793845,-764.7231602808461,793.0007229284383,0.9643410632172348,,,,
fwfix,air,gluc10,10.0,3,midpoint,-1922.19510198012,0.6845776467465651,1240.483248017418,0.8317168562088424,165.6688281792997,-640.73170066004,413.494416005806,1.5495534543108396,,,,
fwfix,air,gluc10,10.0,5,midpoint,-2173.069015610963,0.9387939108135724,1648.8148880669225,1.5755483520449127,132.15381070621152,-434.6138031221926,329.7629776133845,1.3179581475993818,,,,
fwfix,air,gluc10,10.0,7,midpoint,-3139.7876778542995,3.104488655274862,1929.5777656945088,0.9390293549576062,110.48766912121549,-448.5410968363285,275.65396652778696,1.6271889807582864,,,,
fwfix,air,gluc10,10.0,9,midpoint,-3678.845050908625,3.147137597259973,2246.032021610687,2.656817436731759,100.03321612061039,-408.76056121206943,249.55911351229855,1.6379308110978896,,,,
fwfix,air,gluc10,10.0,1,sym,-762.326276704669,0.4232650279055116,807.9574756168956,1.037972729451589,323.2335524015674,-762.326276704669,807.9574756168956,0.9435227715698947,,,,
fwfix,air,gluc10,10.0,3,sym,-1933.661644347012,1.1267762810109985,1510.1505035683485,2.525618543860352,201.68347517116322,-644.553881449004,503.38350118944953,1.2804430020570434,,,,
fwfix,air,gluc10,10.0,5,sym,-2194.8972120285034,0.8303606326061975,1850.4016496759293,1.5668907677161998,148.31127589030433,-438.9794424057007,370.0803299351859,1.1861733977663214,,,,
fwfix,air,gluc10,10.0,7,sym,-3251.7444194555283,1.8809610705632591,2695.144720048946,4.16058603662001,154.32445001842527,-464.5349170650755,385.0206742927066,1.2065194107262907,,,,
fwfix,air,gluc10,10.0,9,sym,-3856.0632741600275,3.5369994131703666,3118.476898457071,6.6249336297632935,138.89044896521932,-428.4514749066697,346.49743316189677,1.2365213531220616,,,,
fwfix,air,gluc10,10.0,1,sym_lin,-773.9296694938093,0.4782738134209443,810.0861506139785,1.139160322571393,324.0855365935664,-773.9296694938093,810.0861506139785,0.9553671160866465,,,,
fwfix,air,gluc10,10.0,3,sym_lin,-1751.597079033032,0.6683952266991166,1271.3710382491954,0.8394842468514314,169.79183152886904,-583.8656930110106,423.7903460830651,1.3777229670459976,,,,
fwfix,air,gluc10,10.0,5,sym_lin,-2045.2780709005892,0.9669389976104656,1737.1778569065584,0.6979672634513777,139.2353446362578,-409.05561418011786,347.43557138131166,1.1773567471914899,,,,
fwfix,air,gluc10,10.0,7,sym_lin,-2834.4937170669436,1.8860373266547767,2017.4383401465427,1.5784507497392408,115.51739991204077,-404.92767386670624,288.20547716379184,1.4049964554857481,,,,
fwfix,air,gluc10,10.0,9,sym_lin,-3293.4602157846093,2.6609305108426025,2560.0472117505615,1.5065685870252807,114.01753589438093,-365.9400239760677,284.44969019450684,1.2864841713339106,,,,
fwfix,air,gluc10,10.0,1,psl,-795.0135385161266,0.5744825655810736,810.944597298623,1.085322201773801,324.4298551126647,-795.0135385161266,810.944597298623,0.9803549356693847,,,,
fwfix,air,gluc10,10.0,3,psl,-1457.0120639801025,0.5954404614453362,1278.7377181141578,0.8203834669788214,170.77200106772702,-485.6706879933675,426.2459060380526,1.13941431721343,,,,
fwfix,air,gluc10,10.0,5,psl,-1773.961559407413,1.3555479651096047,1740.6429694763747,0.8415456282135714,139.5114008826889,-354.7923118814826,348.12859389527495,1.0191415416689737,,,,
fwfix,air,gluc10,10.0,7,psl,-2225.0372736006975,2.0143658654983048,1983.5739835105874,2.1685157861004853,113.57616426242552,-317.8624676572425,283.3677119300839,1.1217314262525069,,,,
fwfix,air,gluc10,10.0,9,psl,-2529.0072890520096,3.5450733306702125,2368.6559892827904,1.1680363597797172,105.49150367522499,-281.0008098946677,263.18399880919895,1.0676971668721604,,,,
fwfix,air,gluc10,10.0,1,circle,-809.8179491013288,0.5923409470270126,833.4770717378815,0.6743819118483019,333.44484875649397,-809.8179491013288,833.4770717378815,0.9716139490349494,,,,
fwfix,air,gluc10,10.0,3,circle,-1422.0453315004706,0.8846443778145541,1591.916580555667,1.1780925717379351,212.59545430185955,-474.0151105001569,530.6388601852224,0.8932913626693292,,,,
fwfix,air,gluc10,10.0,5,circle,-1876.9950710833073,1.4661269349938293,1635.1079105557346,0.8098066101789693,131.05338672994586,-375.39901421666144,327.0215821111469,1.147933453789824,,,,
fwfix,air,gluc10,10.0,7,circle,-2109.0500212982297,1.9856966308097495,1997.7125702670648,0.6966867472461867,114.38530143906073,-301.2928601854614,285.38751003815213,1.0557324675672841,,,,
fwfix,air,gluc10,10.0,9,circle,-2458.8579459786415,3.2465157239956874,2367.8777822535903,0.6723785274834881,105.45665419834963,-273.20643844207126,263.09753136151005,1.0384226603277058,,,,
fwfix,water,gluc05,5.0,1,mag_argmax,-20.333333333022892,3.0550504632530857,25.862630738255916,1.178403198380989,10.347944840578066,-20.333333333022892,25.862630738255916,0.7862051443570237,,,,
fwfix,water,gluc05,5.0,3,mag_argmax,-60.666666666045785,3.0550504632530857,74.25568227407825,1.6994234501894108,9.917627513339141,-20.22222222201526,24.751894091359418,0.8169969598033546,,,,
fwfix,water,gluc05,5.0,5,mag_argmax,-174.0,7.615773105863909,,,,-34.8,,,,,,
fwfix,water,gluc05,5.0,7,mag_argmax,-180.33333333581686,8.906926144273463,,,,-25.76190476225955,,,,,,
fwfix,water,gluc05,5.0,9,mag_argmax,-224.66666667163372,13.403979509677269,,,,-24.962962963514858,,,,,,
fwfix,water,gluc05,5.0,1,argmax_hh,-18.333333333022892,2.7080128014450118,26.401250538261024,1.4714166605243417,10.56304652451314,-18.333333333022892,26.401250538261024,0.6944115509397555,,,,
fwfix,water,gluc05,5.0,3,argmax_hh,-50.333333333954215,3.3665016462820683,43.354891274124384,1.402946405003013,5.79045844363722,-16.77777777798474,14.451630424708128,1.1609608940247715,,,,
fwfix,water,gluc05,5.0,5,argmax_hh,-75.0,5.8022983951229,56.335724949216,2.6248435953933904,4.515657984193524,-15.0,11.2671449898432,1.3313044265891485,,,,
fwfix,water,gluc05,5.0,7,argmax_hh,-94.33333333581686,4.396968652828243,98.36999195193243,2.489909045638922,5.63280892034399,-13.476190476545266,14.052855993133205,0.9589645324146407,,,,
fwfix,water,gluc05,5.0,9,argmax_hh,-162.66666666418314,36.460023770521495,139.766358638803,4.437928114822929,6.225072406117675,-18.074074073798126,15.529595404311445,1.1638470676950323,,,,
fwfix,water,gluc05,5.0,1,midpoint,-14.00212564598769,1.0577945387211225,26.401250538261024,1.4714166605243417,10.562724769977422,-14.00212564598769,26.401250538261024,0.5303584247153609,,,,
fwfix,water,gluc05,5.0,3,midpoint,-68.82342053204775,4.022219814859329,43.354891274124384,1.402946405003013,5.790753854268871,-22.94114017734925,14.451630424708128,1.5874430429750337,,,,
fwfix,water,gluc05,5.0,5,midpoint,-85.68431551754475,4.575996404661216,56.335724949216,2.6248435953933904,4.51574435777448,-17.13686310350895,11.2671449898432,1.5209587805035814,,,,
fwfix,water,gluc05,5.0,7,midpoint,-128.89912865310907,7.813524874251283,98.36999195193243,2.489909045638922,5.632990617388003,-18.41416123615844,14.052855993133205,1.3103500985960679,,,,
fwfix,water,gluc05,5.0,9,midpoint,-161.25746124982834,6.198274606376907,139.766358638803,4.437928114822929,6.225150976802524,-17.91749569442537,15.529595404311445,1.153764488252603,,,,
fwfix,water,gluc05,5.0,1,sym,-13.986215743236244,1.449559353557061,26.178418288327066,1.748133379511606,10.473598391152052,-13.986215743236244,26.178418288327066,0.534265118281523,,,,
fwfix,water,gluc05,5.0,3,sym,-70.19464116357267,4.204274723929548,65.14425821442933,2.884779604537224,8.700854430797989,-23.39821372119089,21.71475273814311,1.077526141022582,,,,
fwfix,water,gluc05,5.0,5,sym,-88.83792267739773,3.8752297705078727,70.08111013604798,1.2951413666129845,5.6175058357988235,-17.767584535479546,14.016222027209597,1.267644341034799,,,,
fwfix,water,gluc05,5.0,7,sym,-131.8873760253191,6.003112162732183,137.6264604586213,1.5285675458345014,7.8809762317980585,-18.841053717902728,19.660922922660184,0.9582995565374748,,,,
fwfix,water,gluc05,5.0,9,sym,-159.48385601490736,7.161288783304248,61.64854388894673,13.195277822948622,2.746177723811684,-17.72042844610082,6.849838209882971,2.586984962730028,,,,
fwfix,water,gluc05,5.0,1,sym_lin,-14.826617156155407,1.353620516625227,26.01601024638603,1.7364833524206695,10.40869370809088,-14.826617156155407,26.01601024638603,0.5699035715215026,,,,
fwfix,water,gluc05,5.0,3,sym_lin,-57.994166631251574,3.5948728126678,43.72295504425006,1.6569150768805774,5.839742031227985,-19.331388877083857,14.574318348083352,1.3264008933650129,,,,
fwfix,water,gluc05,5.0,5,sym_lin,-83.54500266164541,4.17194614435696,63.20046219415735,0.9177420258952972,5.065933923910109,-16.709000532329082,12.64009243883147,1.3219049317232499,,,,
fwfix,water,gluc05,5.0,7,sym_lin,-118.87067652493715,5.939566218621487,114.82623844212253,0.5965697552108067,6.5751828820390585,-16.981525217848166,16.403748348874647,1.0352222465673924,,,,
fwfix,water,gluc05,5.0,9,sym_lin,-149.51213670521975,8.157445034015005,225.7226027036404,2.534793189273618,10.053310884367093,-16.612459633913303,25.080289189293378,0.6623711356966754,,,,
fwfix,water,gluc05,5.0,1,psl,-16.579753207042813,1.2231356420017663,26.086512490727728,1.7386249088582426,10.437030096048943,-16.579753207042813,26.086512490727728,0.6355680243932942,,,,
fwfix,water,gluc05,5.0,3,psl,-40.152746794745326,2.9008337555733803,44.31176609265799,1.944021739665742,5.918083867735589,-13.384248931581775,14.770588697552663,0.9061418746159664,,,,
fwfix,water,gluc05,5.0,5,psl,-73.70680695772171,4.416564834026854,62.917904899586574,0.7656687769089554,5.043182248287451,-14.741361391544341,12.583580979917315,1.1714758632753843,,,,
fwfix,water,gluc05,5.0,7,psl,-98.62848472595215,5.296747405911611,118.904957831621,0.3155589578967611,6.8085412723332155,-14.089783532278878,16.986422547374428,0.8294732744922043,,,,
fwfix,water,gluc05,5.0,9,psl,-127.96932020038366,7.603501018691054,174.71746890045597,4.526288819669086,7.781507183841086,-14.218813355598185,19.413052100050663,0.7324357490165638,,,,
fwfix,water,gluc05,5.0,1,circle,-17.35616884753108,1.2056728595458812,28.052808557211392,1.6000490110634453,11.223739936671734,-17.35616884753108,28.052808557211392,0.61869629959277,,,,
fwfix,water,gluc05,5.0,3,circle,-41.56655823625624,2.8146195955409627,71.79866514667856,2.968693218584468,9.588924244546774,-13.855519412085414,23.932888382226185,0.5789321869889824,,,,
fwfix,water,gluc05,5.0,5,circle,-75.10404474288225,4.681564458698133,65.92373496475966,0.9590728318933669,5.284096725442311,-15.02080894857645,13.184746992951933,1.1392565178995098,,,,
fwfix,water,gluc05,5.0,7,circle,-88.83424077928066,5.3258480383953195,110.19460695634643,0.6675940745605438,6.309763043309005,-12.690605825611524,15.74208670804949,0.8061577896863167,,,,
fwfix,water,gluc05,5.0,9,circle,-99.10303975641727,7.201229196419898,160.0885909861181,1.177615362592436,7.129927079220806,-11.011448861824142,17.78762122067979,0.6190512337322707,,,,
fwfix,water,gluc075,7.5,1,mag_argmax,-49.66666666697711,7.023769168562968,57.47086322059238,1.0559427148158966,22.99523640832018,-49.66666666697711,57.47086322059238,0.8642060321304005,,,,
fwfix,water,gluc075,7.5,3,mag_argmax,-127.0,3.1622776601683795,149.99583934402722,2.1475472130406006,20.033669632992,-42.333333333333336,49.99861311467574,0.8466901519095843,,,,
fwfix,water,gluc075,7.5,5,mag_argmax,-298.66666666790843,6.952217871582723,,,,-59.73333333358168,,,,,,
fwfix,water,gluc075,7.5,7,mag_argmax,-313.0,8.582928793562196,,,,-44.714285714285715,,,,,,
fwfix,water,gluc075,7.5,9,mag_argmax,-365.6666666716337,13.063945295746617,,,,-40.629629630181526,,,,,,
fwfix,water,gluc075,7.5,1,argmax_hh,-45.666666666045785,3.958114028963619,57.951628124186186,1.4200306415700594,23.18672021839768,-45.666666666045785,57.951628124186186,0.7880135234196595,,,,
fwfix,water,gluc075,7.5,3,argmax_hh,-114.66666666790843,4.966554808896311,81.14757824720209,1.427267709944725,10.838292005149441,-38.22222222263614,27.049192749067362,1.4130633241893704,,,,
fwfix,water,gluc075,7.5,5,argmax_hh,-138.0,6.976149845040446,101.37090796232224,2.0669560970024943,8.125543296758366,-27.6,20.274181592464448,1.3613373183092348,,,,
fwfix,water,gluc075,7.5,7,argmax_hh,-177.33333333581686,13.316656236982098,162.06319522609306,2.6612450167812103,9.280061419245385,-25.333333333688124,23.15188503229901,1.0942233558237608,,,,
fwfix,water,gluc075,7.5,9,argmax_hh,-275.0,35.84689665786984,211.4237150674062,6.03960005080256,9.416713051024146,-30.555555555555557,23.491523896378467,1.3007055519402086,,,,
fwfix,water,gluc075,7.5,1,midpoint,-37.56990899704397,1.1208236509468887,57.951628124186186,1.4200306415700594,23.186088146228542,-37.56990899704397,57.951628124186186,0.6482977305923889,,,,
fwfix,water,gluc075,7.5,3,midpoint,-142.78829970769584,4.036646258060845,81.14757824720209,1.427267709944725,10.838784100484844,-47.59609990256528,27.049192749067362,1.759612582309184,,,,
fwfix,water,gluc075,7.5,5,midpoint,-151.7648567482829,4.470471090367431,101.37090796232224,2.0669560970024943,8.125672144942513,-30.35297134965658,20.274181592464448,1.4971243702847292,,,,
fwfix,water,gluc075,7.5,7,midpoint,-223.35000481456518,7.484697316783162,162.06319522609306,2.6612450167812103,9.280331439937441,-31.907143544937885,23.15188503229901,1.3781661191053982,,,,
fwfix,water,gluc075,7.5,9,midpoint,-267.4844681993127,6.3125425311077645,211.4237150674062,6.03960005080256,9.416819361896287,-29.720496466590298,23.491523896378467,1.2651583012531644,,,,
fwfix,water,gluc075,7.5,1,sym,-37.32106877397746,1.440869390461839,57.945635721570284,1.7520454342693494,23.183724965173496,-37.32106877397746,57.945635721570284,0.6440703999401404,,,,
fwfix,water,gluc075,7.5,3,sym,-151.0653457045555,4.268225696001443,132.10282149008844,2.963964466540604,17.644234488144065,-50.35511523485184,44.034273830029484,1.1435436730311608,,,,
fwfix,water,gluc075,7.5,5,sym,-156.55818892642856,3.859523975882215,126.86495968896566,2.274329550923307,10.169144218517403,-31.31163778528571,25.37299193779313,1.2340538262910552,,,,
fwfix,water,gluc075,7.5,7,sym,-231.73891935497522,5.98631084001813,234.824783302181,5.1971681499461555,13.446960773610357,-33.1055599078536,33.54639761459729,0.9868588659859008,,,,
fwfix,water,gluc075,7.5,9,sym,-263.0230441763997,7.111888859239151,80.54127593850035,16.89001104403971,3.587950070404304,-29.224782686266636,8.949030659833372,3.2656925422591847,,,,
fwfix,water,gluc075,7.5,1,sym_lin,-39.16298290155828,1.3499601234975276,57.584192951537716,1.770581443832237,23.039279906510103,-39.16298290155828,57.584192951537716,0.6800995359007195,,,,
fwfix,water,gluc075,7.5,3,sym_lin,-125.17150791920722,3.6723330328920234,87.14341942113401,1.7884745637561683,11.639236749729719,-41.72383597306907,29.047806473711336,1.436385085077929,,,,
fwfix,water,gluc075,7.5,5,sym_lin,-145.5920720770955,4.149243821459791,115.21974859726424,0.9727392167625752,9.23561051410681,-29.118414415419103,23.043949719452847,1.2636034520956456,,,,
fwfix,water,gluc075,7.5,7,sym_lin,-207.56376057863235,5.941388976511086,195.40362420865313,2.3836352179689717,11.18925137111492,-29.65196579694748,27.91480345837902,1.0622308640345102,,,,
fwfix,water,gluc075,7.5,9,sym_lin,-247.0813257023692,8.168949744192146,352.1399312005924,2.327039006986569,15.683793755288093,-27.45348063359658,39.126659022288045,0.7016566535353306,,,,
fwfix,water,gluc075,7.5,1,psl,-43.029501244425774,1.241793375742044,57.72567302069979,1.7604967984682625,23.096180307270913,-43.029501244425774,57.72567302069979,0.7454135914360993,,,,
fwfix,water,gluc075,7.5,3,psl,-88.37388779781759,2.9723807604742274,87.51802769924711,1.997288255889021,11.688656014150126,-29.45796259927253,29.172675899749038,1.0097792434435522,,,,
fwfix,water,gluc075,7.5,5,psl,-125.44203688204288,4.421962895939591,113.9616174847688,1.015454093875469,9.134565543203394,-25.088407376408576,22.79232349695376,1.1007393511136192,,,,
fwfix,water,gluc075,7.5,7,psl,-171.21922349184752,5.286626804092225,199.18216077723423,0.2400748792493776,11.405284626989868,-24.45988907026393,28.454594396747748,0.8596112363864727,,,,
fwfix,water,gluc075,7.5,9,psl,-212.3404769450426,7.58593866165063,274.68696987874364,4.663910261130314,12.233961347276562,-23.593386327226956,30.520774430971514,0.7730271189739254,,,,
fwfix,water,gluc075,7.5,1,circle,-45.2026609480381,1.2035871139451564,61.39946232938678,1.6241270296675319,24.566138304557796,-45.2026609480381,61.39946232938678,0.7362061365544462,,,,
fwfix,water,gluc075,7.5,3,circle,-89.2947821393609,2.798925631767702,140.8101957018389,3.0144059843539655,18.805777547062632,-29.76492737978697,46.93673190061296,0.6341499753926894,,,,
fwfix,water,gluc075,7.5,5,circle,-128.84277971833944,4.74101824607214,117.46014434568247,0.6254421055617523,9.414977630214068,-25.768555943667888,23.492028869136494,1.0969063628864455,,,,
fwfix,water,gluc075,7.5,7,circle,-153.94055542349815,5.280950864704216,182.25337103909715,0.7955997409227391,10.435901484987255,-21.991507917642593,26.036195862728164,0.8446513474391357,,,,
fwfix,water,gluc075,7.5,9,circle,-171.53851735591888,7.243133943598096,253.52332825117082,1.2172941537617668,11.291315390239845,-19.059835261768765,28.169258694574538,0.6766182762714921,,,,
fwfix,water,gluc10,10.0,1,mag_argmax,-70.0,8.246211251235321,89.301607376275,0.7541433019298788,35.73097039752821,-70.0,89.301607376275,0.7838604707869692,,,,
fwfix,water,gluc10,10.0,3,mag_argmax,-195.66666666604578,3.2145502536160317,230.0105731310323,2.774348335179237,30.72071062826336,-65.22222222201526,76.67019104367743,0.8506855315497975,,,,
fwfix,water,gluc10,10.0,5,mag_argmax,-406.66666666790843,6.582805885878775,,,,-81.33333333358169,,,,,,
fwfix,water,gluc10,10.0,7,mag_argmax,-440.6666666716337,9.626352718666771,,,,-62.95238095309053,,,,,,
fwfix,water,gluc10,10.0,9,mag_argmax,-521.0,13.253930235393282,,,,-57.888888888888886,,,,,,
fwfix,water,gluc10,10.0,1,argmax_hh,-73.0,3.829708431005087,91.04990012090036,1.5388406328521251,36.42977603427988,-73.0,91.04990012090036,0.8017581557263341,,,,
fwfix,water,gluc10,10.0,3,argmax_hh,-187.66666666790843,3.5590260842503096,121.5725973679996,1.6213095394544714,16.237813031283025,-62.55555555596948,40.52419912266654,1.5436592680490524,,,,
fwfix,water,gluc10,10.0,5,argmax_hh,-195.33333333209157,5.7735026916274075,148.17309333818662,1.8906458006067288,11.87704058522769,-39.066666666418314,29.634618667637323,1.3182780282940276,,,,
fwfix,water,gluc10,10.0,7,argmax_hh,-251.0,7.461009761075903,230.0603831696012,2.54563637417406,13.173741443670508,-35.857142857142854,32.86576902422875,1.0910179168699465,,,,
fwfix,water,gluc10,10.0,9,argmax_hh,-393.66666666418314,35.71180943797099,287.54988859842206,3.430198655264944,12.80741205024512,-43.740740740464794,31.949987622046894,1.3690377992597957,,,,
fwfix,water,gluc10,10.0,1,midpoint,-65.09865936730057,1.0530509925731861,91.04990012090036,1.5388406328521251,36.429097666688676,-65.09865936730057,91.04990012090036,0.7149778229395034,,,,
fwfix,water,gluc10,10.0,3,midpoint,-222.4772537369281,4.049771676075113,121.5725973679996,1.6213095394544714,16.238481000684715,-74.15908457897604,40.52419912266654,1.829995069230039,,,,
fwfix,water,gluc10,10.0,5,midpoint,-217.8917612656951,4.51570212827831,148.17309333818662,1.8906458006067288,11.877245410118093,-43.578352253139016,29.634618667637323,1.4705217820376086,,,,
fwfix,water,gluc10,10.0,7,midpoint,-321.9216598123312,7.932847172251162,230.0603831696012,2.54563637417406,13.17415075698321,-45.98880854461874,32.86576902422875,1.3992920266285465,,,,
fwfix,water,gluc10,10.0,9,midpoint,-387.49272129684687,5.0437878641391025,287.54988859842206,3.430198655264944,12.807565509256392,-43.05474681076076,31.949987622046894,1.3475669324219424,,,,
fwfix,water,gluc10,10.0,1,sym,-63.58806587103754,1.4116180989768103,94.29543631309116,1.7369989912095376,37.7274654979646,-63.58806587103754,94.29543631309116,0.6743493466630212,,,,
fwfix,water,gluc10,10.0,3,sym,-237.6061658784747,4.303408685661007,201.5372241234354,3.7333590801488628,26.918441803173863,-79.20205529282491,67.17907470781181,1.1789691304517929,,,,
fwfix,water,gluc10,10.0,5,sym,-225.93134025856853,3.8794033750073753,188.22020909851085,1.6441550241199618,15.08721776416482,-45.186268051713704,37.64404181970217,1.2003564406854972,,,,
fwfix,water,gluc10,10.0,7,sym,-334.8977216258645,6.037909783267844,316.59290757735744,4.253711672411124,18.129460509198196,-47.842531660837786,45.22755822533678,1.0578181431434448,,,,
fwfix,water,gluc10,10.0,9,sym,-378.4209031239152,7.404285768631669,95.17702780605168,11.713981618983262,4.240169187717925,-42.04676701376835,10.57522531178352,3.9759689060163517,,,,
fwfix,water,gluc10,10.0,1,sym_lin,-66.40995188616216,1.3138924248427124,93.80133025188127,1.7700667995568748,37.530037419173595,-66.40995188616216,93.80133025188127,0.7079851821699539,,,,
fwfix,water,gluc10,10.0,3,sym_lin,-197.15444537624717,3.6122147491167276,132.7768073216646,1.8473033721600303,17.734375042642796,-65.71814845874906,44.2589357738882,1.4848560479287738,,,,
fwfix,water,gluc10,10.0,5,sym_lin,-209.14986703544855,4.194125673101722,169.25370026484484,1.0966693816239306,13.566792116083406,-41.82997340708971,33.850740052968966,1.2357181361953977,,,,
fwfix,water,gluc10,10.0,7,sym_lin,-298.661749124527,5.948158726667431,287.81422607198283,1.5682646227415156,16.480912234656344,-42.66596416064671,41.11631801028326,1.0376893220345236,,,,
fwfix,water,gluc10,10.0,9,sym_lin,-357.07642567157745,8.250678683405656,490.6155310090021,1.9951717348489666,21.851374643846228,-39.67515840795305,54.51283677877801,0.7278131308587245,,,,
fwfix,water,gluc10,10.0,1,psl,-72.22451661713421,1.195883241287221,93.98002492614023,1.7510823924610346,37.60199774087198,-72.22451661713421,93.98002492614023,0.7685092302741581,,,,
fwfix,water,gluc10,10.0,3,psl,-140.17701820097864,2.909874551444891,132.5244613459463,2.096833946909378,17.699714975097947,-46.72567273365954,44.17482044864877,1.0577444856391898,,,,
fwfix,water,gluc10,10.0,5,psl,-178.86380388587713,4.5196128139880445,168.00410736834533,1.0121716949803723,13.46632496710302,-35.77276077717543,33.600821473669065,1.064639470353675,,,,
fwfix,water,gluc10,10.0,7,psl,-249.44114619493484,5.306708492011954,281.6914575916494,2.164623821495582,16.129871883398195,-35.63444945641926,40.24163679880706,0.8855119297104642,,,,
fwfix,water,gluc10,10.0,9,psl,-307.1410738825798,8.053603206660092,379.4752730867149,4.610437238717761,16.901069718621898,-34.12678598695331,42.16391923185721,0.8093836296216176,,,,
fwfix,water,gluc10,10.0,1,circle,-76.5046952245757,1.193938748141171,98.49572248255572,1.6662888058342222,39.40899862905093,-76.5046952245757,98.49572248255572,0.7767311442192346,,,,
fwfix,water,gluc10,10.0,3,circle,-139.21081952936947,2.877095540621672,212.9658228139242,3.139380781879127,28.44260452392996,-46.403606509789824,70.9886076046414,0.653676809217425,,,,
fwfix,water,gluc10,10.0,5,circle,-182.79120611399412,4.806477836178076,172.0083464990514,0.9182521713385675,13.787270983647304,-36.55824122279883,34.40166929981028,1.0626880022650655,,,,
fwfix,water,gluc10,10.0,7,circle,-223.15979375690222,5.335756249929062,254.91370060375766,0.7434397758168426,14.59651385549671,-31.879970536700316,36.416242943393954,0.87543271792906,,,,
fwfix,water,gluc10,10.0,9,circle,-257.6982839256525,7.560920144855507,345.8092874755516,1.2419468458319414,15.401589062960312,-28.633142658405834,38.42325416395018,0.745203478503658,,,,
