variant,estimator,n,k_df,b_df,r2_df,k0_df,k_dG,b_dG,r2_dG,k0_dG,k_dD,b_dD,r2_dD,k0_dD,resid5_df,resid5_dG,resid5_dD,rhoeta_rel_05,rhoeta_rel_075,rhoeta_rel_10,rhoeta_relG_05,rhoeta_relG_075,rhoeta_relG_10,drift_needed_Hz_per_min,drift_measured_max_abs
fwfix,mag_argmax,1,-7.070476190490382,4.771428571508412,0.9492036549186147,-6.478160919544512,8.81898526351367,-6.44801677348358,0.9460522065488329,8.01854180197778,3.5286235104809136,-2.579969334848528,0.9460518348103841,3.208351455120407,10.247619047920605,-11.784278805828848,-4.715203376977975,1.053605211036535,1.1334030761045466,1.1904267234537251,1.071686048355886,1.1626671215529931,1.2580341129569086,,
fwfix,mag_argmax,3,-19.314285714243137,12.809523809594785,0.9551442736075691,-17.7241379309831,22.694923973431187,-14.09342366326604,0.9603911346036202,20.94539551868093,3.0311812089540613,-1.8823923567179717,0.960389277179419,2.797504916395969,23.095238095575127,-25.125513929811646,-3.355886174713193,1.0708921774626576,1.1511844042339074,1.2373581247689982,1.1122826952465619,1.2329632179886179,1.3672046225253076,,
fwfix,mag_argmax,5,-40.7847619049038,9.580952381129785,0.9936452993310324,-39.59540229897047,,,,,,,,,20.34285714338924,,,1.142706759628764,1.2508034273617508,1.3483972238744844,,,,,
fwfix,mag_argmax,7,-43.923809524178495,13.571428571641446,0.9898808562031398,-42.23908046011267,,,,,,,,,25.71428571343418,,,1.109320376929559,1.193364336398336,1.2771379994793426,,,,,
fwfix,mag_argmax,9,-51.64952380963734,12.69523809339323,0.9933652783554948,-50.07356321873336,,,,,,,,,20.8857142831597,,,1.1058294653534495,1.174965737538982,1.253556670184381,,,,,
fwfix,argmax_hh,1,-7.196190476172736,6.228571428704474,0.9260032204749278,-6.422988505712871,8.969176396349715,-6.6009225336302695,0.9453003591433258,8.14975153010596,3.5886348156644465,-2.641185143814842,0.9452961810956644,3.26076355643226,11.419047619136318,-11.843708909857284,-4.738942409994252,1.0509296631435043,1.1292099112478762,1.2103018020815104,1.0766371139725794,1.1719317372925802,1.27624422991365,-2.6737729411710087,0.5370143254980116
fwfix,argmax_hh,3,-18.369523809658627,15.161904761887047,0.931666099027095,-16.4873563219761,12.012526000496903,-6.051692030463584,0.9735032581925097,11.26128147257729,1.6044469576090543,-0.8083732665335116,0.9734979672344474,1.5040971727979981,26.35238095245188,-10.65604669789655,-1.4234030778745392,1.0697496227944543,1.1623229150959378,1.2720192958942558,1.0789961846411276,1.150307159705235,1.22911067865768,-6.170416787475085,0.5583741206153372
fwfix,argmax_hh,5,-19.50095238085304,7.609523809275466,0.9837687414328602,-18.55632183901195,14.685584597772078,-6.136481800036743,0.9816734869817856,13.923814443284762,1.1771457828877188,-0.4918845621985249,0.9816731109122431,1.1160842510285918,14.895238094989736,-10.95571623960764,-0.8781863680465447,1.0848609800033748,1.1588146632918073,1.2282355677101569,1.076491508288222,1.139666637348081,1.2072291812791571,-3.4877238364380725,0.7232162914710746
fwfix,argmax_hh,7,-25.081904761961525,10.419047618125171,0.981519765320708,-23.788505747297716,22.837054581869197,-5.835039436107604,0.9929777746903443,22.112704858766193,1.3076978907781223,-0.334147689811968,0.9929769343387632,1.2662174879049126,20.657142855865587,-9.980241521305942,-0.5715328437346532,1.0804750277562702,1.1538569929746958,1.2210065115035804,1.119112491928594,1.1998099430569256,1.2890606479164557,-4.836875320263787,1.8975621360645576
fwfix,argmax_hh,9,-39.06285714268684,11.895238095521943,0.9901271779456797,-37.58620689634619,28.65547436288422,-1.502052715065954,0.9996329371612918,28.469012646531212,1.2763080125562352,-0.06693319378208808,0.9996326422298834,1.2679990643625967,20.7523809537291,-2.0089604605521174,-0.08953446288141276,1.1218931281013673,1.2101601217452842,1.3070335981320862,1.147822176820605,1.22755950326675,1.3152026026188393,-4.859175345408557,3.1446829429611864
fwfix,midpoint,1,-6.3359796218999795,6.472211870604331,0.8988812490648301,-5.5325326310663385,8.969176396349715,-6.6009225336302695,0.9453003591433258,8.14975153010596,3.5885625524060445,-2.6411867115603433,0.9452939679728738,3.260691098557175,11.20556059290788,-11.843708909857284,-4.738901280492456,1.0404280962333707,1.1102839107872713,1.1947539265740712,1.0766371139725794,1.1719317372925802,1.27624422991365,,
fwfix,midpoint,3,-21.907225768566132,14.705901454016548,0.9539490777658224,-20.081665588067523,12.012526000496903,-6.051692030463584,0.9735032581925097,11.26128147257729,1.604513890879756,-0.8083858973390224,0.9734993342698482,1.5041625381066361,26.00680685676636,-10.65604669789655,-1.4234297027908873,1.0826216987759694,1.175071306700329,1.2789137683975205,1.0789961846411276,1.150307159705235,1.22911067865768,,
fwfix,midpoint,5,-21.655458098139082,7.976718419151674,0.9857339859989612,-20.665244777140945,14.685584597772078,-6.136481800036743,0.9816734869817856,13.923814443284762,1.1771655994043393,-0.4918910184406394,0.9816732253648205,1.1161032660806742,14.61625655399898,-10.95571623960764,-0.8781926208065771,1.0895692130163148,1.1612692717911857,1.2353066138101878,1.076491508288222,1.139666637348081,1.2072291812791571,,
fwfix,midpoint,7,-31.93831433687891,11.110319824942545,0.9872070785806126,-30.55910222067915,22.837054581869197,-5.835039436107604,0.9929777746903443,22.112704858766193,1.3077378171577918,-0.33415701793541724,0.9929769326331345,1.2662562563106368,19.682123206342936,-9.980241521305942,-0.5715414504655385,1.0935795230558587,1.1648067009535135,1.2415376151382764,1.119112491928594,1.1998099430569256,1.2890606479164557,,
fwfix,midpoint,9,-38.32737134201186,11.532801112319774,0.990048167656652,-36.89571327289631,28.65547436288422,-1.502052715065954,0.9996329371612918,28.469012646531212,1.2763230362706406,-0.06693311703355595,0.9996326371018396,1.2680140976044068,18.846594347911207,-2.0089604605521174,-0.08953108751712247,1.1003890145377213,1.1691423584556142,1.2493215832780145,1.147822176820605,1.22755950326675,1.3152026026188393,,
fwfix,sym,1,-6.206782304868101,6.1893128678202745,0.9035486978554148,-5.438453810931794,9.231160492205964,-7.320405187911434,0.9364786388874057,8.322420537844547,3.693369542744236,-2.9290064643637934,0.9364734652741061,3.3297687402714895,10.858382913283986,-12.656978984791323,-5.0642428582053345,1.040433433554234,1.109677033078308,1.1902900207217821,1.0747091837796752,1.168982162740435,1.2817160241677514,,
fwfix,sym,3,-23.38565208113619,16.827754769740384,0.9474990225034655,-21.296689420064975,19.907711715655815,-12.28480244357568,0.9609235649516145,18.382701757142975,2.6589821903525857,-1.6408921402043182,0.960920458093504,2.4552852350168775,29.905864472367895,-22.109497920274052,-2.9531643807606205,1.084486875266495,1.1860704909099786,1.2998129436646513,1.1020404376392052,1.2120880604374615,1.331735011136753,,
fwfix,sym,5,-22.426926010421344,8.319595843021359,0.9855173690502568,-21.39414859542559,18.606345515662,-8.369123794717634,0.9786988962090697,17.567419803214293,1.4914337276446528,-0.6708477633809136,0.9786987868629867,1.4081560742594363,14.977111531687626,-14.581493647544377,-1.168815039043527,1.0922738850017268,1.1653481039649354,1.2426590774418094,1.086101905400296,1.1584741603490294,1.2392963091647404,,
fwfix,sym,7,-33.2298678105218,12.287002182645457,0.9855967433289321,-31.704584780952025,31.805694199879124,-6.645992039780186,0.9946540966202139,30.980674498389178,1.82132719603909,-0.3806160990682308,0.9946533391398864,1.7740783009823444,21.974960844644443,-14.756018500994116,-0.8450436493291598,1.092475938927114,1.165208934243369,1.2428124597754069,1.119070850677369,1.2071987095002907,1.2839229094615368,,
fwfix,sym,9,-37.46893255293369,10.53079478144649,0.9913445503788768,-36.1616614766162,9.671022612216182,4.942209714658653,0.9723398664678963,10.28453830093243,0.43084407773059075,0.22007630824890453,0.9723641412410892,0.45816389530631696,17.33001196831458,8.351221113207167,0.3718810269098256,1.0938226445122714,1.156985434375735,1.2294715003836385,1.041198087341786,1.0539900749402271,1.063953411309201,,
fwfix,sym_lin,1,-6.486079940018909,6.384311676637407,0.9058304302151634,-5.693544697401853,9.181095775673096,-7.293280375709926,0.9362486455904869,8.275723039378073,3.673364662236052,-2.9181734666341526,0.9362434840713089,3.3111086456883645,11.219470867301734,-12.596188256269528,-5.039956136455229,1.0423506747248419,1.113768892492281,1.1965363513032816,1.0739607210630095,1.167248755070835,1.2790600065409674,,
fwfix,sym_lin,3,-19.401159711544004,14.05149339575854,0.9468447698357411,-17.65683639344984,13.110228051094905,-7.834237340646684,0.9632278004294162,12.13770203639394,1.751069640188123,-1.0464282701580687,0.9632245754186534,1.6211681997547078,24.960138530709912,-13.993947870577784,-1.8691778995545612,1.076009249334569,1.1675342962617312,1.2697523530118529,1.0782762683198461,1.1589297051434213,1.2468283542461835,,
fwfix,sym_lin,5,-20.768917517917494,7.253425594738592,0.9871410802848412,-19.86849227167409,16.768396405160562,-7.403752014961577,0.9795868439918688,15.84930994813085,1.3440964849256474,-0.5934585891816891,0.979586868224969,1.2704257635099898,13.046159333203462,-13.23776781668387,-1.0610899115364392,1.0930715817078887,1.1648733309527024,1.2407912455108274,1.0822414982645316,1.152371198108709,1.227547955819396,,
fwfix,sym_lin,7,-29.6508897038017,10.512208026860451,0.9867505615238978,-28.34592594874316,28.412391047859614,-10.308677463520736,0.9856389368242644,27.132693155836353,1.6269595071302867,-0.5903106056552838,0.9856383996166969,1.5536795698765278,18.871563967210875,-16.927039333654818,-0.9693040479570909,1.0959501992407468,1.1704044686313138,1.2494245995939073,1.1371833082892258,1.238712501132669,1.360495398167981,,
fwfix,sym_lin,9,-35.3287636583192,10.306823558253914,0.9906329004760702,-34.0492959062601,48.74292466241315,-7.059434997765317,0.9975819395110465,47.86658100751816,2.1709450615819517,-0.31444615052312863,0.9975815119423499,2.131910367034253,16.82485802812232,-10.932585610660027,-0.4869682730195368,1.104426743646558,1.1753698727569584,1.2579958469911448,1.2300466504742362,1.369280573637248,1.53036055176869,,
fwfix,psl,1,-7.063775621099132,6.775295101531922,0.910255641204347,-6.222704505046893,9.199436354906894,-7.298776886959351,0.9364076889239447,8.293381293077458,3.6807485144213445,-2.9204083575721107,0.9364025799480871,3.3182150631365315,11.963829796920919,-12.611892396847388,-5.0463041184856685,1.046403336768508,1.1226093055991977,1.209834468753305,1.0740931643301272,1.1675104663405798,1.2793429406585874,-2.801333828416249,0.17409062654764426
fwfix,psl,3,-13.785234788634945,10.366032487686207,0.9429329478288473,-12.498416962577352,13.096154816305226,-7.577307057254077,0.9654690108157339,12.155523595404723,1.7490958742902902,-1.0120505786369696,0.965466299258516,1.6234620093560461,18.407394660743186,-13.59170093161407,-1.8153449250788913,1.0619134687303973,1.1387255152416536,1.2242314807967518,1.078813076115254,1.1585380473018445,1.244606591786368,-4.310096200918846,0.4293564530429946
fwfix,psl,5,-17.767610638737676,5.439647911489017,0.9900740725464098,-17.092344001449387,16.628522275807278,-7.314530363240787,0.9796829583906164,15.720511610025667,1.3328547331547869,-0.5862896843472128,0.9796832566800489,1.2600739447530642,9.691598324477653,-12.91017611620903,-1.034801733139271,1.0945518743373,1.16346904995236,1.2368407959282335,1.0816163349395482,1.150181643147162,1.2250713788563876,-2.2692902438957145,0.6369986901077113
fwfix,psl,7,-24.698482389875814,9.106749839867874,0.9855518175446213,-23.567989306306018,28.00550545876145,-7.586324155407041,0.9922145604500303,27.063754873952306,1.6036161804848426,-0.4344165695469232,0.9922139129603605,1.5496886063341908,15.75717738355904,-13.536245306779222,-0.7751230605440744,1.1023391554538147,1.1808454262198902,1.2684643002409002,1.1446148085216121,1.2477702621120266,1.3584312025217478,-3.6895471428622124,0.7419344040118696
fwfix,psl,9,-30.389024317860603,9.075544030964389,0.990224045320086,-29.262405058844337,37.779089741060325,-5.287451826985743,0.9978655964962118,37.12271641081383,1.6826041701524783,-0.23551389467280578,0.9978652007971373,1.6533679625379234,14.900257357954985,-8.890527977859904,-0.3959997722484996,1.1185080746458524,1.2002703929844498,1.295580347201648,1.1833825598556151,1.2952499978491767,1.4179323163455477,-3.488899098154173,1.022824116306783
fwfix,circle,1,-7.471824920784149,7.26313392437463,0.9078997178011219,-6.570194502585921,9.66417869495816,-7.374006816851193,0.9411225977713681,8.748784745280084,3.866716175775522,-2.9505592711671973,0.9411165377369934,3.5004398524582148,12.73982183201504,-12.894078100728215,-5.159281671038677,1.04789648344009,1.127083056750309,1.219539096934256,1.0777929104079622,1.1740563381529432,1.285981370531566,,
fwfix,circle,3,-13.723354570141858,9.675829480801308,0.949574794321758,-12.522217117352731,21.0444877903578,-11.981572905152243,0.9665156284331773,19.557120119373387,2.8105901721617235,-1.6002431395248555,0.966513678680431,2.611939299668983,17.374385133651728,-21.442200899958195,-2.8637834767369874,1.0658541380874589,1.1440600020258322,1.2288124742484012,1.1068462482036783,1.2146552978099152,1.3327328317279248,,
fwfix,circle,5,-18.18243128240108,5.591668319702155,0.9900122961342134,-17.488293146162196,17.034458555035968,-6.970772919703967,0.9823593530810457,16.169121227072722,1.365391234865497,-0.5587393612925018,0.9823593859487674,1.2960304865671177,10.216443349420999,-12.27778489071622,-0.9841200875926726,1.0906251333772214,1.1578817933631227,1.2274248964723327,1.092145358814299,1.167008586904967,1.2489500722134323,,
fwfix,circle,7,-22.115496934737475,7.916022767978064,0.9864154244865069,-21.13281824629882,25.382416118711408,-5.935671017951426,0.9941989955169599,24.645574199241587,1.4534118674300538,-0.3398971583458121,0.9941984094224976,1.411217737428505,13.827221126428654,-10.781802619259182,-0.6173991354954529,1.0964281943273768,1.1699181071134719,1.2506648390086978,1.130454902542538,1.2200861578325302,1.3139276910860433,,
fwfix,circle,9,-25.364577140467507,10.590786155632577,0.980883859080241,-24.049858859078636,34.52738749824292,-4.361252999406308,0.9982976691119606,33.98599057417869,1.5377730575110962,-0.19426556539467638,0.9982972380145605,1.513657332151757,17.129059790287684,-8.1870935056902,-0.3646726429399978,1.092073287296737,1.1619351856513973,1.2478540348949614,1.1646094134081566,1.2664761154075694,1.3712822038306998,,
