variant,liquid,n,df_mag,df_mag_sd,dw03,df_mag_vs_water,eps_f_mag
fwfix,water,1,-787.0379901956767,0.9719636525397861,673.2046568627452,0.0,0.17003087240804926
fwfix,water,3,-1483.5392156857997,1.6063360266519684,1336.6544117647059,0.0,0.27332723584267704
fwfix,water,5,-1831.8284313753247,2.4956108102592918,1641.4742647058824,0.0,0.21787136171051125
fwfix,water,7,-2450.8137254863977,3.0026146605348796,2154.8100490196057,0.0,0.3770918526643634
fwfix,water,9,-2857.3553921580315,14.167393642648102,2551.810049019608,0.0,0.415939282861177
fwfix,gluc05,1,-802.4236111110076,0.9333077019095585,697.3865740740741,-15.385620915330946,
fwfix,gluc05,3,-1526.2777777779847,1.0687097212187344,1375.9398148148148,-42.73856209218502,
fwfix,gluc05,5,-1908.5277777798474,2.615876404677502,1706.7291666666667,-76.69934640452266,
fwfix,gluc05,7,-2546.6851851791143,3.2138662012241177,2286.122685185185,-95.8714596927166,
fwfix,gluc05,9,-3017.523148149252,5.586896454256685,2684.5300925925926,-160.16775599122047,
fwfix,gluc075,1,-828.6586538460106,1.3176003976630508,726.1330128205129,-41.62066365033388,
fwfix,gluc075,3,-1580.051282050088,1.5347847729562334,1415.5416666666667,-96.51206636428833,
fwfix,gluc075,5,-1969.628205128014,1.7359792176712545,1755.3060897435898,-137.79977375268936,
fwfix,gluc075,7,-2630.8493589684367,13.130300877531353,2355.043269230769,-180.03563348203897,
fwfix,gluc075,9,-3132.1346153840423,5.969731439127605,2757.482371794872,-274.7792232260108,
fwfix,gluc10,1,-849.5165816321969,1.8938212904479144,762.4587585034014,-62.47859143652022,
fwfix,gluc10,3,-1642.217687074095,2.632935955363488,1457.373299319728,-158.6784713882953,
fwfix,gluc10,5,-2030.9880952388048,3.8920557326542706,1809.4740646258504,-199.1596638634801,
fwfix,gluc10,7,-2696.931972786784,4.06766516341891,2461.8048469387754,-246.11824730038643,
fwfix,gluc10,9,-3254.5892857164145,3.6636186277061333,2839.9443027210887,-397.233893558383,
