variant,estimator,n,step_water_gluc05_df,step_water_gluc05_df_sigma,step_water_gluc05_dG,step_water_gluc05_dG_sigma,step_gluc05_gluc075_df,step_gluc05_gluc075_df_sigma,step_gluc05_gluc075_dG,step_gluc05_gluc075_dG_sigma,step_gluc075_gluc10_df,step_gluc075_gluc10_df_sigma,step_gluc075_gluc10_dG,step_gluc075_gluc10_dG_sigma,sd_liq_f,sd_liq_G,lod3_f_pct,lod3_G_pct,resid5_in_pct_f,resid5_in_pct_G
fwfix,argmax_hh,1,-18.333333333022892,6.770032003999433,26.401250538261024,17.942742695908375,-27.333333333022892,8.50300389662905,31.550377585925162,62.55887038414633,-27.333333333954215,6.503023002936512,33.098271996714175,48.94388319070043,2.7016814121654935,0.5423975990686247,1.1262965124857443,0.18142053688096835,1.5868184224619761,1.3204901304736798
fwfix,argmax_hh,3,-50.333333333954215,14.951227898415514,43.354891274124384,30.902742342485475,-64.33333333395422,16.42925104272136,37.79268697307771,108.85996736240153,-73.0,17.881275120901677,40.425019120797515,45.745597802845175,2.3710377428442504,0.5680460651237685,0.38722360482707247,0.14186343449336244,1.4345707175379199,0.8870779299421085
fwfix,argmax_hh,5,-75.0,12.925912266601278,56.335724949216,21.462507346374995,-63.0,10.857766303945073,45.035183013106234,15.05459881397556,-57.33333333209157,9.930424630308906,46.80218537586438,19.718550413709167,3.993966662855969,1.6750913681224233,0.614426401057843,0.34219094724561694,0.7638210587917023,0.7460183942060917
fwfix,argmax_hh,7,-94.33333333581686,21.454174633503296,98.36999195193243,39.5074639871796,-83.0,6.118841180428231,63.69320327416062,45.57938262982045,-73.66666666418314,4.9628473436789635,67.99718794350815,45.49982170128439,5.314660221574255,1.0469129158339283,0.6356766288700264,0.1375281885079559,0.8235874847588768,0.43701964653661857
fwfix,argmax_hh,9,-162.66666666418314,4.461507422156474,139.766358638803,31.493605804919536,-112.33333333581686,13.589151578434118,71.65735642860318,10.480942502068258,-118.66666666418314,31.34405226385735,76.12617353101587,12.219034454554212,5.484827557756422,3.2630424018573994,0.4212309051835394,0.34161455788885803,0.5312560952191964,0.07010738803731714
fwfix,psl,1,-16.579753207042813,13.555122292004038,26.086512490727728,15.004106036798229,-26.44974803738296,58.13522215746316,31.63916052997206,25.757903397368146,-29.19501537270844,77.7296313562519,36.254351905440444,29.098959151611595,0.31969545178620684,0.8809333777111721,0.13577531433669543,0.2872784843740857,1.6936876875286893,1.3709418610326405
fwfix,psl,3,-40.152746794745326,13.841795214082758,44.31176609265799,22.793863457657125,-48.22114100307226,64.5664977636146,43.20626160658912,77.36776019756932,-51.80313040316105,66.31024823129638,45.00643364669918,46.68551691313232,0.5237930184434229,0.6641903350270966,0.11399001028446548,0.15214931657653136,1.3352978707275207,1.0378390544598532
fwfix,psl,5,-73.70680695772171,16.6887184333528,62.917904899586574,82.17378949888673,-51.735229924321175,58.47657087092014,51.04371258518222,52.14799385934876,-53.42176700383425,40.92955556233779,54.042489883576536,45.7340691526333,0.8897171108334959,0.7038614910213394,0.15022567675369328,0.12698569590493006,0.5454643576749499,0.7763874565686426
fwfix,psl,7,-98.62848472595215,18.62057545275324,118.904957831621,376.80742332316294,-72.59073876589537,68.07893728131965,80.27720294561323,214.55879451791878,-78.22192270308733,70.1729542848871,82.50929681441517,37.95383788572685,0.8208534434841366,0.26150810743991904,0.09970492484436376,0.02801321773945418,0.6379816028703886,0.48334229591790645
fwfix,psl,9,-127.96932020038366,16.830315388372718,174.71746890045597,38.60060103571328,-84.37115674465895,105.54444143549543,99.96950097828767,63.91811405185012,-94.8005969375372,34.194149995970186,104.78830320797124,58.441503401363015,1.7058104729964259,1.264075578075476,0.1683973583838162,0.10037898637099332,0.490317069811209,0.235329332675721
