phase,n,estimator,fres,fres_sd,gamma,gamma_sd,D_ppm,D_sd,rms_rel,rms_max,phi,phi_sd,nrep
air,1,argmax_hh,5004598.333333333,1.5275252315503312,65.37869967023532,0.17274411398736722,26.127451335135152,0.06904159918389838,,,,,3
air,1,circle,5004602.392341801,2.1000817098247744,64.92370743401413,0.12140977702081111,25.94560061467538,0.04852549225902991,0.0349381268888324,0.0361018784186611,,,3
air,1,mag_argmax,5004599.333333333,1.5275252315503312,128.49604364655292,0.08582109629385931,51.35118122444402,0.03430973389691793,,,,,3
air,1,midpoint,5004585.715588408,2.403335287235996,65.37869967023532,0.17274411398736722,26.12751721376385,0.06904468741205338,,,,,3
air,1,psl,5004595.672173921,2.2603545695164993,65.59097208062649,0.14446160529631272,26.212296216986687,0.057737578756200565,0.026059450208476734,0.0265316633681791,-7.995956729777785,0.045775786972355154,3
air,1,sym,5004586.618910943,2.334172817540173,68.0914330974831,0.21637117822933277,27.211611404770352,0.0864804934745241,0.040002249355149004,0.0403617917180442,,,3
air,1,sym_lin,5004589.139834953,2.335709433718903,66.10639267861482,0.16155591783870948,26.418309620107152,0.06457051933315891,0.031627494979312304,0.0321144873908677,,,3
air,3,argmax_hh,14988738.333333334,7.571877794564362,77.97444963362068,0.09501196408988861,10.40440467717298,0.012673920601727283,,,,,3
air,3,circle,14988744.478166819,7.454645578726084,76.11428092249638,0.10765063021761868,10.156191669062059,0.014360932015334473,0.027676569523798236,0.028037287000229,,,3
air,3,mag_argmax,14988750.333333334,7.571877794564362,134.45461604557931,0.26715205122569047,17.94073728176551,0.035637989090603894,,,,,3
air,3,midpoint,14988719.608216614,7.426619293057875,77.97444963362068,0.09501196408988861,10.404417675319158,0.012674090536498513,,,,,3
air,3,psl,14988740.148472123,7.4002433313278235,75.99318223996274,0.11017897209044374,10.140035980831945,0.014696932033950425,0.015717829393649765,0.0158831722525539,-14.486089226687241,0.03213435820488525,3
air,3,sym,14988720.702132544,7.417123641014891,83.60909955606398,0.1281816938935906,11.156268928389792,0.017099404405205496,0.053848486520379706,0.0539699611468821,,,3
air,3,sym_lin,14988726.79464157,7.410607949061927,76.97160945921445,0.09779288232845604,10.270600096460122,0.013044478365977588,0.030340389802464434,0.0305409856756027,,,3
air,5,argmax_hh,24973688.0,13.076696830622021,107.98765385585527,0.8459075317364305,8.648114252492855,0.06773942137737221,,,,,3
air,5,circle,24973704.54078406,13.279258789703144,103.60100130256488,0.7742216028863057,8.296806816464224,0.06199859435882591,0.0110154022231201,0.0112645764366205,,,3
air,5,mag_argmax,24973699.0,13.076696830622021,160.0354473205904,0.8724002815198036,12.816319044528562,0.06985961002574703,,,,,3
air,5,midpoint,24973660.514504597,12.816950296997724,107.98765385585527,0.8459075317364305,8.648123770915246,0.06773958947075596,,,,,3
air,5,psl,24973699.165094826,13.201225732838553,102.42595279461376,0.7394821306014954,8.202705724005087,0.05921671076808395,0.012004106881432998,0.0120415824134903,-20.613965768257177,0.06019551007256439,3
air,5,sym,24973660.70453419,12.88782275534008,120.21443774587273,0.8804735217067718,9.627298045811996,0.0705072770933174,0.07196885335747297,0.0721133842112236,,,3
air,5,sym_lin,24973673.619346708,12.998774876155215,103.92848520377778,0.738332050979024,8.32304342083788,0.059124619477542446,0.03493932513756537,0.0350499120416926,,,3
air,7,argmax_hh,34957565.666666664,21.962088546125962,158.71585846319795,2.6156282627247776,9.080486957435776,0.14965150927553889,,,,,3
air,7,circle,34957604.00120803,20.478356837156376,146.81388230419591,2.224924959419053,8.399539234069024,0.12729761305113776,0.033807722798007235,0.0343076944798982,,,3
air,7,mag_argmax,34957565.666666664,21.962088546125962,188.92122603704533,2.687499355726556,10.808603147570357,0.1537644565480448,,,,,3
air,7,midpoint,34957530.79345196,21.576206307172693,158.71585846319795,2.6156282627247776,9.080496014180122,0.1496514916512229,,,,,3
air,7,psl,34957593.4591502,20.62444314664673,147.60665981134426,2.314357218280008,8.44489829519784,0.13241425211606156,0.009851230005293367,0.0099693068441485,-22.877454817621043,0.039977848419222695,3
air,7,sym,34957531.27232475,21.504628877456778,175.99400475639482,2.3653906037947645,10.069017995022715,0.13533550559411034,0.07978618629130776,0.0800338776507311,,,3
air,7,sym_lin,34957552.50381139,21.22596378864282,150.33689063989104,2.413442670365876,8.601110822867737,0.13808350402460656,0.036496702911034365,0.0366149257103296,,,3
air,9,argmax_hh,44943110.0,22.715633383201094,203.69342425217232,0.8394687065556472,9.06450060880726,0.037352501266303115,,,,,3
air,9,circle,44943168.60097953,23.35559724574122,191.29247193808416,0.9334550361512628,8.51263840861341,0.041534970107940744,0.07131022112878947,0.0717879778515215,,,3
air,9,mag_argmax,44943109.666666664,22.14347157299758,229.93850852549076,1.1918293919715928,10.232425386258285,0.053032334701662895,,,,,3
air,9,midpoint,44943065.313404836,23.070135793142388,203.69342425217232,0.8394687065556472,9.064509621347737,0.03735245341453711,,,,,3
air,9,psl,44943156.65216798,23.317352469476724,188.68600179345387,1.0487227543162603,8.39665103619326,0.046664551612567766,0.012309432181181365,0.0124578394099932,-26.837798469291915,0.0049713395873189495,3
air,9,sym,44943060.8351546,22.90081906012725,237.72434737608606,1.0901690720534936,10.578912187658192,0.04850799754149226,0.0916893403028846,0.0917385736265104,,,3
air,9,sym_lin,44943094.762830675,23.099545802187098,193.40316169970166,0.975310199264085,8.60657960456463,0.0433977051639855,0.041617969629117034,0.0418163116297131,,,3
ipa,1,argmax_hh,5003555.0,2.0,1285.5503517710604,0.5102526042434141,513.8547900055286,0.2041552418553584,,,,,3
ipa,1,circle,5003661.509660724,2.066121969033148,1396.9412885062723,5.405893904315038,558.3676222713656,2.1609915462469065,0.0816888633392053,0.0824622010807616,,,3
ipa,1,mag_argmax,5003527.333333333,1.5275252315503312,1211.636864744282,0.0699158816243687,484.3130791692958,0.02808016542670911,,,,,3
ipa,1,midpoint,5003551.546722463,1.959882721017596,1285.5503517710604,0.5102526042434141,513.8551446503252,0.20415563066591888,,,,,3
ipa,1,psl,5003655.531831544,2.4307774152491386,1296.8831385675273,0.5202268670917058,518.3742687662276,0.2081896989887846,0.005181969692767734,0.0053022290831741,-4.973391766533999,0.02041887344408601,3
ipa,1,sym,5003547.72343248,2.0461757451531204,1302.8628008150245,0.5538426774478715,520.775606821373,0.2215915220226834,0.0196948725353773,0.0197495618749664,,,3
ipa,1,sym_lin,5003581.848861847,2.2767140750985306,1298.3307697721323,0.5588865699944814,518.9605403325036,0.22363044777949997,0.008947042377068433,0.0091389648607879,,,3
ipa,3,argmax_hh,14986824.666666666,3.2145502533987407,1670.4939435580745,1.0811744276328372,222.92833616939643,0.14432759094006029,,,,,3
ipa,3,circle,14987199.294262692,8.67585899435188,1501.0984704858413,1.8344614965320831,200.317409590732,0.24469528049955713,0.14944003865481292,0.1509611765927552,,,3
ipa,3,mag_argmax,14986302.666666666,0.5773502689207761,2782.912715172395,13.446103823593695,371.39416938476506,1.7944668027123438,,,,,3
ipa,3,midpoint,14986640.884983579,1.1125398224983098,1670.4939435580745,1.0811744276328372,222.93106993498387,0.14430126887468786,,,,,3
ipa,3,psl,14987054.420365958,4.737958468132545,1718.5604330691365,1.21490240332014,229.3393197554943,0.16209389210515998,0.0015747804529504,0.0016405068235083,-14.246481099739517,0.17838585686597755,3
ipa,3,sym,14986636.243884934,1.1789455566938956,1830.209797315715,4.55148686301441,244.24557556012246,0.6074248186823932,0.0506050167007601,0.0509491316197488,,,3
ipa,3,sym_lin,14986780.903353764,1.084507512551763,1721.9744625204237,1.364542467708148,229.79911077654802,0.18209351452729888,0.016961859970798132,0.0171993033098188,,,3
ipa,5,argmax_hh,24971122.0,10.392304845413264,2025.0890247188509,4.405515673304271,162.19447615651723,0.35291481625292825,,,,,3
ipa,5,circle,24971737.567848086,2.6010436728565294,2042.2753015739363,10.655841879787333,163.5669360451351,0.8534154887062801,0.09322922420004202,0.0934888807680738,,,3
ipa,5,mag_argmax,24970193.0,3.605551275463989,,,,,,,,,3
ipa,5,midpoint,24970779.16148156,6.810922046792495,2025.0890247188509,4.405515673304271,162.19670286100586,0.35281023396687256,,,,,3
ipa,5,psl,24971627.4294706,0.8310898176277293,2166.8306922740185,12.576795683293444,173.54341030699092,1.0072917645283868,0.0021943818822334,0.0024849580784395,-24.71155731278921,0.17178243093249373,3
ipa,5,sym,24970662.055182233,4.4135783027088324,2677.0477841513225,6.797992927024717,214.41544313335308,0.5445161113625775,0.08097596927767049,0.0812798038251637,,,3
ipa,5,sym_lin,24971044.085811097,1.7292840755137864,2173.97055777672,11.709772936243448,174.11931593974046,0.9378566469865797,0.024586178898740634,0.0252910565059866,,,3
ipa,7,argmax_hh,34954644.666666664,5.131601438418453,2383.207682300359,1.8079856454017664,136.36000050998047,0.1034459349387769,,,,,3
ipa,7,circle,34955111.10478748,0.8412474459425164,2329.9762902325424,1.0444441197881555,133.31248086917947,0.05975647795341353,0.05627801208568326,0.0566266811226052,,,3
ipa,7,mag_argmax,34953137.333333336,6.429100508390947,,,,,,,,,3
ipa,7,midpoint,34954182.42798525,3.82394155117575,2383.207682300359,1.8079856454017664,136.36180375770496,0.1034576602822872,,,,,3
ipa,7,psl,34955092.60895906,0.30806454386414855,2569.768086426548,2.15690972583486,147.032543451254,0.12341116069910758,0.0046867661525214,0.0048316524421285,-21.40738869784971,0.11236696631088498,3
ipa,7,sym,34954152.43820932,6.11917674456381,2837.740495691147,4.106709539339474,162.3692922416034,0.23500405788720038,0.07285171899777514,0.0732159764132533,,,3
ipa,7,sym_lin,34954515.62161225,3.5832987045314724,2685.763102194797,2.9156108085942756,153.6718821344274,0.16683422246000293,0.022876870724605064,0.0229162653353811,,,3
ipa,9,argmax_hh,44939783.333333336,0.5773502697273251,2709.8136936960123,3.1097363872131756,120.5975415409686,0.1383954616852512,,,,,3
ipa,9,circle,44940404.06554174,6.829115123433525,2686.8079928918414,2.1175671371688267,119.5720443092009,0.09425646661487246,0.04923662769974071,0.0513826388270066,,,3
ipa,9,mag_argmax,44937951.333333336,4.16333199967792,,,,,,,,,3
ipa,9,midpoint,44939226.25449503,7.751248543710544,2709.8136936960123,3.1097363872131756,120.59903649169898,0.13838528494635424,,,,,3
ipa,9,psl,44940476.125653125,12.250596267771346,2925.485281657457,11.625838261387482,130.19378235286365,0.5174238383194577,0.0043056167857671674,0.0043473791154357,-27.222949121366142,0.043887352444002194,3
ipa,9,sym,44939137.83349109,20.474639996682757,3162.9981706256617,27.63390645436268,140.76808463635436,1.2299013452447354,0.0898301233764265,0.0899755067276489,,,3
ipa,9,sym_lin,44939668.05286413,14.127385485724057,3205.4728897628315,5.748491664432075,142.6567231050591,0.25587480187445,0.026053602410902,0.0263045505619835,,,3
water,1,argmax_hh,5003826.0,2.6457513110645907,936.9656535414979,3.152994691380204,374.49969459564255,1.260387072064101,,,,,3
water,1,circle,5003908.16315109,1.798325157524951,950.6645124800394,4.396089348398628,379.96880938936084,1.7571977699305819,0.055540166114643796,0.055981268673495,,,3
water,1,mag_argmax,5003811.0,3.605551275463989,907.0051570891713,1.3158519007114,362.52574575965554,0.5259886027746306,,,,,3
water,1,midpoint,5003830.9213760225,3.1524846583724617,936.9656535414979,3.152994691380204,374.4993264271088,1.2604575096701958,,,,,3
water,1,psl,5003908.798032813,2.231335911399767,934.4865672878759,3.9299762301610675,373.50263810582106,1.570928870475049,0.0046092949811052325,0.0046492419349704,-5.03422762745507,0.02060715904238944,3
water,1,sym,5003830.196837592,2.8707217014473447,937.0789706136438,4.0988597432329765,374.54467290822384,1.6385040917578673,0.0197838925022721,0.0198234386188001,,,3
water,1,sym_lin,5003855.516382955,2.677722486420918,935.0499426350516,3.9283984420389335,373.7317918047268,1.570348615824049,0.0076862122990633665,0.0077829706556681,,,3
water,3,argmax_hh,14987287.666666666,51.7332903777205,1318.2225882830098,33.12123516141999,175.91210548125756,4.420526009785626,,,,,3
water,3,circle,14987135.46501223,309.15504183131094,1542.4061122181274,279.84355213275757,205.8301626133707,37.33981180431852,0.1696859373314772,0.1791150560724655,,,3
water,3,mag_argmax,14986979.0,7.211102550927978,1770.7862060523282,1.4391310780840565,236.30996033443088,0.19216392294149914,,,,,3
water,3,midpoint,14987142.945988027,74.31376745349391,1318.2225882830098,33.12123516141999,175.91380855390472,4.42083560982123,,,,,3
water,3,psl,14987478.25896282,16.15105782530489,1351.3750862721297,38.164325631740674,180.33388781147116,5.093009555425583,0.0031942860973703,0.0038536210459226,-15.034186730757446,2.454959548175098,3
water,3,sym,14987129.013854742,85.94054866008383,1445.8265872415475,74.6337392164292,192.94247361002672,9.960848689405875,0.05338495400083587,0.0622966184847657,,,3
water,3,sym_lin,14987250.647461122,58.09291376398712,1350.2784708838874,35.69886034502787,180.19029566042536,4.764602428971885,0.0172927143964849,0.019412417913427,,,3
water,5,argmax_hh,24971737.0,24.24871130596428,1581.9776381216943,1.9529574017898972,126.70144954876905,0.15638445846674778,,,,,3
water,5,circle,24972176.509456217,13.580561494741016,1531.2914559341805,1.9744245079547649,122.63980718727383,0.15814376412797518,0.10180379060336571,0.1023216360237219,,,3
water,5,mag_argmax,24971132.0,22.0,6323.464060164988,71.4303524077862,506.4619498660492,5.7214734536436715,,,,,3
water,5,midpoint,24971440.366091233,13.694258954475627,1581.9776381216943,1.9529574017898972,126.70295466265947,0.15643091946228166,,,,,3
water,5,psl,24972087.99210299,13.277074391119594,1645.587877066435,1.0463077907074216,131.7941757939177,0.08385855187663302,0.0017797918790958,0.001893102819221,-23.950204577363355,0.03881403341092126,3
water,5,sym,24971373.919258792,11.894141129036878,2023.9379112521426,6.982891449063508,162.10064504183018,0.5592262688818325,0.07873667800215373,0.0788190785379889,,,3
water,5,sym_lin,24971649.76216544,12.735260097624675,1649.0344110965088,2.2366131042454973,132.07252443872775,0.1791895996471174,0.026428042383495432,0.0264837636169307,,,3
water,7,argmax_hh,34955378.666666664,18.9296944866569,1822.9147675981123,2.757105072768867,104.29952916848201,0.15779661156040037,,,,,3
water,7,circle,34955774.71767489,17.376393457171588,1761.354846832329,2.183963181284169,100.77618714156893,0.12498908921384708,0.06605944897246936,0.0662300887683795,,,3
water,7,mag_argmax,34954408.0,19.467922333931785,,,,,,,,,3
water,7,midpoint,34955014.786458366,19.465378096709173,1822.9147675981123,2.757105072768867,104.30061492072873,0.15779687994662517,,,,,3
water,7,psl,34955725.69505718,17.57237939259217,1871.5501003315096,3.1831269560689037,107.08117560773296,0.18214819297523177,0.0036292299036680665,0.0036895298925524,-22.502693503195527,0.04690894284826053,3
water,7,sym,34954965.52058134,18.776156838928053,2266.0823900666383,1.9580278506083013,129.657252234833,0.11209246936539649,0.07456514093936334,0.0746821516073839,,,3
water,7,sym_lin,34955253.93206676,18.38840584177978,1879.2073280409697,3.1218362458942615,107.52073678263748,0.17864787523870326,0.026640554492706667,0.0267702286576151,,,3
water,9,argmax_hh,44940695.333333336,37.20663023249466,2099.6733237591884,0.5294281973735172,93.44195980512869,0.0234859461819813,,,,,3
water,9,circle,44941147.82605376,27.65853222785481,2017.8846848787578,0.9051388020526799,89.80120815162718,0.040336291335823726,0.06574922163441327,0.0672877068855643,,,3
water,9,mag_argmax,44939231.0,85.42247947700886,,,,,,,,,3
water,9,midpoint,44940158.29182521,17.532497742754003,2099.6733237591884,0.5294281973735172,93.44307646000846,0.02354416790040124,,,,,3
water,9,psl,44941165.15924399,28.695431212224825,2130.14314989384,9.560564073869337,94.79697046282858,0.42551755632742666,0.0049787113973852335,0.0065152110091712,-27.906919668976688,0.22884196280671304,3
water,9,sym,44940041.73368748,17.944892138839556,2869.108490731676,19.938646320943036,127.68606238139807,0.8872999732376332,0.08931280639224255,0.0895478977962618,,,3
water,9,sym_lin,44940493.66460142,23.747349394236313,2178.6609963830615,1.1159438464950047,96.95759076515894,0.04971203313371166,0.0335995396729111,0.0348609797063187,,,3
