phi,gamma,bias_argmax_num,bias_argmax_th,hh_num,hh_th,mid_num,mid_th,sym_bias,sym_gamma,symlin_bias,symlin_gamma
-5,65.0,-3.0,-2.837961289053284,1.0014293064291662,1.0019044644432524,-5.672851204872131,-5.675922578106568,-5.430198360234499,1.0069689416718104,-3.6727589182555676,1.0001103151343917
-5,1600.0,-70.0,-69.85750865361929,0.9731462740962161,1.0019044644432524,-135.76931889355183,-139.71501730723858,-133.20209741219878,1.0074088774838859,-89.10747390054166,1.0000361030226346
-8,65.0,-5.0,-4.545242776328177,1.0041516300720663,1.0048778622584766,-9.08404440060258,-9.090485552656354,-8.732866778969765,1.0178153738548945,-5.878259791061282,1.0004413160327077
-8,1600.0,-112.0,-111.88289910961666,0.9692468161630677,1.0048778622584766,-216.00711700320244,-223.76579821923332,-214.1675657518208,1.019414701103521,-142.32427949085832,1.0000933495565532
-15,65.0,-9.0,-8.55741234318073,1.0157308505991332,1.0171847227726134,-17.090770345181227,-17.11482468636146,-16.776100154966116,1.067445181454717,-11.11641394905746,1.000950553829377
-15,1600.0,-211.0,-210.64399613983335,0.964859650900471,1.0171847227726134,-400.487906511873,-421.2879922796667,-410.8175391070545,1.074121465634484,-266.5549014750868,1.0003871390351098
-20,65.0,-11.0,-11.461253746050224,1.0286228116888267,1.030622340264137,-22.879711885005236,-22.922507492100447,-23.01685592159629,1.1337716997886806,-14.910137785598636,0.9997189024779654
-20,1600.0,-282.0,-282.12316913354397,0.9654910564346938,1.030622340264137,-530.5827036164701,-564.2463382670879,-563.0002198722214,1.1441762083152487,-355.9452349357307,1.0007198343014654
-25,65.0,-14.0,-14.410153071791093,1.0453894909184713,1.0479966826706724,-28.751475216820836,-28.820306143582187,-29.896906221285462,1.2289146547935148,-18.803113739937544,1.0001168673340417
-25,1600.0,-355.0,-354.71146022870386,0.9690315007296157,1.0479966826706724,-659.8897249363363,-709.4229204574077,-731.2520202603191,1.2534395218398062,-446.4390856772661,1.0013228677744659
-28,65.0,-16.0,-16.206320184806746,1.057306530398245,1.0603437678430228,-32.323832515627146,-32.41264036961349,-34.46339671313763,1.3045465327421326,-21.234932765364647,1.0009389964415163
-28,1600.0,-399.0,-398.9248045490891,0.9724782109132503,1.0603437678430228,-737.3140557967126,-797.8496090981782,-842.6146465800703,1.3459733754866157,-501.42543136514723,1.0017601404075591
-40,65.0,-24.0,-23.65806522730315,1.119800565033578,1.1246993655477842,-47.1292993016541,-47.3161304546063,-57.00255359709263,1.8434992792760634,-31.38059875369072,1.0055212147075985
-40,1600.0,-582.0,-582.3523748259238,0.9954682141338708,1.1246993655477842,-1048.3182658217847,-1164.7047496518476,-1353.8877935800701,1.9253326311469896,-729.0959073677659,1.0048127941285847
