block,case,R1,ratio,phi_b,delta,k_mag,fold,fs,gamma,err_argmax,err_ghh,err_sym,err_psl,err_gpsl,phi_fit,rms,err_mag,delta_found,carry,Rm_ratio
A,air n=1 like,36.0,0.6883365200764818,0.0,0.0,1.0,True,5004600.0,65.0,0.0,7.100718080531806,0.053140789270401,0.1638534003868699,6.5056806766542365,-0.12901615654999993,0.006835175119016579,0.0,,,
A,air n=1 like,36.0,0.6883365200764818,-8.0,0.0,1.0,True,5004600.0,65.0,-11.0,6.853935989085585,-19.076962273567915,-12.444814384914935,6.396821605511775,-8.08878449156975,0.004826689696516478,0.0,,,
A,air n=1 like,36.0,0.6883365200764818,-15.0,0.0,1.0,True,5004600.0,65.0,-28.0,9.446546924766153,-35.91709547955543,-23.17734105885029,8.075167625838475,-15.087630327543541,0.0050769011322914,0.0,,,
A,air n=1 like,36.0,0.6883365200764818,-25.0,0.0,1.0,True,5004600.0,65.0,-53.0,15.466875018086284,-60.82149303238839,-38.47283687721938,11.951076819995606,-24.889921009234417,0.0033722881078503838,0.0,,,
A,air n=5 like,95.0,1.8164435946462716,0.0,0.0,1.0,True,24973700.0,103.0,-3.0,3.8621142897754908,-0.42882610112428665,0.04790852963924408,3.7613061967829253,-0.3946178518196148,0.0016196738022618757,-14.0,,,
A,air n=5 like,95.0,1.8164435946462716,-8.0,0.0,1.0,True,24973700.0,103.0,-14.0,6.45803345926106,-17.6179704554379,-7.223174411803484,5.1917741065655605,-8.405314902702596,0.002629205690211716,-14.0,,,
A,air n=5 like,95.0,1.8164435946462716,-15.0,0.0,1.0,True,24973700.0,103.0,-24.0,8.350858375430107,-33.03915160894394,-13.751908294856548,6.017789509932385,-15.382210894803531,0.0026527901152713948,-14.0,,,
A,air n=5 like,95.0,1.8164435946462716,-25.0,0.0,1.0,True,24973700.0,103.0,-46.0,14.171058600768447,-56.08487746119499,-22.861445169895887,8.6343166995254,-25.506576939595032,0.0021241208776424754,-14.0,,,
A,air n=9 like,204.0,3.9005736137667304,0.0,0.0,1.0,True,44943150.0,190.0,-3.0,2.5557494312524796,-2.0931055545806885,-0.6186794117093086,3.4725977683112603,-0.7215569254717181,0.0014412085860403092,-77.0,,,
A,air n=9 like,204.0,3.9005736137667304,-8.0,0.0,1.0,True,44943150.0,190.0,-24.0,4.512035865336657,-26.449734196066856,-7.299775302410126,5.049846604301649,-8.75075334723378,0.0016282853957034645,-77.0,,,
A,air n=9 like,204.0,3.9005736137667304,-15.0,0.0,1.0,True,44943150.0,190.0,-42.0,7.711991932243109,-47.933628015220165,-12.926524683833122,6.021281376158527,-15.757379433533803,0.0012135834218263428,-77.0,,,
A,air n=9 like,204.0,3.9005736137667304,-25.0,0.0,1.0,True,44943150.0,190.0,-69.0,15.833444014191628,-80.35243436694145,-20.90838549286127,7.632245981132627,-26.00926796750072,0.0006533084460137758,-77.0,,,
A,water n=1 like,625.0,11.950286806883366,0.0,0.0,1.0,True,5003900.0,935.0,-13.0,3.4073198325932026,-0.8695417772978544,0.7554929265752435,9.705120064917082,-0.15258156110087803,0.0008332907209569952,-119.0,,,
A,water n=1 like,625.0,11.950286806883366,-8.0,0.0,1.0,True,5003900.0,935.0,-91.0,1.5926477909088135,-95.86334945820272,-9.305951008573174,12.484886579976433,-8.127882548855483,0.0007367917236921393,-119.0,,,
A,water n=1 like,625.0,11.950286806883366,-15.0,0.0,1.0,True,5003900.0,935.0,-145.0,3.1467927480116487,-179.427879717201,-18.734794354066253,11.549793301672253,-15.06864504426396,0.0006646349261028641,-119.0,,,
A,water n=1 like,625.0,11.950286806883366,-25.0,0.0,1.0,True,5003900.0,935.0,-237.0,23.58903989708051,-301.63273073080927,-29.628777138888836,17.88382281841257,-25.080034546787793,0.0008001669460859259,-119.0,,,
A,water n=5 like,1175.0,22.46653919694073,0.0,0.0,1.0,False,24972100.0,1646.0,-7.0,-27.162781884893775,-0.6004006490111351,-1.474465660750866,3.128276237859154,0.040710581993595625,0.0006112523987438313,-1093.0,,,
A,water n=5 like,1175.0,22.46653919694073,-8.0,0.0,1.0,False,24972100.0,1646.0,-133.0,-51.79989368095994,-158.45671573281288,-12.318532790988684,4.078973398781045,-7.986156481659936,0.0006549484388352569,-1093.0,,,
A,water n=5 like,1175.0,22.46653919694073,-15.0,0.0,1.0,False,24972100.0,1646.0,-242.0,-60.03045720979571,-297.5953148305416,-21.701288159936666,5.603461424259194,-15.088532355261103,0.0007171544720446175,-1093.0,,,
A,water n=5 like,1175.0,22.46653919694073,-25.0,0.0,1.0,True,24972100.0,1646.0,-527.0,-29.95992596819997,-646.5873919799924,-42.91499733552337,13.475929598996572,-32.457143592441795,0.0009071176545358945,-1093.0,,,
A,water n=9 like,1125.0,21.510516252390058,0.0,0.0,1.0,False,44941170.0,2135.0,0.0,-61.205908954143524,0.2511608526110649,0.38307367265224457,3.851900201576427,-0.004908385416881502,0.0007259390066859372,-1833.0,,,
A,water n=9 like,1125.0,21.510516252390058,-8.0,0.0,1.0,False,44941170.0,2135.0,-161.0,-100.35559027642012,-204.45942459255457,-13.850120551884174,6.517832378714502,-8.076518803098443,0.0007439417084684634,-1833.0,,,
A,water n=9 like,1125.0,21.510516252390058,-15.0,0.0,1.0,False,44941170.0,2135.0,-300.0,-117.8732231259346,-386.28054743260145,-26.804943308234215,10.572669981709168,-15.264282141673629,0.0008613128397642578,-1833.0,,,
A,water n=9 like,1125.0,21.510516252390058,-25.0,0.0,1.0,False,44941170.0,2135.0,-520.0,-116.16957221925259,-654.8202248215675,-45.261019200086594,18.685977389330674,-25.74587476463776,0.0011158971062119108,-1833.0,,,
A,ipa n=9 like,1245.0,23.804971319311665,0.0,0.0,1.0,False,44940480.0,2920.0,-10.0,-157.72238474711776,-1.280405454337597,-4.062730602920055,1.0509196738162245,0.06836333459642259,0.0010955044568191354,-2381.0,,,
A,ipa n=9 like,1245.0,23.804971319311665,-8.0,0.0,1.0,False,44940480.0,2920.0,-231.0,-228.88515273109078,-257.8282103613019,-22.26027910411358,3.7320010451639973,-8.000039367156614,0.001342338079913355,-2439.0,,,
A,ipa n=9 like,1245.0,23.804971319311665,-15.0,0.0,1.0,False,44940480.0,2920.0,-439.0,-278.4261905550957,-489.0533142089844,-37.813746981322765,6.349737255355649,-15.199032933552719,0.0013710916401975502,-2439.0,,,
A,ipa n=9 like,1245.0,23.804971319311665,-25.0,0.0,1.0,False,44940480.0,2920.0,-743.0,-323.2170841284096,-832.7902908176184,-59.15854912996292,14.081158379928638,-25.714585384906126,0.0013853375227896416,-2439.0,,,
B,air n=1 like,36.0,0.6883365200764818,-20.0,-3.0,1.0,True,5004600.0,65.0,-40.0,11.992188549600542,-48.16793700307608,-30.81874058302492,9.479230040015636,-20.06256094889348,0.004848120914690782,0.0,-4.781641720306662,,
B,air n=1 like,36.0,0.6883365200764818,-20.0,0.0,1.0,True,5004600.0,65.0,-41.0,11.580829473678023,-48.35368038807064,-31.10506548639387,9.153166766422302,-20.052837179471943,0.004102271428199448,0.0,-1.5153606392525498,,
B,air n=1 like,36.0,0.6883365200764818,-20.0,4.0,1.0,True,5004600.0,65.0,-41.0,11.617591307032853,-48.34239376522601,-31.094548356719315,9.19122693382947,-20.046339154068814,0.004153227743949413,0.0,2.464045156303607,,
B,air n=1 like,36.0,0.6883365200764818,-20.0,7.0,1.0,True,5004600.0,65.0,-41.0,11.65128054888919,-48.325832727365196,-31.067299596965313,9.219360437764607,-20.051610982530836,0.0042024557188026,0.0,5.44788917629262,,
B,air n=5 like,95.0,1.8164435946462716,-20.0,-3.0,1.0,True,24973700.0,103.0,-35.0,11.121547928079963,-44.36301661282778,-18.215087607502937,7.3863330086415715,-20.452087381460572,0.0027164409637854318,-14.0,-4.648425814810064,,
B,air n=5 like,95.0,1.8164435946462716,-20.0,0.0,1.0,True,24973700.0,103.0,-35.0,11.11932778172195,-44.36330123245716,-18.212456095963717,7.382406262275111,-20.454000525564837,0.0027232514248793395,-14.0,-1.6456448893406028,,
B,air n=5 like,95.0,1.8164435946462716,-20.0,4.0,1.0,True,24973700.0,103.0,-35.0,11.116924025118351,-44.35626094415784,-18.206510834395885,7.383669363658811,-20.453392665298104,0.0027172937188206466,-14.0,2.3536752417019358,,
B,air n=5 like,95.0,1.8164435946462716,-20.0,7.0,1.0,True,24973700.0,103.0,-35.0,11.107695987448096,-44.35179388523102,-18.20453504100442,7.373309872428251,-20.45244826135159,0.002721154117028216,-14.0,5.352025666108573,,
B,air n=9 like,204.0,3.9005736137667304,-20.0,-3.0,1.0,True,44943150.0,190.0,-57.0,11.916086439043283,-63.9716851785779,-16.76277057081461,7.267222266032434,-20.92432362446624,0.0010255590632135701,-77.0,-4.017672910395698,,
B,air n=9 like,204.0,3.9005736137667304,-20.0,0.0,1.0,True,44943150.0,190.0,-57.0,11.852453041821718,-63.96056717634201,-16.757781833410263,7.197329696530261,-20.926685791465964,0.0010240107153010982,-77.0,-1.0143091752552458,,
B,air n=9 like,204.0,3.9005736137667304,-20.0,4.0,1.0,True,44943150.0,190.0,-57.0,11.826448243111372,-63.968677297234535,-16.783009231090546,7.183547087112146,-20.920560812547823,0.0010226373173168892,-77.0,2.9921338978226464,,
B,air n=9 like,204.0,3.9005736137667304,-20.0,7.0,1.0,True,44943150.0,190.0,-57.0,11.88748735934496,-63.97423180192709,-16.771791882812977,7.239956480901412,-20.92368406651653,0.001024517105595448,-77.0,5.984619274777048,,
B,water n=1 like,625.0,11.950286806883366,-20.0,-3.0,1.0,True,5003900.0,935.0,-191.0,10.830396763980389,-240.15908192563802,-24.772346789948642,13.66588365891073,-20.07184861859692,0.0007108685851957828,-119.0,-3.4844022617977366,,
B,water n=1 like,625.0,11.950286806883366,-20.0,0.0,1.0,True,5003900.0,935.0,-192.0,10.704142994247377,-240.1893117548898,-24.82717944867909,13.53659649008614,-20.070860515327922,0.000711477997662333,-119.0,-0.4753082531943065,,
B,water n=1 like,625.0,11.950286806883366,-20.0,4.0,1.0,True,5003900.0,935.0,-191.0,10.725675876718014,-240.12755573634058,-24.75958449114114,13.552872040351758,-20.071998511185917,0.0007073291914347142,-119.0,3.513246580106655,,
B,water n=1 like,625.0,11.950286806883366,-20.0,7.0,1.0,True,5003900.0,935.0,-192.0,10.616701922845095,-240.15196460392326,-24.854698952287436,13.471416381176482,-20.069410661703905,0.0007117340313159691,-119.0,6.527442021084595,,
C,water n=5 like,1175.0,22.46653919694073,-20.0,-5.0,1.0,False,24972100.0,1646.0,-242.0,-59.97217937000096,-297.62951566651464,-21.71059115231037,5.657268169964482,-15.087600776013884,0.0007155992192645203,-1093.0,,,
C,water n=5 like,1175.0,22.46653919694073,-20.0,0.0,1.0,False,24972100.0,1646.0,-322.0,-58.20914390310645,-398.6599207036197,-28.377367313951254,7.3163547890226255,-20.20362312851884,0.0007708197305006457,-1093.0,,,
C,water n=5 like,1175.0,22.46653919694073,-20.0,5.0,1.0,True,24972100.0,1646.0,-527.0,-29.87045349366963,-646.5229541435838,-42.872164119035006,13.540430973685943,-32.45476491507617,0.0009046275981879719,-1093.0,,,
C,water n=9 like,1125.0,21.510516252390058,-20.0,-5.0,1.0,False,44941170.0,2135.0,-301.0,-117.95231300964952,-386.2359210625291,-26.800246857106686,10.490847773610312,-15.263262595133293,0.0008647527626060639,-1833.0,,,
C,water n=9 like,1125.0,21.510516252390058,-20.0,0.0,1.0,False,44941170.0,2135.0,-407.0,-120.1728215701878,-519.0030918568373,-36.08258060365915,14.357668587782882,-20.47257344129023,0.0009850659844274016,-1833.0,,,
C,water n=9 like,1125.0,21.510516252390058,-20.0,5.0,1.0,False,44941170.0,2135.0,-520.0,-116.15014520287514,-654.8633350580931,-45.26018100976944,18.806479516533727,-25.746620009092563,0.0011240916864128595,-1833.0,,,
C,ipa n=9 like,1245.0,23.804971319311665,-20.0,-5.0,1.0,False,44940480.0,2920.0,-439.0,-277.9639388397336,-489.09888825565577,-37.67636477947235,6.948946501223418,-15.202421177616182,0.001361212296190224,-2439.0,,,
C,ipa n=9 like,1245.0,23.804971319311665,-20.0,0.0,1.0,False,44940480.0,2920.0,-591.0,-305.3934748955071,-658.8920386582613,-48.800153985619545,10.05871457909916,-20.42103184496114,0.0013839130145095746,-2438.0,,,
C,ipa n=9 like,1245.0,23.804971319311665,-20.0,5.0,1.0,False,44940480.0,2920.0,-743.0,-323.363703943789,-832.7159367799759,-59.10491640120745,14.076653063091271,-25.714590302764325,0.0013795488644083671,-2440.0,,,
D,air n=1 like,36.0,0.6883365200764818,-20.0,0.0,1.0,True,5004600.0,65.0,-40.0,12.001544460654259,-48.19504105951637,-30.81232337001711,9.485891354262009,-20.059786555480756,0.004828699300573169,0.0,,False,1.1022241461365259
D,air n=1 like,36.0,0.6883365200764818,-20.0,0.0,1.05,True,5004600.0,65.0,-40.0,13.333779146894813,-47.53208693023771,-30.27147849369794,10.8624227036957,-19.57616149106096,0.004058521928219771,0.0,,False,1.177734695957277
D,air n=1 like,36.0,0.6883365200764818,-20.0,0.0,0.95,True,5004600.0,65.0,-42.0,9.697952006012201,-49.21488457452506,-32.023245078511536,7.365773824493871,-20.465935318616847,0.004215383777038711,0.0,,False,1.0369173702903192
D,air n=1 like,36.0,0.6883365200764818,-20.0,0.0,1.0,True,5004600.0,65.0,-40.0,10.871621573343873,-48.2865320276469,-31.15593480784446,8.409321392251329,-20.07961142061903,0.004967769622011749,0.0,,True,1.0760155163140182
D,air n=9 like,204.0,3.9005736137667304,-20.0,0.0,1.0,True,44943150.0,190.0,-57.0,11.815662398934364,-63.953295573592186,-16.774669341742992,7.169648666360729,-20.918013501379498,0.0010204329804066312,-77.0,,False,0.9017803407256909
D,air n=9 like,204.0,3.9005736137667304,-20.0,0.0,1.05,True,44943150.0,190.0,-57.0,13.849473051726818,-65.20624097436666,-15.78094557672739,9.199308963806288,-21.70180717846102,0.0010902731416328104,-77.0,,False,0.9918599332966969
D,air n=9 like,204.0,3.9005736137667304,-20.0,0.0,0.95,True,44943150.0,190.0,-56.0,9.444403287023306,-62.65218626707792,-17.997229605913162,4.691577597873334,-20.02570798822385,0.0009795682882259018,-77.0,,False,0.8181916284648806
D,air n=9 like,204.0,3.9005736137667304,-20.0,0.0,1.0,True,44943150.0,190.0,-56.0,10.995142374187708,-63.76045137643814,-17.112096659839153,6.377110755383512,-20.772991903597255,0.000993349077379146,-77.0,,True,0.8919469829954414
D,water n=5 like,1175.0,22.46653919694073,-20.0,0.0,1.0,False,24972100.0,1646.0,-322.0,-58.122659523040056,-398.68008902668953,-28.391391679644585,7.4298105065831805,-20.203143425077304,0.0007728948048296656,-1093.0,,False,0.7600611169704571
D,water n=5 like,1175.0,22.46653919694073,-20.0,0.0,1.05,False,24972100.0,1646.0,-346.0,-65.08448273688555,-430.2319693379104,-32.67416167631745,-6.577412838234295,-21.77801920021266,0.0008281113327227813,-1093.0,,False,0.8775921520513401
D,water n=5 like,1175.0,22.46653919694073,-20.0,0.0,0.95,False,24972100.0,1646.0,-297.0,-50.31112641468644,-363.9598376713693,-23.89508217945695,22.146086039733746,-18.47814502884832,0.001165504908049289,-1093.0,,False,0.657527101884263
D,water n=5 like,1175.0,22.46653919694073,-20.0,0.0,1.0,False,24972100.0,1646.0,-327.0,-58.731535118073225,-404.3726268745959,-30.221554908901453,6.078978534692624,-20.423830178160703,0.0007563867044874642,-1093.0,,True,0.7528868393027346
D,ipa n=9 like,1245.0,23.804971319311665,-20.0,0.0,1.0,False,44940480.0,2920.0,-591.0,-305.4863838888705,-658.7859804704785,-48.634743086993694,9.786057805220935,-20.424241046002873,0.0013774711407632232,-2439.0,,False,0.6092315844212687
D,ipa n=9 like,1245.0,23.804971319311665,-20.0,0.0,1.05,False,44940480.0,2920.0,-648.0,-321.0686985217035,-728.6871771886945,-63.62999524921179,-4.005600830032563,-22.261008813514906,0.0012235433360542898,-2443.0,,False,0.688840200582186
D,ipa n=9 like,1245.0,23.804971319311665,-20.0,0.0,0.95,False,44940480.0,2920.0,-528.0,-287.61932442337275,-584.2014808952808,-32.00378053635359,23.092662750700583,-18.48922683610004,0.00158214978417654,-2435.0,,False,0.5385850304654612
D,ipa n=9 like,1245.0,23.804971319311665,-20.0,0.0,1.0,False,44940480.0,2920.0,-597.0,-306.9609498679638,-666.804531224072,-50.85836312174797,8.062340443811081,-20.618726227748294,0.0013657895454960282,-2439.0,,True,0.601976811909822
E,scan,10.0,0.19120458891013387,-20.0,0.0,1.0,True,25000000.0,1000.0,-2009.0,311.61748423427343,-2103.4895935207605,-1792.4238427132368,355.9865099384758,-20.50157554120869,0.002084804537197296,-91.0,,,
E,scan,25.0,0.47801147227533464,-20.0,0.0,1.0,True,25000000.0,1000.0,-909.0,126.8894380684942,-979.7128126248717,-719.3535275049508,145.9753774453859,-20.19385694408035,0.0011706088970990243,-102.0,,,
E,scan,52.3,1.0,-20.0,0.0,1.0,True,25000000.0,1000.0,-532.0,65.92111096158624,-589.7725837007165,-344.15515011176467,77.2830301419242,-20.206555697539226,0.0010760508993869966,-110.0,,,
E,scan,100.0,1.9120458891013385,-20.0,0.0,1.0,True,25000000.0,1000.0,-358.0,36.32005883939564,-418.07709450274706,-178.85523473471403,44.44470279397524,-20.28093769689496,0.001028252686882479,-162.0,,,
E,scan,200.0,3.824091778202677,-20.0,0.0,1.0,True,25000000.0,1000.0,-264.0,17.13167001120746,-324.3581151738763,-89.2077588327229,25.002881749490143,-20.359631120624393,0.0006657911854089314,-235.0,,,
E,scan,400.0,7.648183556405354,-20.0,0.0,1.0,True,25000000.0,1000.0,-230.0,9.454538311809301,-278.85499558597803,-42.92331985011697,17.609489788955557,-20.563349283382298,0.0006555913891477483,-353.0,,,
E,scan,800.0,15.296367112810708,-20.0,0.0,1.0,True,25000000.0,1000.0,-211.0,-0.1735401377081871,-257.7343990653753,-25.18229502439499,8.347092960177633,-20.46714040844216,0.0011997005374839434,-556.0,,,
E,scan,1600.0,30.592734225621417,-20.0,0.0,1.0,False,25000000.0,1000.0,-199.0,-3.451647700741887,-241.20372718945146,-12.503910351544619,3.9922628794513457,-20.2232383717928,0.0016011314124186233,-722.0,,,
E,scan,3200.0,61.18546845124283,-20.0,0.0,1.0,False,25000000.0,1000.0,-197.0,0.7445259485393763,-235.6668760739267,-5.722088757902384,4.970281265325411,-20.25818485430163,0.0018214245419496,-945.0,,,
