variant,estimator,liquid,cv_df_sqrtn,cv_dG_sqrtn,range_df_sqrtn,range_dG_sqrtn
fwfix,argmax_hh,water,0.058400396564245526,0.019571461940016306,0.1255909376472499,0.044022925279245374
fwfix,argmax_hh,gluc05,0.06490019916372554,0.01973090536089362,0.1431214259815069,0.04133845292651942
fwfix,argmax_hh,gluc075,0.0652710699483798,0.019089911374963752,0.1478766078315286,0.042941838308847145
fwfix,argmax_hh,gluc10,0.06665273909341324,0.018657330205568874,0.15703259976177705,0.044323239867500766
fwfix,midpoint,water,0.09907609118776338,0.019571461940016306,0.2217441148247493,0.044022925279245374
fwfix,midpoint,gluc05,0.10132129197770609,0.01973090536089362,0.2269133475384431,0.04133845292651942
fwfix,midpoint,gluc075,0.09985120175929396,0.019089911374963752,0.22481659575834956,0.042941838308847145
fwfix,midpoint,gluc10,0.09983761207126983,0.018657330205568874,0.22645377516323964,0.044323239867500766
fwfix,sym,water,0.12129916862270147,0.14791964883519787,0.2704544844100748,0.310561856342116
fwfix,sym,gluc05,0.12214351587621095,0.1388630779178698,0.27142128579129354,0.28600216588162614
fwfix,sym,gluc075,0.11871027410093998,0.12595433995920935,0.26612406259366056,0.25671712792344986
fwfix,sym,gluc10,0.11637481854104054,0.11228221283513558,0.263435484603492,0.2256430847611829
fwfix,sym_lin,water,0.07754974336690075,0.03490088244985849,0.17249413583522316,0.0702569513561536
fwfix,sym_lin,gluc05,0.08029195199848313,0.05101642984082273,0.1780764597672364,0.11472903801575353
fwfix,sym_lin,gluc075,0.07928830014157248,0.05752109393300708,0.1769358217455719,0.13289395363838594
fwfix,sym_lin,gluc10,0.07936031013022778,0.06521920099009888,0.1788899448907179,0.15264581001211358
fwfix,psl,water,0.026637995169042795,0.03790149095595701,0.06339267995933812,0.08992246982544046
fwfix,psl,gluc05,0.02406544161705515,0.03206146698594822,0.04865449894366992,0.06236043616245667
fwfix,psl,gluc075,0.026173722012904223,0.03085854000851363,0.05240548879908697,0.057593820291682286
fwfix,psl,gluc10,0.029184728154074416,0.03140315682473908,0.05986102276838019,0.06711070329175314
fwfix,circle,water,0.02522333057375837,0.0969011160633367,0.06094941442429446,0.2038227292891323
fwfix,circle,gluc05,0.02402287829710227,0.0939132024343559,0.05849774373956775,0.20859024620709785
fwfix,circle,gluc075,0.022868279085790217,0.09931913865265703,0.05591979476402601,0.22223269851981495
fwfix,circle,gluc10,0.021123894874427087,0.10485014304992445,0.05159492043590722,0.2352037994217986
