variant,phase,fit,phi0_deg,tau_ns,rms_deg,phi_n1,phi_n3,phi_n5,phi_n7,phi_n9,sd_n1,sd_n3,sd_n5,sd_n7,sd_n9
asis,air,n=1-9,-8.226795014404846,1.3053553339286357,2.5712264147752464,-7.298792843829049,-19.702940377009565,-19.51183818210023,-25.32372605538298,-27.931610957698595,0.13008773039663524,0.04812290104384693,0.019687904353760916,0.04902841692802735,0.051001531769937276
asis,air,n=3-9,-13.964686330075695,0.8490830690568171,1.2447606366413104,-7.298792843829049,-19.702940377009565,-19.51183818210023,-25.32372605538298,-27.931610957698595,0.13008773039663524,0.04812290104384693,0.019687904353760916,0.04902841692802735,0.051001531769937276
asis,gluc05,n=1-9,-0.2975728728599948,2.016782202901087,4.843078304931285,0.8937161966328023,-19.4573011703435,-14.418608943523642,-28.07494403730494,-31.01611897783916,0.01099645099780316,0.007053847371048135,0.004661523081177004,0.011055381914773331,0.04371141073693758
asis,gluc05,n=3-9,-8.736942696641131,1.3456526703323457,3.84614586381532,0.8937161966328023,-19.4573011703435,-14.418608943523642,-28.07494403730494,-31.01611897783916,0.01099645099780316,0.007053847371048135,0.004661523081177004,0.011055381914773331,0.04371141073693758
asis,gluc075,n=1-9,-0.6198391196773692,1.9809649693880427,5.098343325524452,1.0737659309247969,-20.150276003925114,-14.532130602629968,-27.78045453220354,-30.686530997304335,0.011821363647892632,0.010056327068981026,0.011441308544263276,0.00495974505490048,0.017545855172685955
asis,gluc075,n=3-9,-9.825642397901461,1.2488843883722835,3.8995701825359474,1.0737659309247969,-20.150276003925114,-14.532130602629968,-27.78045453220354,-30.686530997304335,0.011821363647892632,0.010056327068981026,0.011441308544263276,0.00495974505490048,0.017545855172685955
asis,gluc10,n=1-9,-0.9414934041863535,1.9469266270795087,5.359515521425239,1.224931300336496,-20.848137951804684,-14.615629348700827,-27.50558777420831,-30.410402252764698,0.00971492759939169,0.025087130656536807,0.015804695916118838,0.01907207509307042,0.06633373659863522
asis,gluc10,n=3-9,-10.86769865029241,1.1575551966857538,3.9761359313853446,1.224931300336496,-20.848137951804684,-14.615629348700827,-27.50558777420831,-30.410402252764698,0.00971492759939169,0.025087130656536807,0.015804695916118838,0.01907207509307042,0.06633373659863522
asis,water,n=1-9,0.17482769411482524,2.094418830050628,4.598181002258123,0.7328628484758338,-18.8400941702766,-14.429345602077554,-28.72373874577541,-31.9383191724969,0.027005514319146124,0.028464445942008823,0.023261212139621446,0.008928981383531577,0.030485152562390237
asis,water,n=3-9,-7.400631381169165,1.4919923671101207,3.8372496951807222,0.7328628484758338,-18.8400941702766,-14.429345602077554,-28.72373874577541,-31.9383191724969,0.027005514319146124,0.028464445942008823,0.023261212139621446,0.008928981383531577,0.030485152562390237
