variant,estimator,phase,n,span_min,drift_f_Hz_per_min,drift_G_Hz_per_min,t_mean_min
asis,argmax_hh,air,1,7.516666666666667,0.11914768003033947,-0.010485140645464217,4.111111111111111
asis,argmax_hh,air,3,7.266666666666667,3.0812873974767344e-10,0.019402731236716493,4.061111111111111
asis,argmax_hh,air,5,7.25,0.14598287547281846,0.03232973134696973,4.038888888888889
asis,argmax_hh,air,7,7.266666666666667,0.4367486487316849,0.06214333809498214,4.094444444444445
asis,argmax_hh,air,9,7.516666666666667,0.7812931064553827,-0.009580738671835842,4.077777777777778
asis,argmax_hh,water,1,12.799999999999999,-0.36867422236762093,0.196836518269395,19.88888888888889
asis,argmax_hh,water,3,12.8,-0.45268845510257305,0.20038443381381663,19.92222222222222
asis,argmax_hh,water,5,12.95,-0.6895260909184593,0.154872977255604,19.855555555555554
asis,argmax_hh,water,7,12.783333333333333,-0.3880839046146743,0.337657143451854,19.833333333333332
asis,argmax_hh,water,9,12.8,-3.144682943516772,-0.2971833165990504,19.86111111111111
asis,argmax_hh,gluc05,1,11.45,0.12321173524187658,0.06546519131631086,34.516666666666666
asis,argmax_hh,gluc05,3,11.3,-0.12263019498941108,0.006471345554948375,34.49444444444444
asis,argmax_hh,gluc05,5,11.299999999999997,0.43303696226915156,0.233741509381569,34.47777777777778
asis,argmax_hh,gluc05,7,11.466666666666669,0.3189990800482957,0.08675828376045024,34.455555555555556
asis,argmax_hh,gluc05,9,11.450000000000003,-1.1640967291878166,-0.21483553944879172,34.483333333333334
asis,argmax_hh,gluc075,1,9.350000000000001,-0.5370143254980116,-0.04181028054563142,48.08888888888888
asis,argmax_hh,gluc075,3,9.349999999999994,0.5583741206400895,0.04552899715212988,48.12222222222223
asis,argmax_hh,gluc075,5,9.199999999999996,0.3366058900417182,0.3619866558777885,48.105555555555554
asis,argmax_hh,gluc075,7,9.366666666666667,1.9716351090025575,0.020154402632367643,48.02777777777778
asis,argmax_hh,gluc075,9,9.350000000000001,-0.6850790830925895,0.6615628927595749,48.055555555555564
asis,argmax_hh,gluc10,1,10.116666666666674,0.059588357082880405,-0.07834343430461678,63.26666666666667
asis,argmax_hh,gluc10,3,9.950000000000003,0.1276231485527493,0.06735178679781607,63.24444444444444
asis,argmax_hh,gluc10,5,9.949999999999996,0.33795677024419596,0.2577720809360364,63.27777777777778
asis,argmax_hh,gluc10,7,10.11666666666666,0.6965342101867075,0.04733406884798588,63.25555555555555
asis,argmax_hh,gluc10,9,10.11666666666666,0.07359728765468218,0.3455347498765379,63.28888888888889
asis,psl,air,1,7.516666666666667,0.06538318675203894,-0.02574366782431806,4.111111111111111
asis,psl,air,3,7.266666666666667,0.1366985870347504,0.013578823316423206,4.061111111111111
asis,psl,air,5,7.25,0.1940379802014389,0.029384843607014124,4.038888888888889
asis,psl,air,7,7.266666666666667,0.47740905121889565,0.039796339561347246,4.094444444444445
asis,psl,air,9,7.516666666666667,0.6350837369894449,0.012172049463862992,4.077777777777778
asis,psl,water,1,12.799999999999999,-0.17424451482229575,0.18903196832684993,19.88888888888889
asis,psl,water,3,12.8,-0.4249961071669096,0.27857817976082005,19.92222222222222
asis,psl,water,5,12.95,-0.6368164807891387,0.07898094036252376,19.855555555555554
asis,psl,water,7,12.783333333333333,-0.7446689701241141,0.013278100442185595,19.833333333333332
asis,psl,water,9,12.8,-1.0221542591133805,0.3760928761584946,19.86111111111111
asis,psl,gluc05,1,11.45,-0.0363025353005231,0.019382391701356447,34.516666666666666
asis,psl,gluc05,3,11.3,0.03495275658557691,-0.007494779121106139,34.49444444444444
asis,psl,gluc05,5,11.299999999999997,0.10104414982756224,0.0846987214999645,34.47777777777778
asis,psl,gluc05,7,11.466666666666669,0.13722123297715594,-0.03781806831234558,34.455555555555556
asis,psl,gluc05,9,11.450000000000003,-0.03165336630823798,0.09508295471256623,34.483333333333334
asis,psl,gluc075,1,9.350000000000001,0.015353384294745198,-0.14967014072063134,48.08888888888888
asis,psl,gluc075,3,9.349999999999994,0.07702346078622335,0.012645070723160066,48.12222222222223
asis,psl,gluc075,5,9.199999999999996,0.09336416820154743,0.07470903781985959,48.105555555555554
asis,psl,gluc075,7,9.366666666666667,0.12909653825363973,-0.04480399228841906,48.02777777777778
asis,psl,gluc075,9,9.350000000000001,-0.07980704516961999,0.237139072759118,48.055555555555564
asis,psl,gluc10,1,10.116666666666674,-0.0016283306196593018,-0.07493794184293148,63.26666666666667
asis,psl,gluc10,3,9.950000000000003,0.03662576934166781,0.16472872440523811,63.24444444444444
asis,psl,gluc10,5,9.949999999999996,0.22362903382671365,0.1442938975442629,63.27777777777778
asis,psl,gluc10,7,10.11666666666666,0.12293261556324367,0.3624392362499937,63.25555555555555
asis,psl,gluc10,9,10.11666666666666,0.3615976947900993,0.20097496493222702,63.28888888888889
