phase,n,estimator,fres,fres_sd,gamma,gamma_sd,D_ppm,D_sd,rms_rel,phi,phi_sd,fold,conc
air,1,argmax_hh,5000106.333333333,0.5773502693240506,109.98386106950541,0.7424597543781011,43.99260886678744,0.29698095110790174,,,,1.0,
air,1,circle,5000109.607304084,0.5784377676977642,112.17668515274306,0.15686694600534434,44.8696904516583,0.0627451030438764,0.020471445131748534,,,1.0,
air,1,mag_argmax,5000111.666666667,1.1547005382448268,181.82952223718166,0.2400623917150156,72.73018457359493,0.09600709617174681,,,,1.0,
air,1,midpoint,5000091.717203262,0.7530767649587341,109.98386106950541,0.7424597543781011,43.99273747802886,0.29698477932565526,,,,1.0,
air,1,psl,5000106.547450118,0.55249082019737,114.69147119917481,0.6647684506620527,45.875610912399075,0.26590653410038506,0.012205994073821747,-7.298792843829049,0.13008773039663524,1.0,
air,1,sym,5000092.3890034035,0.4221345777352909,117.98266652373489,0.635363495693873,47.19219461403352,0.2541441870288479,0.030120916934098713,,,1.0,
air,1,sym_lin,5000096.737316454,0.47964541220678153,115.13081998155559,0.7110066770358098,46.05143703086403,0.2844012350777474,0.018497300272037373,,,1.0,
air,3,argmax_hh,14977476.0,0.0,52.58992431499064,0.07348773848356187,7.022534947142048,0.009813100482826482,,,,1.0,
air,3,circle,14977484.627553694,0.4052934565294145,50.42639048066093,0.02857112615791518,6.733626070613034,0.00381502989089037,0.022497100978826495,,,1.0,
air,3,mag_argmax,14977492.333333334,0.5773502689207761,116.6788380642732,0.1585932759470249,15.580557208093985,0.02117789685879031,,,,1.0,
air,3,midpoint,14977462.599860935,0.40018574754459574,52.58992431499064,0.07348773848356187,7.022541229939191,0.009812924076830858,,,,1.0,
air,3,psl,14977480.52353572,0.5102967267569609,51.261193450185424,0.050228345053704236,6.845102334601028,0.006706949710341665,0.014022276613788265,-19.702940377009565,0.04812290104384693,1.0,
air,3,sym,14977462.28344289,0.4522027149818615,59.63378251809143,0.025993109993623822,7.963135728759899,0.003470792036638823,0.06949581172709617,,,1.0,
air,3,sym_lin,14977468.421832427,0.4813717470791903,51.92440577824342,0.10294209710588256,6.933669204115891,0.013746038737989916,0.03433659794161676,,,1.0,
air,5,argmax_hh,24955251.666666668,0.5773502689207761,70.00259803545971,0.11946359914685345,5.610249815863592,0.009574113452426097,,,,1.0,
air,5,circle,24955262.83891362,0.7060654738509414,65.37272639602476,0.07822355845984988,5.239193577451716,0.006268962819876164,0.02589961018758571,,,1.0,
air,5,mag_argmax,24955266.666666668,0.5773502689207761,114.8397966735065,0.1605416774157533,9.203652135296915,0.012866208374713384,,,,1.0,
air,5,midpoint,24955234.07109526,0.6804313418790734,70.00259803545971,0.11946359914685345,5.61025377153961,0.00957409448101571,,,,1.0,
air,5,psl,24955257.991670776,0.7413316964038201,66.91061450327624,0.11476298543841473,5.36244622466349,0.009197372756630328,0.013073800370053595,-19.51183818210023,0.019687904353760916,1.0,
air,5,sym,24955234.318113733,0.7057391908657431,77.74229955787136,0.10642333491310427,6.230540540340082,0.008529005401101315,0.06861248016505371,,,1.0,
air,5,sym_lin,24955242.15865232,0.7075884669955558,68.02543288563032,0.15026232755417782,5.451795053783037,0.012042416575881822,0.03485407725686541,,,1.0,
air,7,argmax_hh,34931726.0,1.7320508075688772,106.17290945723653,0.25395178040664773,6.0788813841526474,0.014539592729680717,,,,1.0,
air,7,circle,34931746.075856894,1.6983632311681254,98.35743382538298,0.14523386712995728,5.63140666418542,0.008315074381174082,0.014689525595034706,,,1.0,
air,7,mag_argmax,34931739.333333336,2.081665998720478,144.80760825922093,0.1412259988807384,8.29089023437503,0.00808538767797967,,,,1.0,
air,7,midpoint,34931695.860303305,1.6443630022492841,106.17290945723653,0.25395178040664773,6.07888662915808,0.01453962847723976,,,,1.0,
air,7,psl,34931741.78557893,1.8152190623356121,98.30707808156133,0.15562946543670714,5.628524261952205,0.00891019873716102,0.010954174816772693,-25.32372605538298,0.04902841692802735,1.0,
air,7,sym,34931694.74535478,1.6223245985225787,124.30276470112778,0.38520724688048474,7.116904324108859,0.02205459973121718,0.08478272310889762,,,1.0,
air,7,sym_lin,34931711.36259066,1.6863166943434722,100.25029206028597,0.22914018326844104,5.739787038339968,0.01311904909294525,0.040466754554337396,,,1.0,
air,9,argmax_hh,44909699.0,3.0,152.31984044487277,0.07736560464095335,6.78338282547472,0.003445654163371122,,,,1.0,
air,9,circle,44909733.79322401,2.3223707934819693,140.33751707595442,0.10347399689486333,6.249759471774623,0.00460795938545412,0.031101408053143913,,,1.0,
air,9,mag_argmax,44909700.333333336,3.511884583311877,189.77861653268337,0.4430906241572665,8.451564590584875,0.01973316559495417,,,,1.0,
air,9,midpoint,44909653.91526481,2.3183050047851568,152.31984044487277,0.07736560464095335,6.783389635246919,0.0034454928927845517,,,,1.0,
air,9,psl,44909726.02352568,2.4376600804821846,139.76943276465425,0.06903900765794853,6.224461609498424,0.003074380060442909,0.008905784680146767,-27.931610957698595,0.051001531769937276,1.0,
air,9,sym,44909650.73047475,2.272603611986042,185.5413489754022,0.8002993231381427,8.262872052946323,0.03564024197986134,0.0913772292889841,,,1.0,
air,9,sym_lin,44909678.50746604,2.327769584331614,142.26126573173562,0.14346404034153137,6.335439061507761,0.006388754219625274,0.041624343600252904,,,1.0,
gluc05,1,argmax_hh,4999359.333333333,1.5275252317789663,837.4585193963721,0.44022050781774646,335.02633580035564,0.1761126009371979,,,,1.0,5.0
gluc05,1,circle,4999358.8373781415,0.1744250827670482,874.138392125648,0.4628973912944385,349.7001997923042,0.18519021477827968,0.016651679897043952,,,1.0,5.0
gluc05,1,mag_argmax,4999322.666666667,1.5275252315503312,940.8278862779649,0.9702310011890711,376.3821417918113,0.388212623651762,,,,1.0,5.0
gluc05,1,midpoint,4999378.224156672,0.2923900906901883,837.4585193963721,0.44022050781774646,335.02506986447656,0.17612966713404637,,,,1.0,5.0
gluc05,1,psl,4999367.09231437,0.29113211614054485,857.1134209810726,0.8320545395904227,342.88877177279045,0.33285245903735194,0.00799926172387028,0.8937161966328023,0.01099645099780316,1.0,5.0
gluc05,1,sym,4999379.879856657,0.3288336284810011,857.2309080177621,0.8474255840885794,342.9348953717306,0.33900822989676394,0.00872106794674145,,,1.0,5.0
gluc05,1,sym_lin,4999374.504598413,0.3310165294177503,856.8031026772978,0.8213787277956471,342.76412054361225,0.32858703699406194,0.0076121813245767925,,,1.0,5.0
gluc05,3,argmax_hh,14975958.666666666,1.5275252313979075,1214.257072317414,0.16879214042237933,162.16084717319498,0.02252919297859074,,,,1.0,5.0
gluc05,3,circle,14976159.33137507,0.5274706394754165,1498.577289723241,0.6889411950579007,200.1283849324071,0.09201203038984308,0.15779809438771775,,,1.0,5.0
gluc05,3,mag_argmax,14975690.333333334,0.5773502689207761,1547.0069655415912,0.552364347319123,206.60242447526988,0.0737609332621173,,,,1.0,5.0
gluc05,3,midpoint,14975695.357464075,0.2706578022336895,1214.257072317414,0.16879214042237933,162.16369835727406,0.022544598016774702,,,,1.0,5.0
gluc05,3,psl,14976122.883118073,0.25944568978928667,1240.748413320421,0.23558008438825434,165.6968793600275,0.03146293121116433,0.007355726308259415,-19.4573011703435,0.007053847371048135,1.0,5.0
gluc05,3,sym,14975697.858016202,0.48876084241968804,1430.3296984501883,1.0320104911716865,191.0201063126855,0.1378308767659263,0.06586863308027119,,,1.0,5.0
gluc05,3,sym_lin,14975856.649167532,0.31552118383755273,1233.327406245003,0.2106753254720461,164.7087622613432,0.02813397112175994,0.020991050429970477,,,1.0,5.0
gluc05,5,argmax_hh,24953368.666666668,2.5166114779918347,1627.6015405307214,2.42497981278625,130.4514482328011,0.19435252266673528,,,,0.0,5.0
gluc05,5,circle,24953491.451264996,0.635112501897604,1594.0930854843484,0.840155256072584,127.76513367561328,0.06733489037793153,0.09138216310754593,,,0.0,5.0
gluc05,5,mag_argmax,24952569.666666668,3.785938897528176,,,,,,,,0.0,5.0
gluc05,5,midpoint,24953187.289455518,0.9944160185951787,1627.6015405307214,2.42497981278625,130.4523964577409,0.19436664293302588,,,,0.0,5.0
gluc05,5,psl,24953587.838849466,0.6029365866764611,1703.3173518556134,0.5194323797628987,136.51883351182386,0.04162859479620405,0.002422346932446418,-14.418608943523642,0.004661523081177004,0.0,5.0
gluc05,5,sym,24953170.16925459,0.40721171018650715,1813.6959091365009,1.0874154324070313,145.36797503664465,0.08715412460404631,0.05111420694596532,,,0.0,5.0
gluc05,5,sym_lin,24953318.100315582,0.5099381148393022,1699.947227318541,0.38772686282263796,136.25019490231577,0.031073646815900545,0.014956612683403694,,,0.0,5.0
gluc05,7,argmax_hh,34929237.0,3.605551275463989,1905.1694398075342,0.835461032399637,109.08737799387025,0.04784140455198077,,,,0.0,5.0
gluc05,7,circle,34929770.36094849,0.9587751946113223,1951.2167900292186,0.553751202633161,111.72227986971261,0.03170537248356365,0.049800417541106284,,,0.0,5.0
gluc05,7,mag_argmax,34928171.666666664,2.0816660005100496,,,,,,,,0.0,5.0
gluc05,7,midpoint,34928741.46950681,2.132360222071896,1905.1694398075342,0.835461032399637,109.08892560580746,0.04784355453554673,,,,0.0,5.0
gluc05,7,psl,34929666.79884693,0.813636178918786,1918.9156355271377,0.2630848596831199,109.87311425447693,0.01506564662936356,0.0060403931090581555,-28.07494403730494,0.011055381914773331,0.0,5.0
gluc05,7,sym,34928635.55089054,0.699900992480975,2653.6886325003366,1.1385905359811428,151.94917239864446,0.06519234683232175,0.08794129109267036,,,0.0,5.0
gluc05,7,sym_lin,34929051.059291884,0.7500702015791461,1944.808463190142,0.5768829246873085,111.35764667042396,0.03303365739372887,0.035310034927851064,,,0.0,5.0
gluc05,9,argmax_hh,44906784.0,7.0,2251.620690854887,3.9926956468558195,100.27975687652479,0.17781992077286643,,,,0.0,5.0
gluc05,9,circle,44907432.8532149,0.1381536041468688,2322.7142512846617,0.5324516661030546,103.44453484471666,0.023713565813648432,0.02322107533273177,,,0.0,5.0
gluc05,9,mag_argmax,44905121.666666664,3.0550504643200496,,,,,,,,0.0,5.0
gluc05,9,midpoint,44906192.03372554,4.290294405635428,2251.620690854887,3.9926956468558195,100.28107880614546,0.17783339771982515,,,,0.0,5.0
gluc05,9,psl,44907375.44927907,0.6742818706250521,2303.807601520346,0.7610575431168284,102.60263836299744,0.03389586428192657,0.0058574882710955315,-31.01611897783916,0.04371141073693758,0.0,5.0
gluc05,9,sym,44905998.53103557,1.825513659880582,3297.6894230118246,9.086266183315011,146.87077589186163,0.404684582094277,0.09798128595755586,,,0.0,5.0
gluc05,9,sym_lin,44906585.57047313,0.39734196209806866,2438.113996205235,2.1583255392251446,108.58603321715596,0.0961256504733933,0.035786582645655644,,,0.0,5.0
gluc075,1,argmax_hh,4999331.666666667,3.055050463329297,868.9978909565447,0.23509268484287338,347.6456249762751,0.09383723334871479,,,,1.0,7.5
gluc075,1,circle,4999330.969101098,0.15942516952441524,907.4394440806906,0.5466284018188657,363.02435253530865,0.21868374397277315,0.017680282611325232,,,1.0,7.5
gluc075,1,mag_argmax,4999293.666666667,6.027713773354583,972.4202297952337,0.8155868834477374,389.0230477323855,0.32596727447053336,,,,1.0,7.5
gluc075,1,midpoint,4999354.684815393,0.47864103094795496,868.9978909565447,0.23509268484287338,347.6440243775487,0.09405684693397574,,,,1.0,7.5
gluc075,1,psl,4999340.631473432,0.3506147445687426,888.7139389795437,0.886384819756297,355.5324609691117,0.3545921400819461,0.0077402793260552966,1.0737659309247969,0.011821363647892632,1.0,7.5
gluc075,1,sym,4999356.560348875,0.29107204901313655,888.9691096831297,0.8588600518113924,355.63340960149327,0.3435895487875978,0.008789127987542862,,,1.0,7.5
gluc075,1,sym_lin,4999350.175992941,0.31112810230712423,888.3286138103643,0.9046282008823568,355.3776321078379,0.3618987799878047,0.007320506643398843,,,1.0,7.5
gluc075,3,argmax_hh,14975894.666666666,3.7859388974666772,1252.0677758771926,0.3160131073260151,167.21108204121117,0.04220056584347408,,,,1.0,7.5
gluc075,3,circle,14976111.519012323,0.3985629614932456,1567.5375651101538,0.7792958701924133,209.33839376342783,0.1040701850280805,0.16323525114311266,,,1.0,7.5
gluc075,3,mag_argmax,14975624.0,1.0,1622.5749334916472,1.4375459164889586,216.6954690571175,0.19199831697373276,,,,1.0,7.5
gluc075,3,midpoint,14975621.393582935,0.4274045980189964,1252.0677758771926,0.3160131073260151,167.21413328727488,0.042208416817959955,,,,1.0,7.5
gluc075,3,psl,14976074.632355653,0.7012726983594234,1283.9636886214892,0.5126580822831946,171.4686551921577,0.06846974080267296,0.007169973035043204,-20.150276003925114,0.010056327068981026,1.0,7.5
gluc075,3,sym,14975617.070074687,0.8841445587581735,1497.1840926660327,1.092689927200554,199.94956944407477,0.14592764997384217,0.06777711304942081,,,1.0,7.5
gluc075,3,sym_lin,14975789.492762735,0.8208979967686153,1276.7070596253154,0.6937211366969926,170.50280524678007,0.09265502237699727,0.021673538715143836,,,1.0,7.5
gluc075,5,argmax_hh,24953305.666666668,4.618802153785856,1672.5793880987912,1.8073663155166928,134.0567386405096,0.144847386725062,,,,0.0,7.5
gluc075,5,circle,24953437.691622186,0.9986085263892719,1645.647278886487,0.42579972885997236,131.89744028163253,0.034122708344854126,0.08946690295582314,,,0.0,7.5
gluc075,5,mag_argmax,24952445.333333332,3.055050463405509,,,,,,,,0.0,7.5
gluc075,5,midpoint,24953121.07878453,0.11638165712857172,1672.5793880987912,1.8073663155166928,134.0577303193899,0.14486145359510672,,,,0.0,7.5
gluc075,5,psl,24953536.08339672,0.6406309296597515,1754.3699558579804,0.8300188851070449,140.61092984828693,0.06652174963447349,0.002298468036655296,-14.532130602629968,0.011441308544263276,0.0,7.5
gluc075,5,sym,24953102.25833716,0.1881650917491099,1870.631422650942,2.152200343880736,149.9317722733847,0.17250012323855157,0.05147134974610917,,,0.0,7.5
gluc075,5,sym_lin,24953255.936109174,0.2557384817257638,1751.9668545354277,0.4555724678942754,140.4199002341195,0.03651269327886153,0.015376129682356465,,,0.0,7.5
gluc075,7,argmax_hh,34929154.333333336,13.65039681855996,1968.5697783914704,1.0547660984314513,112.71786083202016,0.06042197457449752,,,,0.0,7.5
gluc075,7,circle,34929705.25745771,0.6713853054911905,2023.2682606815433,0.7573880158687516,115.84800076413553,0.04336571434476313,0.05012447642589533,,,0.0,7.5
gluc075,7,mag_argmax,34928038.666666664,1.5275252306357905,,,,,,,,0.0,7.5
gluc075,7,midpoint,34928646.83717619,0.14632784676535807,1968.5697783914704,1.0547660984314513,112.71949855776636,0.060395864812216246,,,,0.0,7.5
gluc075,7,psl,34929594.17197104,0.7276132522922245,1999.0990189398779,0.2237452618407669,114.46448585118942,0.012813367586655104,0.006050029911674586,-27.78045453220354,0.00495974505490048,0.0,7.5
gluc075,7,sym,34928535.44051608,0.5245468584069319,2751.372304997592,5.140824119129136,157.54295279066932,0.29436143731012854,0.08696604473233704,,,0.0,7.5
gluc075,7,sym_lin,34928962.239951394,0.7278498100650567,2025.1905477677708,2.44377366722408,115.96053348957527,0.13992986754444348,0.03463136687109942,,,0.0,7.5
gluc075,9,argmax_hh,44906672.0,3.4641016151377544,2323.0629280904927,5.673816147258278,103.4618164667259,0.25269935015921013,,,,0.0,7.5
gluc075,9,circle,44907360.41327721,0.7860621360721104,2416.1549681799584,0.6146786992199912,107.60618953969349,0.02737521540034489,0.02427394600289304,,,0.0,7.5
gluc075,9,mag_argmax,44904980.666666664,0.5773502697273251,,,,,,,,0.0,7.5
gluc075,9,midpoint,44906085.6751947,4.406124156265281,2323.0629280904927,5.673816147258278,103.46316734279078,0.2527071309071042,,,,0.0,7.5
gluc075,9,psl,44907291.08303836,0.44361331404929727,2403.6803461957184,1.3627728114740723,107.050783435414,0.060693308540364296,0.005522182905199714,-30.686530997304335,0.017545855172685955,0.0,7.5
gluc075,9,sym,44905894.444624774,1.6101407266769212,3317.8766652548006,14.06922472720264,147.77020730218274,0.6266144707243253,0.09793234119408421,,,0.0,7.5
gluc075,9,sym_lin,44906487.89240917,0.5977270498862784,2564.453135144618,1.941824727576163,114.21303493187054,0.08648454184701203,0.034194608540505184,,,0.0,7.5
gluc10,1,argmax_hh,4999304.333333333,2.886751346015341,902.1061254241504,0.6638584816313434,360.8926624565915,0.2657592909522535,,,,1.0,10.0
gluc10,1,circle,4999299.645878627,0.06134270555571727,944.4733659734026,0.6612125589505518,377.8422710688674,0.2645245456067193,0.018593989970691123,,,1.0,10.0
gluc10,1,mag_argmax,4999273.0,7.810249675906654,1004.2661576036675,0.32909408607533114,401.7648797327654,0.13201084842680022,,,,1.0,10.0
gluc10,1,midpoint,4999327.209412609,0.3115429727847475,902.1061254241504,0.6638584816313434,360.89101097589923,0.2655611562295415,,,,1.0,10.0
gluc10,1,psl,4999311.408387952,0.11945703733791717,924.9014071419857,0.8726500416647782,370.0115202174727,0.34909989467791946,0.00762566382168834,1.224931300336496,0.00971492759939169,1.0,10.0
gluc10,1,sym,4999330.312629657,0.022976931336301323,925.2561521048641,0.8340332027856721,370.1520380713421,0.33365862839661875,0.008973008423479634,,,1.0,10.0
gluc10,1,sym_lin,4999322.932930577,0.02860226169126259,924.4784167854447,0.9083547658157838,369.84144820613875,0.3633893780528056,0.007187814176857249,,,1.0,10.0
gluc10,3,argmax_hh,14975821.666666666,1.527525231855178,1292.408449326021,0.853339820056652,172.59933753639328,0.11397414114582877,,,,1.0,10.0
gluc10,3,circle,14976061.561925648,0.7823010918692095,1639.4564614113642,1.263511984113616,218.94360605342047,0.16874058285925328,0.1675112244580248,,,1.0,10.0
gluc10,3,mag_argmax,14975555.333333334,1.1547005382448268,1702.397602689142,2.28051329706482,227.35685785793893,0.3045562462718769,,,,1.0,10.0
gluc10,3,midpoint,14975541.808676839,0.5337941736420139,1292.408449326021,0.853339820056652,172.60256300986796,0.11396249461828623,,,,1.0,10.0
gluc10,3,psl,14976022.792624451,0.3486972484263853,1328.954738310554,0.831800156444047,177.47765968410468,0.11108260424302106,0.006950571409733743,-20.848137951804684,0.025087130656536807,1.0,10.0
gluc10,3,sym,14975530.62740119,1.0427122399585125,1566.4281805154385,2.4820400290633478,209.1983542487765,0.3314935526623677,0.06973076008294944,,,1.0,10.0
gluc10,3,sym_lin,14975717.5475377,0.4967539757909768,1322.3212085293062,0.8434338950177516,176.59537238689776,0.11264173920935312,0.022342011381475124,,,1.0,10.0
gluc10,5,argmax_hh,24953248.333333332,2.51661147891701,1719.3525745136042,1.6098658968255808,137.80591219545553,0.12901691981546776,,,,0.0,10.0
gluc10,5,circle,24953383.729067463,1.2691089213529074,1700.2358683638242,0.8087217247497163,136.27297097646633,0.06481205163233969,0.0878228397124619,,,0.0,10.0
gluc10,5,mag_argmax,24952337.333333332,2.081665998944174,,,,,,,,0.0,10.0
gluc10,5,midpoint,24953054.7910186,0.6296175744581063,1719.3525745136042,1.6098658968255808,137.80698106025451,0.12902862497178957,,,,0.0,10.0
gluc10,5,psl,24953482.653827716,1.1269218290806078,1808.4261701683836,0.8446081849140677,144.9437896291216,0.06768863576003609,0.0023294800529483984,-14.615629348700827,0.015804695916118838,0.0,10.0
gluc10,5,sym,24953032.680323765,0.431047074545307,1932.1775422511466,1.4994193988633056,154.86514741413302,0.12017667562758455,0.05168323729628119,,,0.0,10.0
gluc10,5,sym_lin,24953192.244039956,0.6505334795571301,1806.0082361975408,0.710014020724003,144.75167894533686,0.0569039172806063,0.01576883958945998,,,0.0,10.0
gluc10,7,argmax_hh,34929080.333333336,7.02376916768452,2036.5091216415167,0.9306036136808784,116.60823028184619,0.053262703862033633,,,,0.0,10.0
gluc10,7,circle,34929635.97083535,1.0155440544221759,2096.0269622937935,0.7022155443620874,120.01424601337997,0.04020410897016618,0.05048360363545967,,,0.0,10.0
gluc10,7,mag_argmax,34927911.333333336,4.041451885325965,,,,,,,,0.0,10.0
gluc10,7,midpoint,34928548.043000005,2.621665983012366,2036.5091216415167,0.9306036136808784,116.61000732982082,0.05328906141005144,,,,0.0,10.0
gluc10,7,psl,34929515.8990382,0.8420888175079466,2081.6003043189994,2.1841580627242685,119.18861459753025,0.1250580488121362,0.005794185598469035,-27.50558777420831,0.01907207509307042,0.0,10.0
gluc10,7,sym,34928431.87210056,0.9542574178081673,2834.337500745313,4.275085879121799,162.29400226851263,0.24479104449112774,0.0866182236043145,,,0.0,10.0
gluc10,7,sym_lin,34928870.93451505,0.8116851989271101,2117.2976718530294,1.514324729376374,121.23481894416841,0.0867069003225367,0.033335397681650496,,,0.0,10.0
gluc10,9,argmax_hh,44906553.333333336,1.527525231855178,2398.9239781300225,2.4110736592097126,106.84070809341081,0.10737875459441938,,,,0.0,10.0
gluc10,9,circle,44907274.261642076,2.3039039872373004,2508.444973467822,0.6952818084846594,111.71664344755612,0.030959656710111493,0.024333507569424862,,,0.0,10.0
gluc10,9,mag_argmax,44904825.333333336,2.3094010756831045,,,,,,,,0.0,10.0
gluc10,9,midpoint,44905965.64064614,1.9945668996778048,2398.9239781300225,2.4110736592097126,106.8421063395022,0.10738308780178998,,,,0.0,10.0
gluc10,9,psl,44907196.25693139,2.7222428649909483,2508.4053901971415,1.179071936951943,111.71507461010968,0.05251004421377593,0.005735682337412299,-30.410402252764698,0.06633373659863522,0.0,10.0
gluc10,9,sym,44905778.589097746,2.7224926178692517,3333.140097384055,7.542272484653678,148.45038667222255,0.3359243253748905,0.0978771717552548,,,0.0,10.0
gluc10,9,sym_lin,44906377.77134383,1.3053177360296313,2702.857776064215,1.297324335990778,120.37745684185786,0.057776680628095704,0.033070280006247565,,,0.0,10.0
water,1,argmax_hh,4999377.333333333,2.516611478315646,811.079423910783,1.3960954429203192,324.47217732881944,0.5586493211231566,,,,1.0,0.0
water,1,circle,4999376.2010798035,1.1946123315693524,846.1192089427387,1.5296515735636405,338.4899135939361,0.6120101856564266,0.015506287877360565,,,1.0,0.0
water,1,mag_argmax,4999343.0,2.6457513110645907,914.9797629869232,0.6368099970683893,366.04000291022015,0.2548846405142065,,,,1.0,0.0
water,1,midpoint,4999392.178576614,1.0146570342588155,811.079423910783,1.3960954429203192,324.47121375060436,0.5585716222543136,,,,1.0,0.0
water,1,psl,4999383.686407863,1.1905915900989783,831.0470661098499,1.51887200694154,332.4598064122528,0.6076800908417416,0.008335239648218468,0.7328628484758338,0.027005514319146124,1.0,0.0
water,1,sym,4999393.85469203,1.4113093138294086,831.0717746610775,1.5238228204242004,332.469014868841,0.6096828898712353,0.008811026771736244,,,1.0,0.0
water,1,sym_lin,4999389.330129735,1.3139094485812066,830.8043981959837,1.520241730246553,332.3623521001719,0.6082421153150537,0.007995306704431994,,,1.0,0.0
water,3,argmax_hh,14976008.666666666,3.0550504631006623,1170.7577046159033,1.3437207980900323,156.3510987281203,0.1794814795851911,,,,1.0,0.0
water,3,circle,14976200.972679382,2.7013311334910224,1426.755067461478,2.907941286644078,190.53631430461823,0.38837584160761557,0.1509470709725199,,,1.0,0.0
water,3,mag_argmax,14975751.0,3.0,1472.8901047483087,1.5958573118400416,196.70333794383941,0.21316424774837603,,,,1.0,0.0
water,3,midpoint,14975764.249978587,3.9176670079142815,1170.7577046159033,1.3437207980900323,156.35365051262323,0.17949359735143158,,,,1.0,0.0
water,3,psl,14976163.04611133,2.8589465689362767,1196.4327790306793,1.8826574858024059,159.77827906674494,0.25145038678067927,0.007360478329197455,-18.8400941702766,0.028464445942008823,1.0,0.0
water,3,sym,14975767.933378624,4.066793639552287,1365.3915404354495,2.632918255154973,182.34678141171267,0.35167307212767157,0.06411140586376744,,,1.0,0.0
water,3,sym_lin,14975914.61813899,3.5061394013029594,1189.6415118257764,1.5992982456466163,158.87397095943652,0.21361857916223173,0.020314835593256295,,,1.0,0.0
water,5,argmax_hh,24953443.333333332,4.932882862095982,1571.3308304206778,1.0895273503657867,125.94100217544612,0.08734966141080022,,,,0.0,0.0
water,5,circle,24953566.557973694,4.62943985136922,1528.1804467142408,0.4276863743144037,122.48192602952525,0.03425666988911624,0.09376198925571828,,,0.0,0.0
water,5,mag_argmax,24952744.0,6.244997998398398,6126.943767269452,8.928454904298054,491.08376764843297,0.7157176206093149,,,,0.0,0.0
water,5,midpoint,24953273.279874314,4.384469812403131,1571.3308304206778,1.0895273503657867,125.94186044643163,0.08734743264515261,,,,0.0,0.0
water,5,psl,24953661.527643275,4.373887438018755,1640.379808731368,0.5749312595314221,131.47407701842928,0.04609952985267382,0.002615519601732477,-14.429345602077554,0.023261212139621446,0.0,0.0
water,5,sym,24953259.225018617,3.849352138180533,1743.277670334982,0.7597372820579079,139.72344491122416,0.06089454445659103,0.05121883075704751,,,0.0,0.0
water,5,sym_lin,24953401.740761776,4.144554366096277,1636.7582767855347,0.8033732928658845,131.18518219417786,0.06440888991814792,0.014472023687116238,,,0.0,0.0
water,7,argmax_hh,34929331.666666664,3.0550504631006623,1806.5937207068007,2.276751109218944,103.44278774364183,0.13037038298557044,,,,0.0,0.0
water,7,circle,34929859.19813242,5.235830095484206,1841.0608127691285,0.3372085197008486,105.41472854474034,0.01929340713820758,0.0497760678596034,,,0.0,0.0
water,7,mag_argmax,34928352.333333336,8.504900548480396,,,,,,,,0.0,0.0
water,7,midpoint,34928870.86118748,7.379483079634542,1806.5937207068007,2.276751109218944,103.44415244257202,0.13038536001592452,,,,0.0,0.0
water,7,psl,34929765.478810675,5.240981757323789,1800.1000775640312,0.08983321443306959,103.06969158810419,0.005158886890096113,0.006144404028132,-28.72373874577541,0.008928981383531577,0.0,0.0
water,7,sym,34928767.8217203,5.920866555017938,2516.0417842201473,0.8805744322409256,144.0670221838952,0.05044416263552893,0.09006158928032994,,,0.0,0.0
water,7,sym_lin,34929170.22772633,5.84268880600455,1830.0213170173095,0.1660587707266677,104.78470030086997,0.009525203983441718,0.03665000354496529,,,0.0,0.0
water,9,argmax_hh,44906947.0,35.679125549822544,2111.8816073586545,2.3965049574217367,94.05589768403031,0.10666183346224402,,,,0.0,0.0
water,9,circle,44907532.02499812,7.216805531720569,2162.5910052771414,1.0833957288317948,96.31306410638206,0.04826531146462903,0.01776557368605566,,,0.0,0.0
water,9,mag_argmax,44905346.333333336,13.051181301181359,,,,,,,,0.0,0.0
water,9,midpoint,44906353.762330376,4.413278185770722,2111.8816073586545,2.3965049574217367,94.05714026263043,0.1067272440877733,,,,0.0,0.0
water,9,psl,44907503.45875943,7.572872992935128,2129.136711792067,4.524752401210735,94.82320539966861,0.201528025068842,0.0057891463915040525,-31.9383191724969,0.030485152562390237,0.0,0.0
water,9,sym,44906159.055442266,6.961108227550864,3233.6488369015683,9.18105061940233,144.01805472501349,0.40888215681239737,0.0979713172873836,,,0.0,0.0
water,9,sym_lin,44906735.40831745,8.128427080008395,2212.138122602517,1.2584224499890322,98.52144016251464,0.056058918215165204,0.038189332469257514,,,0.0,0.0
