variant,liquid,n,estimator,f_air,f_air_sd,f_liq,f_liq_sd,G_air,G_air_sd,G_liq,G_liq_sd,df,df_sd,dG,dG_sd,df_over_n,dG_over_n,df_KG,dG_KG,eps_f,eps_G,rho,dD_ppm,dD_KG_ppm,rms_liq,phi_air,phi_liq
fwfix,water,1,mag_argmax,5004599.333333333,1.5275252315503312,5003811.333333333,3.055050463405509,128.68876892793924,0.08609439879548578,908.1974343230637,1.3470163168746194,-788.0,3.41565025536531,779.5086653951245,1.3497648696830205,-788.0,779.5086653951245,-673.5703706461896,673.5703706461896,0.16988518845333456,0.1572787333969321,1.0108931882117966,311.5740687471228,269.1807335938031,,,
fwfix,water,3,mag_argmax,14988750.333333334,7.571877794564362,14986979.0,7.211102550927978,134.63784150592983,0.27073037517804155,1774.1655010652419,1.3908080394300362,-1771.3333333339542,10.456258094357505,1639.527659559312,1.416912819684847,-590.4444444446514,546.509219853104,-1166.6581044322006,1166.6581044322006,0.518296857155115,0.4053197362026226,1.0803924673098044,218.7957387889242,155.41156900104312,,,
fwfix,water,5,mag_argmax,24973699.0,13.076696830622021,24971132.666666668,22.501851775188054,160.25410220461586,0.873969114549541,6373.911537401378,73.91707914273717,-2566.3333333320916,26.02562839419125,6213.657435196762,73.92224571133413,-513.2666666664184,1242.7314870393525,-1506.149136394609,1506.149136394609,0.7039038640458481,3.125526008713119,0.41301493687040153,497.6685703423316,120.381283709801,,,
fwfix,water,7,mag_argmax,34957565.666666664,21.962088546125962,34954408.0,19.467922333931785,189.19033655275902,2.6913151509716435,,,-3157.666666664183,29.348480936973164,,,-451.0952380948833,,-1782.0996912314185,1782.0996912314185,0.7718799246759631,,,,101.740754117019,,,
fwfix,water,9,mag_argmax,44943109.666666664,22.14347157299758,44939176.0,76.23647421018367,230.29992464308938,1.1952670560037462,,,-3933.666666664183,79.38723658941753,,,-437.0740740737981,,-2020.711111938569,2020.711111938569,0.9466744372432436,,,,89.72691119793437,,,
fwfix,water,1,argmax_hh,5004598.333333333,1.5275252315503312,5003826.0,2.6457513110645907,65.99533739453182,0.1342556107253886,938.5790857213238,3.171765748109049,-772.3333333330229,3.0550504632530857,872.583748326792,3.1746058857579476,-772.3333333330229,872.583748326792,-673.5703706461896,673.5703706461896,0.14662604976534976,0.29546040971142906,0.8851108387177705,348.77069422747047,269.1807335938031,,,
fwfix,water,3,argmax_hh,14988738.666666666,7.234178137920039,14987327.333333334,10.408329997069684,78.73083057813346,0.11989679006924939,1298.5022135935724,0.5312497548349071,-1411.3333333320916,12.675435560921008,1219.771383015439,0.5446113681158874,-470.4444444440305,406.5904610051463,-1166.6581044322006,1166.6581044322006,0.2097231639418231,0.04552600147503183,1.1570474213315989,162.77469210988724,155.41156900104312,,,
fwfix,water,5,argmax_hh,24973688.0,13.076696830622021,24971740.666666668,24.785748593280324,108.68152431584895,0.8538200114614605,1581.7310974293698,1.8845038866957522,-1947.3333333320916,28.023799409239597,1473.0495731135209,2.0689039395156668,-389.4666666664183,294.6099146227042,-1506.149136394609,1506.149136394609,0.2929219864598407,-0.02197628540313168,1.3219740658259707,117.97800300142508,120.381283709801,,,
fwfix,water,7,argmax_hh,34957565.666666664,21.962088546125962,34955382.666666664,18.9296944866569,159.32941725477576,2.6173036374617538,1822.6208024223645,2.6580986940752567,-2183.0,28.99425230396614,1663.2913851675887,3.7303842963044858,-311.85714285714283,237.61305502394126,-1782.0996912314185,1782.0996912314185,0.22495952989676016,-0.06666759814190537,1.3124579490201873,95.16710776050806,101.740754117019,,,
fwfix,water,9,argmax_hh,44943110.0,22.715633383201094,44940714.666666664,40.46397574856579,204.21761310597262,0.8391661988026305,2098.181593361,1.1656355899394844,-2395.333333335817,46.40402281462804,1893.9639802550275,1.4362820885001755,-266.14814814842407,210.44044225055862,-2020.711111938569,2020.711111938569,0.1853912809129128,-0.06272402370368846,1.264719581949641,84.28770564881437,89.72691119793437,,,
fwfix,water,1,midpoint,5004585.653611577,2.3942191230723306,5003830.551022516,3.1586007848969584,65.99533739453182,0.1342556107253886,938.5790857213238,3.171765748109049,-755.1025890614837,3.9634636528719325,872.583748326792,3.1746058857579476,-755.1025890614837,872.583748326792,-673.5703706461896,673.5703706461896,0.12104484099720159,0.29546040971142906,0.8653640301110556,348.77028637634885,269.1807335938031,,,
fwfix,water,3,midpoint,14988719.511251854,7.435097504541357,14987192.609100893,8.280661910058932,78.73083057813346,0.11989679006924939,1298.5022135935724,0.5312497548349071,-1526.9021509606391,11.128793131815234,1219.771383015439,0.5446113681158874,-508.9673836535464,406.5904610051463,-1166.6581044322006,1166.6581044322006,0.30878287748557254,0.04552600147503183,1.2517937149713512,162.77623636639663,155.41156900104312,,,
fwfix,water,5,midpoint,24973660.36161092,12.808283610297797,24971445.705579117,13.711069232999224,108.68152431584895,0.8538200114614605,1581.7310974293698,1.8845038866957522,-2214.6560318022966,18.762876873068297,1473.0495731135209,2.0689039395156668,-442.9312063604593,294.6099146227042,-1506.149136394609,1506.149136394609,0.4704095220634643,-0.02197628540313168,1.5034497631476682,117.97948975741126,120.381283709801,,,
fwfix,water,7,midpoint,34957530.56474528,21.57957675394038,34955021.465858124,19.336929686798918,159.32941725477576,2.6173036374617538,1822.6208024223645,2.6580986940752567,-2509.09888715297,28.975765435815656,1663.2913851675887,3.7303842963044858,-358.44269816470995,237.61305502394126,-1782.0996912314185,1782.0996912314185,0.40794530154438213,-0.06666759814190537,1.5085143285944211,95.16817619200408,101.740754117019,,,
fwfix,water,9,midpoint,44943065.04498283,23.069218890304988,44940161.39368922,14.421264719045679,204.21761310597262,0.8391661988026305,2098.181593361,1.1656355899394844,-2903.651293605566,27.20591362747438,1893.9639802550275,1.4362820885001755,-322.62792151172954,210.44044225055862,-2020.711111938569,2020.711111938569,0.43694527953575135,-0.06272402370368846,1.5331079808680317,84.28884613240507,89.72691119793437,,,
fwfix,water,1,sym,5004586.56504114,2.33545568159233,5003829.853649898,2.8721426914571175,68.70143000727934,0.14009899329213507,938.7335482573288,4.100390807571999,-756.7113912412897,3.7018315575904355,870.0321182500495,4.102783506686944,-756.7113912412897,870.0321182500495,-673.5703706461896,673.5703706461896,0.12343331033896088,0.2916721936794582,0.8697510992620722,347.7506362674021,269.1807335938031,0.019875232008252,,
fwfix,water,3,sym,14988720.637169184,7.421517514893203,14987185.663897282,8.21486090929799,84.39811839264864,0.12007684926792332,1401.296574064466,1.4612456364715647,-1534.9732719026506,11.070811261284279,1316.8984556718174,1.4661709517778954,-511.65775730088353,438.9661518906058,-1166.6581044322006,1166.6581044322006,0.31570103192289123,0.12877838903175243,1.1655972905819698,175.73774402892428,155.41156900104312,0.0486545054001987,,
fwfix,water,5,sym,24973660.566494554,12.886415349947079,24971380.824504424,11.879490471430902,120.96402928993905,0.8817767479051867,2017.7769795108454,7.210392920072865,-2279.7419901303947,17.526608183906244,1896.8129502209063,7.264110151627874,-455.94839802607896,379.3625900441813,-1506.149136394609,1506.149136394609,0.5136230105257686,0.2593792370133152,1.2018802327688094,151.9198321287684,120.381283709801,0.07834203995417947,,
fwfix,water,7,sym,34957531.02931968,21.507841448956633,34954973.57072677,18.763542863408638,176.84642547407034,2.3511828606852943,2258.975281283012,2.052547111021633,-2557.458592914045,28.5422105762751,2082.128855808942,3.1210591931816247,-365.35122755914927,297.4469794012774,-1782.0996912314185,1782.0996912314185,0.43508166546331584,0.16835711607705028,1.2282902596441032,119.13279174340164,101.740754117019,0.0740878077832872,,
fwfix,water,9,sym,44943060.46875035,22.89957579075705,44940051.537509024,17.716218877142555,238.66807130010318,1.049533504071615,2865.9417190396157,23.91058731042675,-3008.931241326034,28.952633432892572,2627.2736477395124,23.933610385934454,-334.32569348067045,291.91929419327914,-2020.711111938569,2020.711111938569,0.48904572432395654,0.30017281155000797,1.1452675452802175,116.92419262239878,89.72691119793437,0.08895852569092182,,
fwfix,water,1,sym_lin,5004589.113094594,2.332713970219607,5003855.356410817,2.6799416645478895,66.70099201070774,0.061996504280323106,936.6337935787909,3.9286141981798117,-733.7566837770864,3.5529764694179207,869.9328015680832,3.9291033435992726,-733.7566837770864,869.9328015680832,-673.5703706461896,673.5703706461896,0.08935415771503874,0.29152474556372376,0.8434636358744783,347.70892461583634,269.1807335938031,0.007701309042066967,,
fwfix,water,3,sym_lin,14988726.79613843,7.4222805548756146,14987290.380150912,8.34894837574845,77.62609320051577,0.15365468327706616,1328.0928850414296,0.7827637876528394,-1436.4159875176847,11.171176644212432,1250.4667918409139,0.7977022683643283,-478.8053291725616,416.8222639469713,-1166.6581044322006,1166.6581044322006,0.23122273960182382,0.07183654499147551,1.1487038255554312,166.87128888089154,155.41156900104312,0.016193221392488466,,
fwfix,water,5,sym_lin,24973673.586000755,12.997921313352563,24971654.065145716,12.747746861882275,104.54477394578971,0.7379994235221794,1649.0927907348675,2.3106946374774893,-2019.5208550393581,18.205796014531586,1544.5480167890778,2.4256860589916194,-403.90417100787164,308.90960335781557,-1506.149136394609,1506.149136394609,0.3408505215317843,0.025494739841226632,1.30751574770572,123.70477885056079,120.381283709801,0.026278169757490467,,
fwfix,water,7,sym_lin,34957552.446482,21.23615380567644,34955258.771392666,18.356610097501314,150.86855428119486,2.4099420310351287,1879.3986024034577,3.1142324721522643,-2293.6750893369317,28.070257617806668,1728.530048122263,3.9377994468430364,-327.66786990527595,246.93286401746613,-1782.0996912314185,1782.0996912314185,0.28706328867158826,-0.03005984646803861,1.326951239192282,98.90013734346793,101.740754117019,0.026450195230437432,,
fwfix,water,9,sym_lin,44943094.66401855,23.08906831259545,44940501.126310594,24.63284095332656,193.827790566986,0.9687073714338955,2175.652081641701,3.7433190982884064,-2593.537707954645,33.762137506022654,1981.824291074715,3.8666305542527715,-288.17085643940504,220.20269900830166,-2020.711111938569,2020.711111938569,0.28347772852425934,-0.019244126799772054,1.3086617817910622,88.19819217846839,89.72691119793437,0.03394033127906993,,
fwfix,water,1,psl,5004595.697867555,2.276828216200715,5003909.027433489,2.232455514259649,66.19187499472484,0.06421677830250924,936.0649734280672,3.9298064377333497,-686.6704340651631,3.188699476155764,869.8730984333424,3.930331084357402,-686.6704340651631,869.8730984333424,-673.5703706461896,673.5703706461896,0.019448693098548686,0.29143610874514825,0.7893915046940402,347.6810537087322,269.1807335938031,0.004577342419212167,-7.9949173667567,-5.06235811556121
fwfix,water,3,psl,14988740.269184167,7.416609197502087,14987491.911240295,8.695644017291828,76.66748748031826,0.15280292964663558,1327.966718046018,0.7129684815259241,-1248.3579438719898,11.428924571626839,1251.2992305656999,0.7291589613780911,-416.1193146239966,417.09974352189994,-1166.6581044322006,1166.6581044322006,0.07002894775205082,0.07255006913503004,0.9976494138077746,166.9799888672112,155.41156900104312,0.0027996704935521668,-14.497289925195107,-13.541119265136631
fwfix,water,5,psl,24973699.31942649,13.200772290973168,24972089.488040686,13.278385578362398,103.03257091238329,0.739452428175839,1645.6339888115608,1.0423325101630523,-1609.831385806203,18.723672520255942,1542.6014178991775,1.2779855066775812,-321.96627716124055,308.5202835798355,-1506.149136394609,1506.149136394609,0.06883929811876821,0.024202305484719355,1.0435822028470478,123.54657473060574,120.381283709801,0.0017785935765255334,-20.645248111509208,-23.797843531013697
fwfix,water,7,psl,34957593.6477362,20.62434754358659,34955726.79510867,17.572358965996873,148.13080385627424,2.308680685780109,1871.8321121640784,3.1743214480424538,-1866.852627530694,27.09523041475191,1723.701308307804,3.925088937132056,-266.69323250438487,246.24304404397202,-1782.0996912314185,1782.0996912314185,0.04755790976020635,-0.032769425420449694,1.083048796524628,98.6224219389597,101.740754117019,0.0036316319654489666,-22.945676747401762,-22.325736706916757
fwfix,water,9,psl,44943156.91465878,23.317108318170295,44941169.02080872,30.176905834266297,189.10506676499463,1.0429597737117084,2123.8917245589055,10.030230897287137,-1987.8938500583172,38.13572060485368,1934.7866577939108,10.084309443014643,-220.87709445092412,214.97629531043452,-2020.711111938569,2020.711111938569,-0.016240452030161112,-0.04252188926809364,1.0274486037261392,86.10345787950561,89.72691119793437,0.0056693377921981335,-26.933007378637118,-27.80645762228612
fwfix,water,1,circle,5004602.12348913,2.1942845311086243,5003908.462294423,1.8012086054139147,65.57233961885235,0.09629555346097819,952.7836151508503,4.4047254583606845,-693.661194707267,2.8388795401847777,887.211275531998,4.40577793325391,-693.661194707267,887.211275531998,-673.5703706461896,673.5703706461896,0.02982735722446228,0.31717681506811535,0.7818444307882891,354.6109493852844,269.1807335938031,0.055621027397441035,,
fwfix,water,3,circle,14988744.592581762,7.459912850983503,14986961.017464114,9.400110461125472,76.82916089921504,0.13649813278736436,1382.5176091901685,1.3611481518164583,-1783.5751176476479,12.000515673321265,1305.6884482909534,1.3679751574673413,-594.5250392158827,435.2294827636511,-1166.6581044322006,1166.6581044322006,0.5287898921472747,0.11916974075829811,1.3660035975520897,174.24447683997957,155.41156900104312,0.17876986507056455,,
fwfix,water,5,circle,24973704.713489547,13.276274089008274,24972178.14006454,13.60018090656243,104.23240651590197,0.7736290015183297,1532.1946167035746,1.9590525446834886,-1526.5734250061214,19.005903671693638,1427.9622101876726,2.106273653830646,-305.3146850012243,285.5924420375345,-1506.149136394609,1506.149136394609,0.01356060174784779,-0.05191180894217351,1.069057300056623,114.3647601758803,120.381283709801,0.1018951967756403,,
fwfix,water,7,circle,34957604.19962969,20.484458741422507,34955776.18687404,17.376827965349587,147.3747506072067,2.2243001472232224,1761.7927347173716,2.1592194485671343,-1828.0127556473017,26.8620029049659,1614.417984110165,3.0999580274590506,-261.14467937818597,230.6311405871664,-1782.0996912314185,1782.0996912314185,0.02576346578240951,-0.09409221490038344,1.132304504557948,92.36960905408024,101.740754117019,0.06608309628742073,,
fwfix,water,9,circle,44943168.698435426,23.328700268490707,44941152.73673835,30.20940036843904,191.87929005989588,0.9473901468755376,2017.650459314026,1.3879830020037405,-2015.9616970792413,38.16852272275839,1825.7711692541302,1.6804894835279893,-223.99574411991568,202.86346325045892,-2020.711111938569,2020.711111938569,-0.0023503680616530076,-0.09647096090713492,1.1041699699436092,81.25202251678314,89.72691119793437,0.0651416117777663,,
fwfix,ipa,1,mag_argmax,5004599.333333333,1.5275252315503312,5003527.333333333,1.5275252315503312,128.68876892793924,0.08609439879548578,1213.425456663904,0.08219656701068648,-1072.0,2.1602468993255806,1084.7366877359648,0.11903159720132472,-1072.0,1084.7366877359648,-902.1050405861821,902.1050405861821,0.18833168175562043,0.20245053395457124,0.988258267762153,433.59981108780084,360.51065662329796,,,
fwfix,ipa,3,mag_argmax,14988750.333333334,7.571877794564362,14986302.666666666,0.5773502689207761,134.63784150592983,0.27073037517804155,2788.7204628844434,13.566776719761862,-2447.6666666679084,7.593857166739427,2654.0826213785135,13.569477716548874,-815.8888888893028,884.6942071261711,-1562.4917640592514,1562.4917640592514,0.5665149237708815,0.698621831121452,0.9222270048988174,354.20405783130195,208.14092464718976,,,
fwfix,ipa,5,mag_argmax,24973699.0,13.076696830622021,24970193.0,3.605551275463989,160.25410220461586,0.873969114549541,,,-3506.0,13.564659966250536,,,-701.2,,-2017.16819359591,2017.16819359591,0.7380801517349034,,,,161.22526696455583,,,
fwfix,ipa,7,mag_argmax,34957565.666666664,21.962088546125962,34953137.333333336,6.429100508390947,189.19033655275902,2.6913151509716435,,,-4428.333333328366,22.883764258855447,,,-632.6190476183381,,-2386.745593848867,2386.745593848867,0.8553855696816157,,,,136.2602203448353,,,
fwfix,ipa,9,mag_argmax,44943109.666666664,22.14347157299758,44937951.333333336,4.16333199967792,230.29992464308938,1.1952670560037462,,,-5158.333333328366,22.531459487651794,,,-573.1481481475962,,-2706.3151217585464,2706.3151217585464,0.906035735401173,,,,120.17021887443265,,,
fwfix,ipa,1,argmax_hh,5004598.333333333,1.5275252315503312,5003555.0,2.0,65.99533739453182,0.1342556107253886,1287.243822194015,0.47952812945554724,-1043.333333333023,2.516611478361905,1221.248484799483,0.4979676655671361,-1043.333333333023,1221.248484799483,-902.1050405861821,902.1050405861821,0.1565541554396721,0.3537763673351426,0.8543169930764155,488.15781711523755,360.51065662329796,,,
fwfix,ipa,3,argmax_hh,14988738.666666666,7.234178137920039,14986829.0,3.4641016151377544,78.73083057813346,0.11989679006924939,1669.86873939385,1.075973918452821,-1909.6666666660458,8.020806276875177,1591.1379088157166,1.0826334160091438,-636.5555555553486,530.3793029385722,-1562.4917640592514,1562.4917640592514,0.22219310884868704,0.018333629280735897,1.200189283459037,212.33950688668122,208.14092464718976,,,
fwfix,ipa,5,argmax_hh,24973688.0,13.076696830622021,24971126.333333332,11.015141095107683,108.68152431584895,0.8538200114614605,2025.1773072555661,4.482648909698014,-2561.6666666679084,17.09775813798786,1916.4957829397172,4.563238965865018,-512.3333333335817,383.29915658794346,-2017.16819359591,2017.16819359591,0.26993211314786136,-0.04990779201050599,1.3366409096599015,153.49783641467423,161.22526696455583,,,
fwfix,ipa,7,argmax_hh,34957565.666666664,21.962088546125962,34954649.666666664,5.131601438418453,159.32941725477576,2.6173036374617538,2383.2305771298707,1.7778196232325474,-2916.0,22.553639764584684,2223.901159875095,3.16400394175185,-416.57142857142856,317.7001656964421,-2386.745593848867,2386.745593848867,0.22174730625464667,-0.06822865176475268,1.3112093525612338,127.24570095906203,136.2602203448353,,,
fwfix,ipa,9,argmax_hh,44943110.0,22.715633383201094,44939789.333333336,0.5773502697273251,204.21761310597262,0.8391661988026305,2709.6761084273453,2.9813354627857342,-3320.666666664183,22.72296928955268,2505.4584953213725,3.097185989067606,-368.962962962687,278.3842772579303,-2706.3151217585464,2706.3151217585464,0.22700665564268618,-0.07421775270082309,1.325372850065211,111.50357496472009,120.17021887443265,,,
fwfix,ipa,1,midpoint,5004585.653611577,2.3942191230723306,5003550.940285789,1.9615993975197459,65.99533739453182,0.1342556107253886,1287.243822194015,0.47952812945554724,-1034.713325788267,3.0951829357301435,1221.248484799483,0.4979676655671361,-1034.713325788267,1221.248484799483,-902.1050405861821,902.1050405861821,0.14699871881429338,0.3537763673351426,0.8472586362783956,488.1581677662481,360.51065662329796,,,
fwfix,ipa,3,midpoint,14988719.511251854,7.435097504541357,14986645.960904354,1.15327695057677,78.73083057813346,0.11989679006924939,1669.86873939385,1.075973918452821,-2073.5503474995494,7.524009743931009,1591.1379088157166,1.0826334160091438,-691.1834491665164,530.3793029385722,-1562.4917640592514,1562.4917640592514,0.32707921743702584,0.018333629280735897,1.3031870688335823,212.3422151602669,208.14092464718976,,,
fwfix,ipa,5,midpoint,24973660.36161092,12.808283610297797,24970786.04317696,6.934744799570031,108.68152431584895,0.8538200114614605,2025.1773072555661,4.482648909698014,-2874.318433959037,14.56512322216969,1916.4957829397172,4.563238965865018,-574.8636867918074,383.29915658794346,-2017.16819359591,2017.16819359591,0.4249275013776248,-0.04990779201050599,1.4997781156346264,153.50003701893178,161.22526696455583,,,
fwfix,ipa,7,midpoint,34957530.56474528,21.57957675394038,34954190.573780745,3.8294870420155136,159.32941725477576,2.6173036374617538,2383.2305771298707,1.7778196232325474,-3339.9909645318985,21.916731140481893,2223.901159875095,3.16400394175185,-477.1415663616998,317.7001656964421,-2386.745593848867,2386.745593848867,0.39939127703419275,-0.06822865176475268,1.5018612449122912,127.24748279962844,136.2602203448353,,,
fwfix,ipa,9,midpoint,44943065.04498283,23.069218890304988,44939235.05051974,7.721881747087389,204.21761310597262,0.8391661988026305,2709.6761084273453,2.9813354627857342,-3829.9944630861282,24.327275184960726,2505.4584953213725,3.097185989067606,-425.55494034290314,278.3842772579303,-2706.3151217585464,2706.3151217585464,0.4152063934806758,-0.07421775270082309,1.5286601116075798,111.50505324665403,120.17021887443265,,,
fwfix,ipa,1,sym,5004586.56504114,2.33545568159233,5003547.227378998,2.0434841051199024,68.70143000727934,0.14009899329213507,1304.6597386985013,0.5362382743194218,-1039.3376621417701,3.1032532169579046,1235.9583086912219,0.5542375075421558,-1039.3376621417701,1235.9583086912219,-902.1050405861821,902.1050405861821,0.15212488056425788,0.37008247718924614,0.8409164409779672,494.03853720069077,360.51065662329796,0.019789446704823067,,
fwfix,ipa,3,sym,14988720.637169184,7.421517514893203,14986641.618871892,1.1526916051519334,84.39811839264864,0.12007684926792332,1827.7268226832787,4.600716821682695,-2079.018297292292,7.5105006597732435,1743.32870429063,4.602283533534655,-693.0060990974307,581.1095680968766,-1562.4917640592514,1562.4917640592514,0.3305787237502862,0.11573625179410607,1.1925566831862933,232.65257892650547,208.14092464718976,0.0502968218082381,,
fwfix,ipa,5,sym,24973660.566494554,12.886415349947079,24970671.274243444,4.419780063245302,120.96402928993905,0.8817767479051867,2666.62824451747,6.7167553001807105,-2989.292251110077,13.623294622770674,2545.6642152275313,6.774387942511996,-597.8584502220153,509.13284304550626,-2017.16819359591,2017.16819359591,0.4819251367339912,0.26199898615766704,1.1742680881590246,203.89349308935036,161.22526696455583,0.08058110502465356,,
fwfix,ipa,7,sym,34957531.02931968,21.507841448956633,34954162.726847224,6.092692185901779,176.84642547407034,2.3511828606852943,2828.9070843991526,3.90202474375772,-3368.3024724572897,22.35415267608248,2652.0606589250824,4.555640234399308,-481.1860674938985,378.8658084178689,-2386.745593848867,2386.745593848867,0.41125324841411515,0.11116185393197608,1.2700699213352495,151.7460291643453,136.2602203448353,0.07237938791633397,,
fwfix,ipa,9,sym,44943060.46875035,22.89957579075705,44939150.23740252,20.41156383757444,238.66807130010318,1.049533504071615,3150.7323116732373,27.074359953192833,-3910.2313478291035,30.67609019565569,2912.064240373134,27.09469482114941,-434.47014975878926,323.5626933747927,-2706.3151217585464,2706.3151217585464,0.4448544134388386,0.07602555850217962,1.3427696043299067,129.60124962943885,120.17021887443265,0.08933026411029477,,
fwfix,ipa,1,sym_lin,5004589.113094594,2.332713970219607,5003581.603694676,2.280278147454298,66.70099201070774,0.061996504280323106,1300.020541993573,0.5432219411660606,-1007.509399917908,3.2620887321799397,1233.3195499828653,0.5467482454541607,-1007.509399917908,1233.3195499828653,-902.1050405861821,902.1050405861821,0.11684266752709282,0.36715736471382776,0.8169086429643522,492.9800594400225,360.51065662329796,0.008960406850315166,,
fwfix,ipa,3,sym_lin,14988726.79613843,7.4222805548756146,14986785.057398528,1.111091128704081,77.62609320051577,0.15365468327706616,1721.001028591437,1.308103888049788,-1941.7387399021536,7.504983153316839,1643.3749353909213,1.317097393370721,-647.2462466340512,547.7916451303071,-1562.4917640592514,1562.4917640592514,0.2427193439136237,0.05176550250834011,1.1815555282521444,219.3112112195567,208.14092464718976,0.016869388441546465,,
fwfix,ipa,5,sym_lin,24973673.586000755,12.997921313352563,24971049.44428735,1.7423036222185269,104.54477394578971,0.7379994235221794,2174.4269078032935,11.87383680512507,-2624.1417134068906,13.114174788376912,2069.882133857504,11.896749288098064,-524.8283426813781,413.97642677150077,-2017.16819359591,2017.16819359591,0.30090377279296554,0.02613264497673007,1.2677734980573263,165.78343039876003,161.22526696455583,0.024422676641243535,,
fwfix,ipa,7,sym_lin,34957552.446482,21.23615380567644,34954521.91285032,3.595845393754862,150.86855428119486,2.4099420310351287,2685.4800801767983,2.9412380370913245,-3030.533631682396,21.53843848922512,2534.6115258956033,3.8024599647836594,-432.933375954628,362.08736084222903,-2386.745593848867,2386.745593848867,0.2697346711324,0.06195295067384521,1.195660005772111,145.02413224114974,136.2602203448353,0.022727385140001898,,
fwfix,ipa,9,sym_lin,44943094.66401855,23.08906831259545,44939674.831152506,14.143804645989867,193.827790566986,0.9687073714338955,3203.9120297854042,5.886739304122475,-3419.8328660428524,27.07678499023885,3010.084239218418,5.965910961971418,-379.98142956031694,334.453804357602,-2706.3151217585464,2706.3151217585464,0.263649173205176,0.11224454795289485,1.1361253022376634,133.9617610000826,120.17021887443265,0.025931346154078466,,
fwfix,ipa,1,psl,5004595.697867555,2.276828216200715,5003655.803617232,2.44262512221651,66.19187499472484,0.06421677830250924,1298.561933726929,0.5038617051401763,-939.8942503230646,3.339216107677212,1232.3700587322041,0.5079374100441112,-939.8942503230646,1232.3700587322041,-902.1050405861821,902.1050405861821,0.04189003279743053,0.36610483622995593,0.7626720916036999,492.5928315292409,360.51065662329796,0.0051545839506144326,-7.9949173667567,-5.002263145354798
fwfix,ipa,3,psl,14988740.269184167,7.416609197502087,14987056.616090193,4.765570754623988,76.66748748031826,0.15280292964663558,1717.6346161777128,1.2083819698309197,-1683.6530939731747,8.815710782790006,1640.9671286973946,1.2180048112881363,-561.2176979910582,546.9890428991315,-1562.4917640592514,1562.4917640592514,0.07754365987770329,0.050224498101845594,1.0260126875970175,218.98572649160596,208.14092464718976,0.0015753498143790002,-14.497289925195107,-14.150703939161557
fwfix,ipa,5,psl,24973699.31942649,13.200772290973168,24971628.82659036,0.8181611374199108,103.03257091238329,0.739452428175839,2166.880595225189,12.643051993484358,-2070.4928361326456,13.226102098687626,2063.848024312806,12.66465765836108,-414.0985672265291,412.7696048625612,-2017.16819359591,2017.16819359591,0.026435397259400695,0.023141268469875076,1.003219622637695,165.2961111383515,161.22526696455583,0.002194834738097167,-20.645248111509208,-24.548250876421577
fwfix,ipa,7,psl,34957593.6477362,20.62434754358659,34955094.26026907,0.3092762930763565,148.13080385627424,2.308680685780109,2569.902666346498,2.1526289572695028,-2499.3874671310186,20.62666631872696,2421.7718624902236,3.1565515894040606,-357.0553524472884,345.9674089271748,-2386.745593848867,2386.745593848867,0.04719475488818459,0.01467532556952289,1.0320490983659318,138.56535099501178,136.2602203448353,0.0046902776532404,-22.945676747401762,-21.240969371000716
fwfix,ipa,9,psl,44943156.91465878,23.317108318170295,44940477.26530391,12.205916523501392,189.10506676499463,1.0429597737117084,2925.0893699042076,11.64661155239553,-2679.649354867637,26.318661411629023,2735.984303139213,11.69321708264983,-297.73881720751524,303.998255904357,-2706.3151217585464,2706.3151217585464,-0.009853164059321351,0.010962944094029758,0.9794096229985902,121.76086001383088,120.17021887443265,0.0043049168416763,-26.933007378637118,-27.044724722263073
fwfix,ipa,1,circle,5004602.12348913,2.1942845311086243,5003661.911431211,2.0734287980024817,65.57233961885235,0.09629555346097819,1400.0795242000377,5.431097573383596,-940.2120579192415,3.0189388175066765,1334.5071845811854,5.431951185829043,-940.2120579192415,1334.5071845811854,-902.1050405861821,902.1050405861821,0.04224232835269137,0.4793257154555206,0.7045387756487146,533.417136755396,360.51065662329796,0.08176058709240604,,
fwfix,ipa,3,circle,14988744.592581762,7.459912850983503,14987201.998859322,8.906101349449628,76.82916089921504,0.13649813278736436,1502.2423911437781,1.947793563183967,-1542.5937224403024,11.617613394795736,1425.413230244563,1.9525704865728486,-514.1979074801008,475.13774341485436,-1562.4917640592514,1562.4917640592514,-0.012734813761357211,-0.08773072407022953,1.0822080851428848,190.21844593479227,208.14092464718976,0.14960564753273686,,
fwfix,ipa,5,circle,24973704.713489547,13.276274089008274,24971739.31862979,2.6103927285615836,104.23240651590197,0.7736290015183297,2042.9470853402563,10.655055522985657,-1965.3948597572744,13.530469462801342,1938.7146788243545,10.683103951094804,-393.0789719514549,387.7429357648709,-2017.16819359591,2017.16819359591,-0.025666344533393448,-0.03889289699323495,1.0137617882736096,155.27335573794036,161.22526696455583,0.0932720603779597,,
fwfix,ipa,7,circle,34957604.19962969,20.484458741422507,34955112.521520056,0.8261155481167644,147.3747506072067,2.2243001472232224,2330.278940889455,1.0460809772905895,-2491.6781096309423,20.50111013647508,2182.9041902822482,2.4580066224456116,-355.9540156615632,311.8434557546069,-2386.745593848867,2386.745593848867,0.04396468398329012,-0.0854055849487938,1.141450971931466,124.89816432496535,136.2602203448353,0.0562827542071541,,
fwfix,ipa,9,circle,44943168.698435426,23.328700268490707,44940405.18304145,6.856003232389675,191.87929005989588,0.9473901468755376,2686.9243879935516,2.1076015308627416,-2763.515393972397,24.315284011082742,2495.0450979336556,2.310742803362552,-307.057265996933,277.22723310373954,-2706.3151217585464,2706.3151217585464,0.021135850645759957,-0.07806556676504428,1.1076013801358071,111.0384691365141,120.17021887443265,0.04922344516561394,,
