variant,liquid,estimator,k_KG,k_df_all,k_dG_all,k_df_n3,k_dG_n3
asis,water,argmax_hh,673.5703654590162,827.1115378496529,656.2679076485603,829.3939630378459,647.2962807226144
asis,water,midpoint,673.5703654590162,953.1139844761498,656.2679076485603,961.3773083132777,647.2962807226144
asis,water,sym,673.5703654590162,978.8943922556132,836.3711620004203,988.1640722099629,835.0121463539311
asis,water,sym_lin,673.5703654590162,868.0244598693447,682.3708936307492,873.6245018640038,674.5970329505122
asis,water,psl,673.5703654590162,695.6536515139254,676.5613550905864,696.0194644474955,668.5474284190587
asis,water,circle,673.5703654590162,712.002309149387,654.7718470178784,712.7428557509893,645.1481404333723
asis,ipa,argmax_hh,902.1050336390605,1112.1556495451798,866.763131213228,1115.0232460540196,852.0377761762447
asis,ipa,midpoint,902.1050336390605,1258.1457359997307,866.763131213228,1267.4781055853755,852.0377761762447
asis,ipa,sym,902.1050336390605,1282.5210657021419,1031.8146569733713,1292.6721318371144,1023.3581273590308
asis,ipa,sym_lin,902.1050336390605,1142.8981697557624,978.1809638106902,1148.5484696161914,967.5958215905724
asis,ipa,psl,902.1050336390605,926.0262389503349,932.4514415995887,925.438151307552,919.9997447292841
asis,ipa,circle,902.1050336390605,916.1878076483225,855.9128593968632,915.1588545887798,836.0751626603884
