dataset,liquid,n,eps_f_P,eps_G_P,eps_f_A,eps_G_A,P_f_within_8,P_G_within_8,A_f_within_8,A_G_within_8
DS-2,water,1,0.01944869359364687,0.2914361131498886,0.14662604976546634,0.29546040971156096,True,False,False,False
DS-2,water,3,0.07002894782400504,0.07255006896334315,0.20972316394194612,0.04552600147513819,True,True,False,True
DS-2,water,5,0.06883929788143184,0.02420230508971799,0.29292198645997236,-0.021976285403032092,True,True,False,True
DS-2,water,7,0.04755790970596285,-0.03276942540025518,0.22495952989688495,-0.06666759814181034,True,True,False,True
DS-2,water,9,-0.01624045211855152,-0.04252188945592372,0.18539128091303358,-0.06272402370359309,True,True,False,True
DS-2,ipa,1,0.04189003248678769,0.3661048390045927,0.15655415543978957,0.3537763673352805,True,False,False,False
DS-2,ipa,3,0.07754365998748614,0.050224497785774425,0.22219310884881138,0.01833362928064064,True,True,False,True
DS-2,ipa,5,0.026435397311215247,0.023141268601486686,0.2699321131479906,-0.0499077920104094,True,True,False,True
DS-2,ipa,7,0.047194754354489055,0.014675325452491172,0.22174730625477057,-0.06822865176465798,True,True,False,True
DS-2,ipa,9,-0.00985316434278316,0.010962943990790341,0.2270066556428112,-0.07421775270072883,True,True,False,True
DS-3,water,1,0.07451671380895353,0.06585793657757,0.08375010686914641,0.043538105945891026,True,True,False,True
DS-3,water,3,0.13023388965052662,-0.01621575357222471,0.2599898691260014,-0.03962316336951088,False,True,False,True
DS-3,water,5,0.06048352647177402,0.04555197336862693,0.1995915425318533,-0.002314499173876494,True,True,False,True
DS-3,water,7,0.11007103588767975,-0.043726360825396715,0.343295720462377,-0.04505531505876992,False,True,False,True
DS-3,water,9,0.10102777690091136,-0.014277634402875994,0.3617491054761839,-0.029490068151186044,False,True,False,True
