dataset,liquid,estimator,fit,b_df,b_dG,rms_df,rms_dG,k_df,k_dG,k_KG,cv_df_sqrtn,cv_dG_sqrtn
DS-2,ipa,argmax_hh,n=1-9,-0.4709491300507188,-0.6774816622055675,0.00856235456176517,0.016716186206643217,1110.241786037638,866.5143971737306,902.1050405860904,0.033244161324931076,0.1751458707862242
DS-2,ipa,argmax_hh,n=3-9,-0.5031632081166818,-0.5881903679712348,0.00699751657069301,0.004626341673515549,1113.0296382336635,851.7338101893243,902.1050405860904,0.018833675268857184,0.04443632190802801
DS-2,ipa,circle,n=1-9,-0.5057430343441043,-0.7115590720904035,0.012061744916332199,0.039315909088041175,915.5892109537558,855.9640931751929,902.1050405860904,0.03132649190171567,0.23855351611805134
DS-2,ipa,circle,n=3-9,-0.45461653012696013,-0.4995444824187905,0.008623232240997666,0.009143705514805221,914.563240674253,836.0247497166783,902.1050405860904,0.0315298540804244,0.024577675394788955
DS-2,ipa,mag_argmax,n=1-9,-0.28070419594975593,-0.18555271762586145,0.007262019234398189,3.1401849173675503e-16,1613.6962431298195,,902.1050405860904,0.1754557985230748,
DS-2,ipa,mag_argmax,n=3-9,-0.3171985122193981,,0.0033391118915925776,,1636.2669199268955,,902.1050405860904,0.08533547360518921,
DS-2,ipa,midpoint,n=1-9,-0.4006051929331737,-0.6774816622055675,0.010707096956526722,0.016716186206643217,1255.205925985411,866.5143971737306,902.1050405860904,0.0863527801266347,0.1751458707862242
DS-2,ipa,midpoint,n=3-9,-0.4465789986673202,-0.5881903679712348,0.007508751868794012,0.004626341673515549,1264.393117660292,851.7338101893243,902.1050405860904,0.031843879242173564,0.04443632190802801
DS-2,ipa,psl,n=1-9,-0.5171688569132485,-0.6382006294980257,0.010526025395879,0.018745427672026797,925.5014162849583,932.1948786856295,902.1050405860904,0.030800328512495763,0.14037083474216272
DS-2,ipa,psl,n=3-9,-0.5629520634310127,-0.5351357315883847,0.00723150646910383,0.001547768454972442,924.9017148783842,919.6875794127351,902.1050405860904,0.03545959251711811,0.017302326477870635
DS-2,ipa,sym,n=1-9,-0.3924826500933201,-0.5940047710231722,0.014321219952108197,0.024057845376694743,1278.677935529076,1028.0263354656379,902.1050405860904,0.09605906754996572,0.10512970944647071
DS-2,ipa,sym,n=3-9,-0.43721284775133407,-0.546158312894989,0.013194298540333327,0.025086421029510347,1288.6504466009253,1019.3625034563129,902.1050405860904,0.04553559581298377,0.07224082951545041
DS-2,ipa,sym_lin,n=1-9,-0.4393244700180607,-0.6036686807353612,0.01064508984486036,0.028632525429657055,1140.6398292980812,977.7732027126506,902.1050405860904,0.05753657452173381,0.1241812330143263
DS-2,ipa,sym_lin,n=3-9,-0.48762814775892477,-0.45290180408146885,0.006759668539057201,0.009485928874588342,1146.1869305139119,967.1254381806406,902.1050405860904,0.018960365659485185,0.03396799947913445
DS-2,water,argmax_hh,n=1-9,-0.47363874357497576,-0.6539109206912296,0.014735842267054313,0.009648833161512497,821.3151677329205,654.4670416316654,673.5703706461211,0.04463214051474568,0.14535210629486103
DS-2,water,argmax_hh,n=3-9,-0.5203863738751828,-0.607118277122934,0.013474403360094468,0.005131282024272718,823.356077499583,645.3788455193686,673.5703706461211,0.03752656090096231,0.05348512594143352
DS-2,water,circle,n=1-9,-0.5461807913991661,-0.6857202296639798,0.06929903441686172,0.011565279135173688,723.22777383918,643.6151432609145,673.5703706461211,0.2049272444833093,0.17229905746084637
DS-2,water,circle,n=3-9,-0.8800926120386444,-0.7006143610054844,0.03765164468313176,0.0125726556553978,724.4597075958549,633.4652897573263,673.5703706461211,0.22644159374101056,0.10530059599725673
DS-2,water,mag_argmax,n=1-9,-0.27537485461240074,0.19224551526099368,0.006244462761063471,0.13491442084589622,1189.997433598128,,673.5703706461211,0.18228979517563318,
DS-2,water,mag_argmax,n=3-9,-0.2865607198173528,1.608211944880106,0.006602723577877362,6.280369834735101e-16,1206.7473266647166,,673.5703706461211,0.10206384791204873,
DS-2,water,midpoint,n=1-9,-0.3811720705405211,-0.6539109206912296,0.014557495735147025,0.009648833161512497,948.0520671077503,654.4670416316654,673.5703706461211,0.10452393602310728,0.14535210629486103
DS-2,water,midpoint,n=3-9,-0.42577232149431277,-0.607118277122934,0.013531299845462998,0.005131282024272718,956.0916286930114,645.3788455193686,673.5703706461211,0.04955020502214966,0.05348512594143352
DS-2,water,psl,n=1-9,-0.5051749774349036,-0.6385198737678238,0.013716756032263435,0.0060371778374290475,694.0596626309558,674.0557417528189,673.5703706461211,0.03525002870752581,0.12807801609696004
DS-2,water,psl,n=3-9,-0.5672953763429426,-0.609769816278002,0.008745761874176949,0.003401032395384476,694.3675471406383,665.8966851008466,673.5703706461211,0.03887428397114048,0.05330525291387486
DS-2,water,sym,n=1-9,-0.36694387173281856,-0.5072021946194024,0.015647573774602484,0.024470202081007846,972.2486026666311,831.3195482474155,673.5703706461211,0.11646461752552226,0.06251263100517529
DS-2,water,sym,n=3-9,-0.4029160019710506,-0.40368507282631777,0.015901035293807174,0.017544324316953193,981.2293197762141,829.706523792961,673.5703706461211,0.06125639192680303,0.06525227298159186
DS-2,water,sym_lin,n=1-9,-0.41796576999265544,-0.6312894866532451,0.013914159717406508,0.008748422310569994,863.4638023833459,680.3301076084007,673.5703706461211,0.0770001746145547,0.12299780415557432
DS-2,water,sym_lin,n=3-9,-0.46800304238705087,-0.5912050428990825,0.01179149691908583,0.005439741211808834,868.8682656652423,672.4299954334288,673.5703706461211,0.03483167669668972,0.046022607770993075
DS-3,gluc05,argmax_hh,n=1-9,-0.39014478194194674,-0.5204919511181267,0.014534188552106022,0.01010415903710566,915.4469161280424,690.9797797341301,,0.10012890864206586,0.03174439996350459
DS-3,gluc05,argmax_hh,n=3-9,-0.39719422913766317,-0.4716721580478096,0.016186710907932163,0.005440751173404523,922.4516487445015,689.422600833644,,0.06490019916372554,0.01972648295250971
DS-3,gluc05,circle,n=1-9,-0.492785931766714,-0.5464476303165002,0.008553405223710894,0.026999393127846733,765.0533803497033,725.7543149791916,,0.023041361859132227,0.08224337772837692
DS-3,gluc05,circle,n=3-9,-0.5115878309563108,-0.6316022255835786,0.008769996078681244,0.024758844580451005,765.6527116945713,724.2009870507904,,0.024022513278299705,0.09391399554174741
DS-3,gluc05,mag_argmax,n=1-9,-0.208761235026185,-0.42292956752476607,0.011099339413010561,3.1401849173675503e-16,1324.7575891404406,,,0.2398232153003109,
DS-3,gluc05,mag_argmax,n=3-9,-0.15898980490209164,,0.007219414680251567,,1347.0808220212923,,,0.1615226202140264,
DS-3,gluc05,midpoint,n=1-9,-0.29726814317267247,-0.5204919511181267,0.03045963055993292,0.01010415903710566,1059.7846328710662,690.9797797341301,,0.1793897762526432,0.03174439996350459
DS-3,gluc05,midpoint,n=3-9,-0.36731427203547157,-0.4716721580478096,0.030950913596676267,0.005440751173404523,1074.2078831340466,689.422600833644,,0.10131970535179152,0.01972648295250971
DS-3,gluc05,psl,n=1-9,-0.4775302791706622,-0.5169712975650219,0.008550434642303808,0.012600390188629062,774.3467540764557,710.8532983218832,,0.029252754060047608,0.03554227997532578
DS-3,gluc05,psl,n=3-9,-0.4925074452477054,-0.47455685091484373,0.00906435215142751,0.011157030809207137,775.8041697686741,709.5117238081972,,0.024063990638465885,0.03206568075679787
DS-3,gluc05,sym,n=1-9,-0.2752081691443873,-0.3647570127444086,0.0309798232747271,0.0314616011959822,1094.0368790724306,916.1882655148042,,0.1977509325147989,0.14610438429791908
DS-3,gluc05,sym,n=3-9,-0.31841427898156466,-0.24803709702792595,0.03350994343041507,0.026019700113724165,1109.9248979038277,923.5360908547415,,0.1221434339751317,0.1388671942575491
DS-3,gluc05,sym_lin,n=1-9,-0.34989252629748785,-0.49754429108887666,0.02235019090252774,0.017992364292678156,963.5628332345088,728.1141962517497,,0.13599017130609295,0.04628066862923436
DS-3,gluc05,sym_lin,n=3-9,-0.39041561606796327,-0.42128692334670004,0.023598344461667413,0.012864989508415664,973.6135206922087,727.5230864609579,,0.08029144778229644,0.05101716284018792
DS-3,gluc075,argmax_hh,n=1-9,-0.3909305724316067,-0.5245147539333037,0.015551627951850874,0.010868634243959245,948.8961791958822,714.2277560351256,,0.10045301205305263,0.035569397680965384
DS-3,gluc075,argmax_hh,n=3-9,-0.40146709521959867,-0.46903838110873197,0.017255457290116617,0.004592613961156218,956.1557422179586,712.3246437477674,,0.0652710699483798,0.01908544767944798
DS-3,gluc075,circle,n=1-9,-0.4954497170362713,-0.5486535224577808,0.008113542731216438,0.02866518693098141,789.8629590749633,755.3172235639233,,0.02136185819803234,0.08698014988851432
DS-3,gluc075,circle,n=3-9,-0.5149195851688839,-0.6356876907423421,0.008166856502788254,0.026750660396079776,790.3357521775066,753.606239339107,,0.022868366733398725,0.09932000886580704
DS-3,gluc075,mag_argmax,n=1-9,-0.20973000828208896,-0.4131294382324462,0.009651998968839845,3.1401849173675503e-16,1372.6372765549545,,,0.23766832476104927,
DS-3,gluc075,mag_argmax,n=3-9,-0.16440976795979284,,0.005655447191720214,,1395.733274189163,,,0.15779412988254568,
DS-3,gluc075,midpoint,n=1-9,-0.2988572445260666,-0.5245147539333037,0.031653501000541845,0.010868634243959245,1094.5051866520544,714.2277560351256,,0.17901277868983173,0.035569397680965384
DS-3,gluc075,midpoint,n=3-9,-0.37680275580270717,-0.46903838110873197,0.031663483252810584,0.004592613961156218,1109.3931356829487,712.3246437477674,,0.09984997708359775,0.01908544767944798
DS-3,gluc075,psl,n=1-9,-0.47798302622887684,-0.5160724349278497,0.00917266304493426,0.012783420422575556,801.1797626153036,740.1698516750641,,0.03021921192756162,0.035667239860529755
DS-3,gluc075,psl,n=3-9,-0.4917615121303865,-0.4644159368927573,0.009867358966456703,0.009722786125199535,802.6531474091686,738.7315016227775,,0.026172315892096707,0.03086317108040044
DS-3,gluc075,sym,n=1-9,-0.27745473450670494,-0.3766459076985097,0.032350859979571676,0.029482856507667795,1129.622219541376,939.7305994517944,,0.19648020441850145,0.13348523912005286
DS-3,gluc075,sym,n=3-9,-0.33279271810692485,-0.27872082099654644,0.03438439234792182,0.026309491114002662,1146.0206753421471,946.7357212810415,,0.11871019717902977,0.12595812060011652
DS-3,gluc075,sym_lin,n=1-9,-0.35128813112732254,-0.4943693023637991,0.023467337398184414,0.01991383676858361,995.8348266800059,760.7355161443099,,0.1358137634608426,0.05167126940633021
DS-3,gluc075,sym_lin,n=3-9,-0.3987132408637829,-0.4057092526325218,0.024411050258829115,0.01313145608851619,1006.2161652827959,760.1882871201879,,0.07928791362742256,0.05752178263277717
DS-3,gluc10,argmax_hh,n=1-9,-0.3924783143773398,-0.5282721217492958,0.017602806250388944,0.011679839257844526,982.2112973116726,738.8698159052807,,0.101389779422004,0.039432218852818994
DS-3,gluc10,argmax_hh,n=3-9,-0.4095278899704681,-0.466464660202163,0.019374441685914075,0.003663304646695933,989.7201013663257,736.6143614459825,,0.06665273909341324,0.018652926251849146
DS-3,gluc10,circle,n=1-9,-0.4981072775702315,-0.5528415731025814,0.007367454118535608,0.030105410629912104,817.0632623617659,785.4431441560852,,0.019056732683311834,0.09206891235134607
DS-3,gluc10,circle,n=3-9,-0.5147747539778098,-0.6417469414747351,0.00751162783612726,0.028422918660328245,817.3651492252956,783.4417289697926,,0.021124334101842276,0.1048511161797155
DS-3,gluc10,mag_argmax,n=1-9,-0.20581009162738095,-0.4019679885955364,0.00837594871116771,8.881784197001252e-16,1420.0187597975869,,,0.23927805909177507,
DS-3,gluc10,mag_argmax,n=3-9,-0.16803905879204292,,0.005387474066308732,,1444.241763678029,,,0.15588774636010067,
DS-3,gluc10,midpoint,n=1-9,-0.30168638955345856,-0.5282721217492958,0.03304935079955782,0.011679839257844526,1131.8747532890359,738.8698159052807,,0.1783785052966547,0.039432218852818994
DS-3,gluc10,midpoint,n=3-9,-0.3852188939930928,-0.466464660202163,0.03283852382002469,0.003663304646695933,1147.1727363310438,736.6143614459825,,0.09983675749950977,0.018652926251849146
DS-3,gluc10,psl,n=1-9,-0.47850788957480617,-0.5170580526724645,0.010030095626988894,0.013682436436847412,830.3690793817927,770.8784300663492,,0.031680682521906894,0.03819734015703211
DS-3,gluc10,psl,n=3-9,-0.4896111831227884,-0.45472945898347455,0.010985605392235188,0.00861669369503429,831.8422270175524,769.2090058969488,,0.02918342984289753,0.03140793559503498
DS-3,gluc10,sym,n=1-9,-0.2804691793439591,-0.39191445452058565,0.033944972771956114,0.027521859933051486,1167.6386077235918,961.892645785388,,0.19523917757211964,0.11896242578156636
DS-3,gluc10,sym,n=3-9,-0.3463950236900269,-0.3126008013924219,0.035518854991011116,0.02623192443188043,1184.5266215275333,968.3066112275974,,0.11637476915680485,0.11228545146108601
DS-3,gluc10,sym_lin,n=1-9,-0.3532923425581237,-0.49174419057698365,0.0247320103614478,0.022313723065861005,1030.4369281945744,796.5756096869859,,0.13559647227173377,0.05834720350696951
DS-3,gluc10,sym_lin,n=3-9,-0.40604931320127297,-0.38775651106548165,0.025497603417185374,0.013329556407465436,1041.1247306251505,796.0126704542287,,0.0793600446285778,0.06521985209597121
DS-3,water,argmax_hh,n=1-9,-0.40217876990922174,-0.5328264166936933,0.014581826910854759,0.008812800618540909,875.0148816225585,654.6987298692303,672.6642935298188,0.09077269823274173,0.03696165528019602
DS-3,water,argmax_hh,n=3-9,-0.4148707590302192,-0.5002615093362279,0.016098522831902183,0.007312321398229715,881.0988350234984,652.7298926634676,672.6642935298188,0.058400396564245526,0.01956919013916371
DS-3,water,circle,n=1-9,-0.5035596321480408,-0.5609107513311448,0.008443747188790016,0.025601164524165967,733.4681124702536,682.8888199025437,672.6642935298188,0.02193292696974832,0.08664096487231569
DS-3,water,circle,n=3-9,-0.5233993878232841,-0.6544596038902278,0.008540122838222291,0.021433040861235084,733.4745643455993,680.7182969745944,672.6642935298188,0.025224279853672437,0.09690195691836637
DS-3,water,mag_argmax,n=1-9,-0.22276223950212093,0.19040299171393324,0.013361175358116735,0.16495428044921118,1258.1334265993924,,672.6642935298188,0.23144993522564353,
DS-3,water,mag_argmax,n=3-9,-0.17159812219650694,1.9216465613309277,0.010746909023690824,4.440892098500626e-16,1278.5278749299098,,672.6642935298188,0.15863659233284907,
DS-3,water,midpoint,n=1-9,-0.30971272242905706,-0.5328264166936933,0.030027426367888712,0.008812800618540909,1013.8001863414498,654.6987298692303,672.6642935298188,0.17094824119542484,0.03696165528019602
DS-3,water,midpoint,n=3-9,-0.37438512109403654,-0.5002615093362279,0.030903924517872702,0.007312321398229715,1026.8908399009847,652.7298926634676,672.6642935298188,0.09907461387970636,0.01956919013916371
DS-3,water,psl,n=1-9,-0.4927179050401633,-0.5363540763266903,0.009598027894912058,0.012754737788387508,738.5149867512655,667.5624660106555,672.6642935298188,0.02548083238026781,0.04579618641110308
DS-3,water,psl,n=3-9,-0.515208463588067,-0.5176567089492309,0.009713428881176274,0.013746900703298023,739.1702351083899,665.5040447648036,672.6642935298188,0.02663481631506081,0.03790283169752749
DS-3,water,sym,n=1-9,-0.2867577365431463,-0.36356454462104404,0.030897109887565766,0.03377004419344425,1047.5725879215313,882.3967372441184,672.6642935298188,0.19045251802296825,0.15204635412648682
DS-3,water,sym,n=3-9,-0.32219896495154904,-0.23146814897693557,0.033788062266394504,0.02660665261687834,1062.1073536161812,889.4273496360101,672.6642935298188,0.12129908908596508,0.14792392080644762
DS-3,water,sym_lin,n=1-9,-0.3630278521882085,-0.5216688215097155,0.022566471662589918,0.013753492109221967,920.9577772848276,679.1527401695131,672.6642935298188,0.1270426177314831,0.040033878161274204
DS-3,water,sym_lin,n=3-9,-0.4017038818982523,-0.47728602955064664,0.023980014398240865,0.012467524873569273,929.8510297874033,677.6055701738311,672.6642935298188,0.07754933620909618,0.034901491874270586
