phase,n,estimator,fres,fres_sd,gamma,gamma_sd,D_ppm,D_sd,nrep,phi,phi_sd,phi_min,phi_max,rms,rms_max,fold,dataset
air,1,argmax_hh,5004598.333333333,1.5275252315503312,65.99533739453182,0.1342556107253886,26.373879775525694,0.053649825757607475,3,,,,,,,1.0,DS-2
air,1,circle,5004602.123476236,2.19430670020966,65.57233702729472,0.09629874981729537,26.204815245897663,0.03847802875989813,3,,,,,0.0340292931732174,0.0355804958467291,1.0,DS-2
air,1,mag_argmax,5004599.333333333,1.5275252315503312,128.68876892793924,0.08609439879548578,51.42820048960266,0.03441906448131397,3,,,,,,,1.0,DS-2
air,1,midpoint,5004585.653611577,2.3942191230723306,65.99533739453182,0.1342556107253886,26.373946598463387,0.053651094736673066,3,,,,,,,1.0,DS-2
air,1,psl,5004595.697867216,2.276828224533964,66.19187431254659,0.06421750345087662,26.452436240755432,0.02565831754545716,3,-7.994917159721552,0.04930747277052463,-8.030002454611935,-7.9385416211548225,0.025665733419772532,0.0260202888523667,1.0,DS-2
air,1,sym,5004586.565041221,2.335455667411353,68.70143070681219,0.14009891293237473,27.45538711132714,0.0559972726397127,3,,,,,0.039739037044906965,0.0400055959720531,1.0,DS-2
air,1,sym_lin,5004589.113094752,2.3327139611738557,66.70099252334764,0.06199633645385798,26.655931591387187,0.02477417287841673,3,,,,,0.0312557385096788,0.0316871418487983,1.0,DS-2
air,3,argmax_hh,14988738.666666666,7.234178137920039,78.73083057813346,0.11989679006924939,10.505331008612421,0.01599421478183237,3,,,,,,,1.0,DS-2
air,3,circle,14988744.592574285,7.459894762030841,76.82916056509727,0.13649678504479223,10.251580451866317,0.0182094639557712,3,,,,,0.027380268816923067,0.0279100957046996,1.0,DS-2
air,3,mag_argmax,14988750.333333334,7.571877794564362,134.63784150592983,0.27073037517804155,17.9651856787253,0.03611543333458389,3,,,,,,,1.0,DS-2
air,3,midpoint,14988719.511251854,7.435097504541357,78.73083057813346,0.11989679006924939,10.505344434301552,0.015994229425502077,3,,,,,,,1.0,DS-2
air,3,psl,14988740.269184263,7.416609324708929,76.66748763737615,0.15280220806728942,10.230010823265777,0.02038421241222666,3,-14.497289985405502,0.02623492014265943,-14.51708143157984,-14.467532363400103,0.015524780693342934,0.015631263419926,1.0,DS-2
air,3,sym,14988720.637169242,7.421517489401234,84.39811891243603,0.12007665701079118,11.261550725072867,0.016017661123565927,3,,,,,0.0537745445678264,0.0537993756319942,1.0,DS-2
air,3,sym_lin,14988726.796138639,7.4222805625687664,77.62609370761183,0.15365437620576552,10.357930291809259,0.020497705003042238,3,,,,,0.030206074281159734,0.0303349247563488,1.0,DS-2
air,5,argmax_hh,24973688.0,13.076696830622021,108.68152431584895,0.8538200114614605,8.70368237341198,0.06837305808325633,3,,,,,,,1.0,DS-2
air,5,circle,24973704.713515457,13.276290796645656,104.23240668123651,0.7736291474186388,8.347372374885008,0.061951121518663846,3,,,,,0.010977951824876398,0.0112259067008363,1.0,DS-2
air,5,mag_argmax,24973699.0,13.076696830622021,160.25410220461586,0.873969114549541,12.833829857259454,0.06998523296575326,3,,,,,,,1.0,DS-2
air,5,midpoint,24973660.36161092,12.808283610297797,108.68152431584895,0.8538200114614605,8.703692006297638,0.06837323093967444,3,,,,,,,1.0,DS-2
air,5,psl,24973699.319426153,13.200772387372998,103.03257150279704,0.7394521401591952,8.251286278092907,0.05921428500502272,3,-20.645247922580705,0.05978738967672364,-20.69314251265145,-20.578241213408315,0.011942015859096702,0.0119802519812712,1.0,DS-2
air,5,sym,24973660.566501062,12.886416156420898,120.96402418709266,0.881777012554715,9.687328260710945,0.07061163775278297,3,,,,,0.07205157922000106,0.0721944941829971,1.0,DS-2
air,5,sym_lin,24973673.586000863,12.99792101297821,104.5447748645319,0.7380000949249128,8.37239857858818,0.05909801168581221,3,,,,,0.03492718623199723,0.0350369644051777,1.0,DS-2
air,7,argmax_hh,34957565.666666664,21.962088546125962,159.32941725477576,2.6173036374617538,9.11559001913197,0.14974738250863645,3,,,,,,,1.0,DS-2
air,7,circle,34957604.19963077,20.484420807506137,147.37475492937767,2.2243015959988957,8.431627920049872,0.127261968711934,3,,,,,0.03383594632303857,0.0343399195190353,1.0,DS-2
air,7,mag_argmax,34957565.666666664,21.962088546125962,189.19033655275902,2.6913151509716435,10.82399955816885,0.15398277598000676,3,,,,,,,1.0,DS-2
air,7,midpoint,34957530.56474528,21.57957675394038,159.32941725477576,2.6173036374617538,9.115599170539038,0.14974736598093186,3,,,,,,,1.0,DS-2
air,7,psl,34957593.64773604,20.624347706023503,148.13080414230217,2.3086807847673456,8.474885687253257,0.13208951070363462,3,-22.945676689272332,0.04263529854619719,-22.97480770999439,-22.89674104062395,0.009794019172443567,0.0099092946137409,1.0,DS-2
air,7,sym,34957531.02933175,21.507838805818608,176.84640838531197,2.351179509497805,10.117786018304614,0.13452247019304175,3,,,,,0.07994822731612504,0.0802117073843455,1.0,DS-2
air,7,sym_lin,34957552.44648201,21.23615383023834,150.86855404814034,2.4099422341558623,8.63152849328582,0.1378832601031756,3,,,,,0.03650608090223497,0.0366007596668689,1.0,DS-2
air,9,argmax_hh,44943110.0,22.715633383201094,204.21761310597262,0.8391661988026305,9.087827381432989,0.03733903020507537,3,,,,,,,1.0,DS-2
air,9,circle,44943168.698426455,23.328740020795387,191.87934249944,0.9473929512897302,8.538754508591724,0.042155225817810414,3,,,,,0.0714120565584357,0.0718877804176776,1.0,DS-2
air,9,mag_argmax,44943109.666666664,22.14347157299758,230.29992464308938,1.1952670560037462,10.248508657721716,0.053185306563082436,3,,,,,,,1.0,DS-2
air,9,midpoint,44943065.04498283,23.069218890304988,204.21761310597262,0.8391661988026305,9.08783647144453,0.03733898245854269,3,,,,,,,1.0,DS-2
air,9,psl,44943156.91465851,23.317108294495977,189.10506713196983,1.0429598110700369,8.41529967002351,0.046408084498370625,3,-26.93300730276083,0.0061368801856352025,-26.938708204880125,-26.92651184351429,0.012236108809689034,0.0123830527289033,1.0,DS-2
air,9,sym,44943060.468776934,22.899572791826394,238.6680296301355,1.0495294323938718,10.620906844585157,0.04669944012834317,3,,,,,0.09193179085957275,0.0919869570850256,1.0,DS-2
air,9,sym_lin,44943094.66401863,23.089067943202696,193.82779115414033,0.9687065993870461,8.625475939353207,0.043103827701480024,3,,,,,0.041685124089348435,0.0418971349622476,1.0,DS-2
ipa,1,argmax_hh,5003555.0,2.0,1287.243822194015,0.47952812945554724,514.5316968907632,0.19187454201370466,3,,,,,,,1.0,DS-2
ipa,1,circle,5003661.910978574,2.0734467043125124,1400.0806732068404,5.431115835463227,559.6224123538901,2.171074097726937,3,,,,,0.08176059542520366,0.0825303733829554,1.0,DS-2
ipa,1,mag_argmax,5003527.333333333,1.5275252315503312,1213.425456663904,0.08219656701068648,485.0280115774035,0.03299663762409653,3,,,,,,,1.0,DS-2
ipa,1,midpoint,5003550.940285789,1.9615993975197459,1287.243822194015,0.47952812945554724,514.5321143647114,0.1918751268439779,3,,,,,,,1.0,DS-2
ipa,1,psl,5003655.803617173,2.4426252101137518,1298.561935547639,0.5038634990635673,519.0452687703736,0.20165097752910605,3,-5.002263141935432,0.020985370882102127,-5.023766930656304,-4.981837773842905,0.005154583950614466,0.0052751762061331,1.0,DS-2
ipa,1,sym,5003547.227371416,2.043485238111108,1304.6597343962528,0.5362401682711041,521.4939223135729,0.21455578439032583,3,,,,,0.019789446704824167,0.0198455800484583,1.0,DS-2
ipa,1,sym_lin,5003581.603694634,2.2802804739972133,1300.0205440042416,0.5432230283886881,519.6359916302389,0.21737033475299394,3,,,,,0.008960406850315234,0.0091530257997823,1.0,DS-2
ipa,3,argmax_hh,14986829.0,3.4641016151377544,1669.8687393935397,1.0759739184353077,222.8448378952522,0.14363303306285044,3,,,,,,,0.0,DS-2
ipa,3,circle,14987201.997834891,8.906158007997789,1502.2469677612335,1.9477493254432992,200.47063718168215,0.25981007649172533,3,,,,,0.14960577392680338,0.1511188171473828,0.0,DS-2
ipa,3,mag_argmax,14986302.666666666,0.5773502689207761,2788.7204628844434,13.566776719761862,372.16924351002723,1.8105712580024138,3,,,,,,,0.0,DS-2
ipa,3,midpoint,14986645.960904354,1.15327695057677,1669.8687393935397,1.0759739184353077,222.84755959452704,0.14360774152123146,3,,,,,,,0.0,DS-2
ipa,3,psl,14987056.616090119,4.765570622199962,1717.6346158407453,1.2083821310780622,229.21573724894836,0.16122363075824317,3,-14.150703938082536,0.17845241381803215,-14.255256900949664,-13.944652385638548,0.0015753498143789666,0.001643301869005,0.0,DS-2
ipa,3,sym,14986641.618871113,1.1526881359956043,1827.7268216926002,4.60071523331975,243.91412945002568,0.6139938043023974,3,,,,,0.0502968218082381,0.0506388725494328,0.0,DS-2
ipa,3,sym_lin,14986785.057399517,1.1110918162460448,1721.0010290565795,1.3081016292857974,229.669141505761,0.17456091298707177,3,,,,,0.0168693884415464,0.0171074985882113,0.0,DS-2
ipa,5,argmax_hh,24971126.333333332,11.015141095107683,2025.1773072555661,4.482648909698014,162.2015187880862,0.3590971662106882,3,,,,,,,0.0,DS-2
ipa,5,circle,24971739.3187439,2.6105465268193098,2042.9503958312828,10.655316726848454,163.62099323784318,0.8533733468943254,3,,,,,0.09327208552922504,0.0935242375832174,0.0,DS-2
ipa,5,mag_argmax,24970193.0,3.605551275463989,,,,,3,,,,,,,0.0,DS-2
ipa,5,midpoint,24970786.04317696,6.934744799570031,2025.1773072555661,4.482648909698014,162.20372902522942,0.3589876322346127,3,,,,,,,0.0,DS-2
ipa,5,psl,24971628.826589916,0.8181616458862683,2166.880596080876,12.643052929543156,173.54739743769724,1.012598235013568,3,-24.5482508642189,0.1722823582481379,-24.7447297994581,-24.42302562314378,0.0021948347380972666,0.0024878252795178,0.0,DS-2
ipa,5,sym,24970671.2742424,4.419774641980079,2666.6282472628022,6.716752442937913,213.58082197861543,0.5380091656951856,3,,,,,0.08058110502465347,0.0808863805509302,0.0,DS-2
ipa,5,sym_lin,24971049.444277436,1.7422953828716556,2174.426907661167,11.873835724236944,174.15582889245752,0.9509967465779798,3,,,,,0.024422676641243497,0.0251254781302994,0.0,DS-2
ipa,7,argmax_hh,34954649.666666664,5.131601438418453,2383.2305771298707,1.7778196232325474,136.361290978194,0.10172018883068029,3,,,,,,,0.0,DS-2
ipa,7,circle,34955112.520700745,0.826057799373572,2330.284398558371,1.0460860637187681,133.33010426813783,0.059850505486804484,3,,,,,0.05628277417148073,0.0566318506041984,0.0,DS-2
ipa,7,mag_argmax,34953137.333333336,6.429100508390947,,,,,3,,,,,,,0.0,DS-2
ipa,7,midpoint,34954190.573780745,3.8294870420155136,2383.2305771298707,1.7778196232325474,136.36308197016749,0.1017316586753293,3,,,,,,,0.0,DS-2
ipa,7,psl,34955094.260270186,0.30927703260015305,2569.9026663529544,2.152629066118376,147.04023666626543,0.12316621022502201,3,-21.240969391867523,0.11248970183929498,-21.370651661012506,-21.169739609398206,0.004690277653240233,0.0048352782463901,0.0,DS-2
ipa,7,sym,34954162.72689632,6.092703486939897,2828.9078685189756,3.9020682030631875,161.86386102571794,0.22329444890562558,3,,,,,0.07237938791633243,0.072747319451177,0.0,DS-2
ipa,7,sym_lin,34954521.91285144,3.5958368402283334,2685.480077164734,2.941241487438408,153.65566057542227,0.16830088433808835,3,,,,,0.022727385140001968,0.0227663532632591,0.0,DS-2
ipa,9,argmax_hh,44939789.333333336,0.5773502697273251,2709.6761084273453,2.9813354627857342,120.59140234615307,0.13268110636999073,3,,,,,,,0.0,DS-2
ipa,9,circle,44940405.183024995,6.855944178906305,2686.9315640377745,2.108092069167891,119.57754066979085,0.09383486440535382,3,,,,,0.04922345809809373,0.0513674577541257,0.0,DS-2
ipa,9,mag_argmax,44937951.333333336,4.16333199967792,,,,,3,,,,,,,0.0,DS-2
ipa,9,midpoint,44939235.05051974,7.721881747087389,2709.6761084273453,2.9813354627857342,120.59288971809856,0.13267109362936294,3,,,,,,,0.0,DS-2
ipa,9,psl,44940477.26530441,12.205916347135425,2925.0893699915055,11.646611793092577,130.17615967140728,0.5183481814962284,3,-27.044724730918315,0.045194831633474354,-27.087284314763902,-26.9972899361558,0.004304916841675867,0.0043456754863093,0.0,DS-2
ipa,9,sym,44939150.23740473,20.411557302388267,3150.7323161581794,27.07435511171397,140.2221585279688,1.2049979232418764,3,,,,,0.08933026411029343,0.0894724639147445,0.0,DS-2
ipa,9,sym_lin,44939674.83115908,14.143797903438895,3203.91203040583,5.886746827193086,142.58723694089767,0.2620277516687362,3,,,,,0.025931346154078067,0.0261828450768888,0.0,DS-2
water,1,argmax_hh,5003826.0,2.6457513110645907,938.5790857213238,3.171765748109049,375.1445740029962,1.267887849074335,3,,,,,,,1.0,DS-2
water,1,circle,5003908.462112557,1.801217045704833,952.7839643743241,4.404732502112697,380.8159052609082,1.7606527391114954,3,,,,,0.05562103098788767,0.0560604512708271,1.0,DS-2
water,1,mag_argmax,5003811.333333333,3.055050463405509,908.1974343230637,1.3470163168746194,363.00226923672545,0.5384335859114772,3,,,,,,,1.0,DS-2
water,1,midpoint,5003830.551022516,3.1586007848969584,938.5790857213238,3.171765748109049,375.1442329748122,1.2679619361173842,3,,,,,,,1.0,DS-2
water,1,psl,5003909.027432817,2.232455502596172,936.064975712703,3.9298044360528173,374.1334911352972,1.5708604957525454,3,-5.0623580784606235,0.020438653311006628,-5.082817385347831,-5.041940141528679,0.0045773424192121,0.0046137731520503,1.0,DS-2
water,1,sym,5003829.853649184,2.8721259928159375,938.7335658611368,4.100425749135045,375.206030135362,1.6391306102238017,3,,,,,0.0198752320082536,0.0199157497908618,1.0,DS-2
water,1,sym_lin,5003855.356411134,2.679941758763372,936.6337923310749,3.9286135054226365,374.3648555036307,1.570435103656317,3,,,,,0.007701309042066967,0.0077934925185934,1.0,DS-2
water,3,argmax_hh,14987327.333333334,10.408329997069684,1298.5022135935724,0.5312497548349071,173.28002311849966,0.07079940584138407,3,,,,,,,0.0,DS-2
water,3,circle,14986961.06804061,9.317186045162403,1382.4805327812562,1.3428593524606462,184.491108888153,0.17928022042965747,3,,,,,0.1787699561721339,0.1793474519971437,0.0,DS-2
water,3,mag_argmax,14986979.0,7.211102550927978,1774.1655010652419,1.3908080394300362,236.76092446764952,0.18571537719024087,3,,,,,,,0.0,DS-2
water,3,midpoint,14987192.609100893,8.280661910058932,1298.5022135935724,0.5312497548349071,173.28158080069818,0.07086496920881628,3,,,,,,,0.0,DS-2
water,3,psl,14987491.911240308,8.69564401782198,1327.9667180026488,0.712968297615037,177.20999966373265,0.09524344064496025,3,-13.541119265966818,0.025760992372547482,-13.55973380508906,-13.511718392249938,0.0027996704935521668,0.0028366892960812,0.0,DS-2
water,3,sym,14987185.663896421,8.214861590282139,1401.2965730588705,1.4612455027789504,186.9992945504567,0.19503070787774757,3,,,,,0.04865450540019873,0.0487373774080494,0.0,DS-2
water,3,sym_lin,14987290.380150734,8.348946146223941,1328.0928851052129,0.7827642180619435,177.22921911355104,0.10454048641928562,3,,,,,0.016193221392488567,0.0162217350213124,0.0,DS-2
water,5,argmax_hh,24971740.666666668,24.785748593280324,1581.7310974293698,1.8845038866957522,126.68168537483706,0.15090750604822742,3,,,,,,,0.0,DS-2
water,5,circle,24972178.139654804,13.60020419320889,1532.1951023841611,1.9590323662332643,122.71217143728194,0.15690969171417704,3,,,,,0.10189519168255201,0.1024131655457952,0.0,DS-2
water,5,mag_argmax,24971132.666666668,22.501851775188054,6373.911537401378,73.91707914273717,510.502400199591,5.920653138599553,3,,,,,,,0.0,DS-2
water,5,midpoint,24971445.705579117,13.711069232999224,1581.7310974293698,1.8845038866957522,126.6831817637089,0.15095097731000695,3,,,,,,,0.0,DS-2
water,5,psl,24972089.488040704,13.278385593855308,1645.633988806887,1.0423325197453572,131.79786096104127,0.08354022729325979,3,-23.797843531626057,0.038806164164610434,-23.822447987684296,-23.753108543404046,0.0017785935765253999,0.0018902506426445,0.0,DS-2
water,5,sym,24971380.82450184,11.879490913612978,2017.7769750280222,7.210392458452911,161.60716043911995,0.5774460628086074,3,,,,,0.07834203995417947,0.0784218170691179,0.0,DS-2
water,5,sym_lin,24971654.065149922,12.747743627240757,1649.092789343708,2.310691167765347,132.0771772441307,0.1851232170622573,3,,,,,0.0262781697574906,0.0263346211481261,0.0,DS-2
water,7,argmax_hh,34955382.666666664,18.9296944866569,1822.6208024223645,2.6580986940752567,104.28269777964003,0.1521309956604262,3,,,,,,,0.0,DS-2
water,7,circle,34955776.18623165,17.376782228673243,1761.7968977736818,2.159231491083587,100.80147491859651,0.12357398633054864,3,,,,,0.06608312841298614,0.0662513538583158,0.0,DS-2
water,7,mag_argmax,34954408.0,19.467922333931785,,,,,3,,,,,,,0.0,DS-2
water,7,midpoint,34955021.465858124,19.336929686798918,1822.6208024223645,2.6580986940752567,104.28377536254312,0.15213076908862935,3,,,,,,,0.0,DS-2
water,7,psl,34955726.79510861,17.572359222438045,1871.8321124859194,3.1743207363291965,107.09730762826307,0.18164411318285942,3,-22.325736704369415,0.04680957786629142,-22.368324553869293,-22.275618434245256,0.0036316319654485334,0.0036906796244256,0.0,DS-2
water,7,sym,34954973.57072553,18.763544710344895,2258.975282598767,2.0525525316440403,129.2505788146842,0.117499810707416,3,,,,,0.0740878077832873,0.0742076473113242,0.0,DS-2
water,7,sym_lin,34955258.771389864,18.356612744150695,1879.3986044120672,3.1142319069781754,107.53166596502052,0.17821241302843624,3,,,,,0.0264501952304373,0.0265837217026461,0.0,DS-2
water,9,argmax_hh,44940714.666666664,40.46397574856579,2098.181593361,1.1656355899394844,93.37553303024735,0.05187657195460538,3,,,,,,,0.0,DS-2
water,9,circle,44941152.736392796,30.20942482333932,2017.6564366853772,1.388309333859829,89.79104070129098,0.061838966769407935,3,,,,,0.06514164905975729,0.0673091084043476,0.0,DS-2
water,9,mag_argmax,44939176.0,76.23647421018367,,,,,3,,,,,,,0.0,DS-2
water,9,midpoint,44940161.39368922,14.421264719045679,2098.181593361,1.1656355899394844,93.3766826038496,0.05186911885610882,3,,,,,,,0.0,DS-2
water,9,psl,44941169.02080863,30.176905345433873,2123.8917245461334,10.030230895390558,94.51875753263026,0.4464340949494962,3,-27.806457620413635,0.27903177093338044,-27.995218009049182,-27.48594501808711,0.005669337792197734,0.0065046246794714,0.0,DS-2
water,9,sym,44940051.53729826,17.716281278311104,2865.9425771643196,23.911225689476844,127.54513951167657,1.0640936399014562,3,,,,,0.08895852569091588,0.0893410612012935,0.0,DS-2
water,9,sym_lin,44940501.12631289,24.632845149933033,2175.652082044588,3.7433192814604643,96.82366810961764,0.166621921426338,3,,,,,0.033940331279070306,0.0346589019580057,0.0,DS-2
air,1,argmax_hh,5000106.333333333,0.5773502693240506,110.87118121407305,0.6489516855607286,44.347529371036536,0.2595776059902441,3,,,,,,,1.0,DS-3
air,1,circle,5000109.673992264,0.5892658944720084,113.11709844613505,0.13169199585328586,45.245846918493534,0.05267380433134581,3,,,,,0.020419515800356964,0.0222805355737664,1.0,DS-3
air,1,mag_argmax,5000111.666666667,1.1547005382448268,182.07401068058485,0.24605074737693786,72.82797776656913,0.09840237000166231,3,,,,,,,1.0,DS-3
air,1,midpoint,5000091.621542967,0.650782798544481,110.87118121407305,0.6489516855607286,44.347659865939725,0.2595811932568569,3,,,,,,,1.0,DS-3
air,1,psl,5000106.617904461,0.5616455007738004,115.55076321311326,0.6467753111140783,46.21931974194646,0.2587094672761257,3,-7.308776807128019,0.1311392254004763,-7.400101537769418,-7.158508793687373,0.012183973529907402,0.0131320722464253,1.0,DS-3
air,1,sym,5000092.3344008615,0.4226222385177578,118.87182649501426,0.6180103811863662,47.54785254940858,0.24720302306055741,3,,,,,0.030142264261146533,0.0302190062622999,1.0,DS-3
air,1,sym_lin,5000096.722697616,0.47740351299053174,115.9974098010821,0.689618983188341,46.398066387074465,0.27584626631946624,3,,,,,0.018494279460764134,0.0190282022910756,1.0,DS-3
air,3,argmax_hh,14977476.333333334,0.5773502689207761,53.41642582882196,0.09210999364686703,7.132900715619889,0.012299718725109366,3,,,,,,,1.0,DS-3
air,3,circle,14977484.905558372,0.4115157476983814,51.204485529525876,0.045726105552566065,6.837527909615981,0.006105817297154415,3,,,,,0.022265082388747203,0.0223299110054798,1.0,DS-3
air,3,mag_argmax,14977492.666666666,0.5773502693240506,116.84175450882564,0.14617350577412594,15.602311697017553,0.019519687889044082,3,,,,,,,1.0,DS-3
air,3,midpoint,14977462.505129462,0.3996367391689301,53.41642582882196,0.09210999364686703,7.132907301098682,0.012299646202925604,3,,,,,,,1.0,DS-3
air,3,psl,14977480.76135259,0.5071333036855196,51.978462641428926,0.04184422381364062,6.940881910530123,0.0055874849927181405,3,-19.76879024482513,0.04146866744104486,-19.80188621067596,-19.722273225167843,0.014006817066847968,0.0141338369223931,1.0,DS-3
air,3,sym,14977462.187172564,0.44950695423360887,60.54592787600679,0.044622048194538924,8.084938171600962,0.0059583917800937955,3,,,,,0.06967727044827655,0.0699195604071959,1.0,DS-3
air,3,sym_lin,14977468.429760294,0.45969859587749423,52.640431234934056,0.09452411626451736,7.0292828832621375,0.012622066312035876,3,,,,,0.03453739572910144,0.0346283152325486,1.0,DS-3
air,5,argmax_hh,24955251.666666668,0.5773502689207761,70.69568606341879,0.12024838509585363,5.665796282572058,0.009637008033908913,3,,,,,,,1.0,DS-3
air,5,circle,24955263.028207164,0.7059358732053499,66.004385112635,0.07847398381280286,5.289816824341235,0.0062890315500583336,3,,,,,0.025761598095027302,0.0259891012531644,1.0,DS-3
air,5,mag_argmax,24955266.666666668,0.5773502689207761,115.00136315139632,0.15899397564158788,9.216600622688995,0.012742169493196672,3,,,,,,,1.0,DS-3
air,5,midpoint,24955233.980717152,0.6799276925661264,70.69568606341879,0.12024838509585363,5.665800297932118,0.009636988811644319,3,,,,,,,1.0,DS-3
air,5,psl,24955258.17002603,0.7410459091673082,67.52356416533685,0.11557179614776263,5.411570075009089,0.009262192564569826,3,-19.545287188214008,0.018889729922790113,-19.56341671276955,-19.5257194667771,0.0130600418152714,0.0131369731182746,1.0,DS-3
air,5,sym,24955234.23465843,0.7060231166005985,78.46291588428412,0.10745311854383693,6.2882932810776095,0.008611536007647568,3,,,,,0.0687319647651804,0.0688126186276582,1.0,DS-3
air,5,sym_lin,24955242.162437186,0.7076411263903722,68.6583222266973,0.15128892542428501,5.502517008442351,0.012124690718477238,3,,,,,0.034889576408280464,0.0349692514392085,1.0,DS-3
air,7,argmax_hh,34931726.0,1.7320508075688772,106.78583091373245,0.2570343356026511,6.113973921887136,0.014716081239181838,3,,,,,,,1.0,DS-3
air,7,circle,34931746.28132683,1.706991384773204,98.90754009122018,0.145933549153005,5.6629026954922175,0.008355130859593756,3,,,,,0.014642475927821032,0.0151728438421348,1.0,DS-3
air,7,mag_argmax,34931739.333333336,2.081665998720478,145.0116161108017,0.13895110053139734,8.302570606186643,0.007955144094527166,3,,,,,,,1.0,DS-3
air,7,midpoint,34931695.6955908,1.6424180694439772,106.78583091373245,0.2570343356026511,6.1139792260008745,0.014716117527545435,3,,,,,,,1.0,DS-3
air,7,psl,34931741.99571235,1.824835664597328,98.81762494038612,0.1596147765454093,5.657755341660128,0.009138373704410499,3,-25.389361120617206,0.05564730402341403,-25.442679899312417,-25.33164608244507,0.010905660828685068,0.0109946167496327,1.0,DS-3
air,7,sym,34931694.566309094,1.6219629164466216,125.08703773991213,0.463771064924381,7.1618075951604405,0.026552758216659908,3,,,,,0.08495321191086626,0.0850536672908595,1.0,DS-3
air,7,sym_lin,34931711.33969471,1.6983808291960227,100.77673139742778,0.23618152323359626,5.769928098275735,0.013522194609851849,3,,,,,0.040499581373849465,0.0406690257059795,1.0,DS-3
air,9,argmax_hh,44909700.0,1.7320508075688772,152.85229132448634,0.08168082322019662,6.807094740143881,0.003637712382624191,3,,,,,,,1.0,DS-3
air,9,circle,44909734.057553075,2.2828525710719436,140.88526204061537,0.11493341728831236,6.2741525862044165,0.005118489228146992,3,,,,,0.031023843285760865,0.0314282284541979,1.0,DS-3
air,9,mag_argmax,44909701.666666664,2.0816660005100496,189.74255398164192,0.26073548474570885,8.449958336129292,0.011611739681255463,3,,,,,,,1.0,DS-3
air,9,midpoint,44909653.67743695,2.3127284333098475,152.85229132448634,0.08168082322019662,6.807101761314431,0.0036374824460574666,3,,,,,,,1.0,DS-3
air,9,psl,44909726.38739517,2.251078567745581,140.27741720699663,0.06903387325912674,6.247084027914094,0.0030742508578638695,3,-28.065092655279386,0.05707336666853856,-28.10976146052863,-28.00079526228128,0.009091190450931734,0.0094301931840652,1.0,DS-3
air,9,sym,44909650.32904416,2.3818609468902325,187.09707181236692,0.9263625988852657,8.332154468348657,0.04125474610319802,3,,,,,0.09149069544532619,0.0917403560075078,1.0,DS-3
air,9,sym_lin,44909678.449483074,2.322168791151434,142.7617932643452,0.13237091219079664,6.357729477936367,0.005894775825521976,3,,,,,0.0418480148578664,0.0421141998789551,1.0,DS-3
gluc05,1,argmax_hh,4999359.0,1.0,839.2232545598721,0.448848372082443,335.73234271458335,0.1795744201965715,3,,,,,,,1.0,DS-3
gluc05,1,circle,4999359.004564191,0.1783340356069908,876.151283706953,0.47019887715058206,350.50544796386015,0.18811094431267425,3,,,,,0.016616599014347765,0.0166778806600306,1.0,DS-3
gluc05,1,mag_argmax,4999322.666666667,1.5275252315503312,942.196856472486,0.9708080511712072,376.92980405755173,0.38844054585302895,3,,,,,,,1.0,DS-3
gluc05,1,midpoint,4999377.994916407,0.29976881741777556,839.2232545598721,0.448848372082443,335.7310671171669,0.179581663667422,3,,,,,,,1.0,DS-3
gluc05,1,psl,4999367.249126998,0.28372720564501924,858.6018498634559,0.8462430560351714,343.4842079245397,0.3385289056301566,3,0.8623661995475663,0.01131928147164867,0.8512812828700247,0.8739061239949015,0.007957939964212768,0.0080764378140552,1.0,DS-3
gluc05,1,sym,4999379.609973743,0.33030334560528224,858.7122838513251,0.8568867927899458,343.5275377498674,0.34279380034960344,3,,,,,0.008635308470732966,0.0087280690456765,1.0,DS-3
gluc05,1,sym_lin,4999374.376363366,0.3268138167511254,858.2982410318346,0.8392567833525824,343.36225951847126,0.3357395683644512,3,,,,,0.007579267007696633,0.0077050796604982,1.0,DS-3
gluc05,3,argmax_hh,14975958.0,1.0,1215.6955487330754,0.16076544214745767,162.35295915333643,0.021462172774184968,3,,,,,,,1.0,DS-3
gluc05,3,circle,14976160.491057592,0.489953918910525,1501.9582394461602,0.5854981101445308,200.57988031783302,0.07819702250085914,3,,,,,0.15798240439620873,0.158263960037747,1.0,DS-3
gluc05,3,mag_argmax,14975690.333333334,0.5773502689207761,1549.7433109826718,0.5527344474255861,206.96786277964353,0.07381037390681956,3,,,,,,,1.0,DS-3
gluc05,3,midpoint,14975693.938724771,0.24315639271228368,1215.6955487330754,0.16076544214745767,162.355821868226,0.02147209108651702,3,,,,,,,1.0,DS-3
gluc05,3,psl,14976123.78583613,0.2622655340952306,1242.4861693794483,0.22575404569498736,165.9289395773431,0.03015068751705492,3,-19.549353513747914,0.006955228459739233,-19.557351867564584,-19.544725882310864,0.007374396678811166,0.0074066522259579,1.0,DS-3
gluc05,3,sym,14975695.935982244,0.475329640354832,1434.2819224445018,0.8700014745192141,191.5479492363639,0.11619435608047635,3,,,,,0.06612862710754304,0.0661314189847552,1.0,DS-3
gluc05,3,sym_lin,14975855.986332105,0.32063512281117684,1234.9549377267879,0.16712812970212595,164.92612360236652,0.02231928656681839,3,,,,,0.021046687888435032,0.0210663512664752,1.0,DS-3
gluc05,5,argmax_hh,24953372.333333332,3.055050463710356,1627.6732057413708,2.4048191808198642,130.45717299335513,0.19273583669782574,3,,,,,,,0.0,DS-3
gluc05,5,circle,24953493.71963805,0.6825261395359127,1595.0304976643922,0.8522116503247129,127.84025480134763,0.06830102009453706,3,,,,,0.09140454498815376,0.0914477605886391,0.0,DS-3
gluc05,5,mag_argmax,24952570.0,4.358898943540674,,,,,3,,,,,,,0.0,DS-3
gluc05,5,midpoint,24953193.11914729,0.9834682105832382,1627.6732057413708,2.4048191808198642,130.45810995180003,0.1927506197156153,3,,,,,,,0.0,DS-3
gluc05,5,psl,24953589.36546387,0.6062235239780476,1703.0803301293754,0.5065560350362396,136.49982815524632,0.0405965492389869,3,-14.265548612189514,0.004833179955018411,-14.27086537399444,-14.261420992909573,0.0024083683346580666,0.0024253142168628,0.0,DS-3
gluc05,5,sym,24953176.430868413,0.39832990723864,1810.725472098744,1.1906916161763919,145.12985768385855,0.09543175594644117,3,,,,,0.05062674824407423,0.0506366298815241,0.0,DS-3
gluc05,5,sym_lin,24953322.489236966,0.4986553469492726,1699.7829395719116,0.3222378926497995,136.23700333302267,0.02582482579322137,3,,,,,0.0148099031939756,0.0148821560434722,0.0,DS-3
gluc05,7,argmax_hh,34929241.0,3.605551275463989,1904.6732053905725,0.7314998194325295,109.0589518056977,0.04188997423753974,3,,,,,,,0.0,DS-3
gluc05,7,circle,34929771.55690124,0.9610623782728428,1951.9038342447463,0.5975438342657389,111.7616146479104,0.03421295291767887,3,,,,,0.0498179214065556,0.0499680584656391,0.0,DS-3
gluc05,7,mag_argmax,34928172.0,2.6457513110645907,,,,,3,,,,,,,0.0,DS-3
gluc05,7,midpoint,34928748.93044411,2.2497598534386953,1904.6732053905725,0.7314998194325295,109.06048820762116,0.041891353549508,3,,,,,,,0.0,DS-3
gluc05,7,psl,34929667.771100275,0.7886848758958381,1919.6051085412066,0.3016039099052761,109.91258898444875,0.017270817549259517,3,-27.868404768855854,0.011769964159681725,-27.8810660039535,-27.85779607923286,0.006034591967136867,0.0060774920728103,0.0,DS-3
gluc05,7,sym,34928645.83199754,0.6987513452036366,2641.265229074175,1.1566582430475265,151.23776866491747,0.06622684852673659,3,,,,,0.08746543087683319,0.0875655316773636,0.0,DS-3
gluc05,7,sym_lin,34929056.63704478,0.7553091381519235,1945.2270698174189,0.576332389762718,111.38159785061335,0.033002166329811455,3,,,,,0.0350632880914411,0.0351242995715943,0.0,DS-3
gluc05,9,argmax_hh,44906789.333333336,7.505553500375088,2251.1007829755545,3.870523255710312,100.25658998726423,0.17237808465119864,3,,,,,,,0.0,DS-3
gluc05,9,circle,44907433.794918634,0.13602267197852633,2323.0421875311463,0.5321940280253273,103.45913766263341,0.02370208412900993,3,,,,,0.023240706321068397,0.0233955687966702,0.0,DS-3
gluc05,9,mag_argmax,44905121.666666664,3.0550504643200496,,,,,3,,,,,,,0.0,DS-3
gluc05,9,midpoint,44906201.067646086,4.187430516136043,2251.1007829755545,3.870523255710312,100.25790334947095,0.1723919061002517,3,,,,,,,0.0,DS-3
gluc05,9,psl,44907376.55185973,0.6729744129749453,2304.175602160998,0.7685718128548673,102.6190251620112,0.0342305239724769,3,-30.797382035759693,0.043592572074118735,-30.82278395521701,-30.747046395137605,0.005849233008508766,0.0058846085188719,0.0,DS-3
gluc05,9,sym,44906013.20278136,1.8159100779598927,3272.046092668086,8.940333911318115,145.72863897324333,0.3981849341545382,3,,,,,0.09753097572978164,0.0976227413465459,0.0,DS-3
gluc05,9,sym_lin,44906592.55356046,0.39786644469331567,2437.9160779536523,2.1671790672709963,108.57720166823863,0.09651994454751571,3,,,,,0.03556033333147683,0.0356121549706096,0.0,DS-3
gluc075,1,argmax_hh,4999331.666666667,3.055050463329297,870.7736321457973,0.2299671612433566,348.3560164084679,0.09178632617635966,3,,,,,,,1.0,DS-3
gluc075,1,circle,4999331.15806765,0.1636354604628856,909.4979434056564,0.5465512024376157,363.84784870307936,0.21865266646636938,3,,,,,0.0176411222214602,0.0176994830393448,1.0,DS-3
gluc075,1,mag_argmax,4999293.333333333,6.5064070986417475,973.8050889548225,0.81783200673317,389.57709562529385,0.32684571991384354,3,,,,,,,1.0,DS-3
gluc075,1,midpoint,4999354.427133056,0.47663163372748607,870.7736321457973,0.2299671612433566,348.354430493418,0.0920067955999448,3,,,,,,,1.0,DS-3
gluc075,1,psl,4999340.799376898,0.35565610527268676,890.241016143058,0.8903222543430863,356.14336043605994,0.35616659357791247,3,1.0414041587366887,0.012021858477888088,1.0339177330840492,1.055271113681069,0.007699903497484167,0.007773548110866,1.0,DS-3
gluc075,1,sym,4999356.275120539,0.28979853636000336,890.4795020448795,0.8648398279069266,356.2376646280659,0.34598136065794344,3,,,,,0.008694873540706667,0.0087482939170884,1.0,DS-3
gluc075,1,sym_lin,4999350.039997403,0.31130398902703693,889.8664225243233,0.9077089200690024,355.99284523177795,0.36313067381817754,3,,,,,0.0072866346999165,0.0073706944360565,1.0,DS-3
gluc075,3,argmax_hh,14975893.666666666,3.7859388974666772,1253.488235706153,0.30770119910200994,167.40079271484865,0.04109324807859469,3,,,,,,,1.0,DS-3
gluc075,3,circle,14976112.76292184,0.38976385806056063,1570.9702911900622,0.7850533284304059,209.79680322324793,0.10483908246847815,3,,,,,0.16341104418911867,0.163607810110385,1.0,DS-3
gluc075,3,mag_argmax,14975624.0,1.0,1625.4834680526208,1.4245821627957447,217.08390489929639,0.19026699614582304,3,,,,,,,1.0,DS-3
gluc075,3,midpoint,14975619.973845595,0.4187908850081531,1253.488235706153,0.30770119910200994,167.40385211444197,0.04109827915817678,3,,,,,,,1.0,DS-3
gluc075,3,psl,14976075.564694919,0.6992814194340171,1285.6924307111403,0.510788852548735,171.69951168704844,0.06822007343811189,3,-20.24190297720198,0.00995095104532451,-20.252743102663608,-20.233182886185137,0.007187122435268867,0.0072363550289386,1.0,DS-3
gluc075,3,sym,14975615.065279506,0.8762190905301332,1501.2404875409666,1.104556766417953,200.49132953685407,0.14751242061887868,3,,,,,0.06803613747986009,0.0680678500798288,1.0,DS-3
gluc075,3,sym_lin,14975788.80899219,0.8159205823226807,1278.3754018248194,0.6936895360871467,170.72561828361245,0.09265076134500673,3,,,,,0.021730073822442065,0.0217752506661667,1.0,DS-3
gluc075,5,argmax_hh,24953309.333333332,4.932882862001582,1672.708388754477,1.7792298612313155,134.06705830591997,0.14259391424773396,3,,,,,,,0.0,DS-3
gluc075,5,circle,24953439.98082074,1.0129498518723543,1646.5670118194867,0.44454987622226516,131.97114410472196,0.03562554989275099,3,,,,,0.08948164283538462,0.0895558121221582,0.0,DS-3
gluc075,5,mag_argmax,24952445.333333332,3.055050463405509,,,,,3,,,,,,,0.0,DS-3
gluc075,5,midpoint,24953127.03860606,0.11215345886800102,1672.708388754477,1.7792298612313155,134.06803773896806,0.14260622319663582,3,,,,,,,0.0,DS-3
gluc075,5,psl,24953537.630233914,0.6443740615425682,1754.1240428649096,0.8375543907934483,140.59121146221295,0.0671256705869593,3,-14.37844439789704,0.01161457134646618,-14.391807231507268,-14.370775926893238,0.0022862806145148335,0.0023042728999026,0.0,DS-3
gluc075,5,sym,24953108.71059521,0.19283993775782468,1867.5093199956973,2.2165127225502568,149.6814959338919,0.17765481914021694,3,,,,,0.05098398651347324,0.0509979448979152,0.0,DS-3
gluc075,5,sym_lin,24953260.44215698,0.24443469727377384,1751.8022246823755,0.45585442173461105,140.4066798196726,0.036535295595166516,3,,,,,0.0152300095186564,0.0152334113235105,0.0,DS-3
gluc075,7,argmax_hh,34929158.0,13.076696830622021,1968.3664086647332,1.190659468369722,112.70620430459907,0.06820448674777495,3,,,,,,,0.0,DS-3
gluc075,7,circle,34929706.45050862,0.6689032333158601,2023.962847058697,0.7378066044031146,115.88776733195915,0.0422443721094672,3,,,,,0.050144783403535474,0.0501990956207902,0.0,DS-3
gluc075,7,mag_argmax,34928039.333333336,1.1547005394546501,,,,,3,,,,,,,0.0,DS-3
gluc075,7,midpoint,34928654.479567945,0.1759044100130277,1968.3664086647332,1.190659468369722,112.70782903017057,0.068177196345179,3,,,,,,,0.0,DS-3
gluc075,7,psl,34929595.18036198,0.717575229411471,1999.882311292199,0.22141246238560755,114.50933232796025,0.01267950078095126,3,-27.574660697887584,0.004718975393672191,-27.580034416048186,-27.57119211403864,0.0060444120017789996,0.0060628825134608,0.0,DS-3
gluc075,7,sym,34928545.98070275,0.5355316286677816,2738.464317155164,5.100592059524539,156.80379702294147,0.2920575984610697,3,,,,,0.08650413783583684,0.0866532166108518,0.0,DS-3
gluc075,7,sym_lin,34928967.943967134,0.7695188159201709,2025.8044551912246,2.378652805821543,115.99566631718153,0.1362012420192322,3,,,,,0.03439228266442407,0.034401264872988,0.0,DS-3
gluc075,9,argmax_hh,44906677.0,3.4641016151377544,2322.758139402916,5.635824084510326,103.44823063211537,0.2510072813310068,3,,,,,,,0.0,DS-3
gluc075,9,circle,44907361.35943752,0.7897883482308148,2416.4769536524395,0.6150877580918649,107.62052725878523,0.02739344177978601,3,,,,,0.0242938348156066,0.024822961990206,0.0,DS-3
gluc075,9,mag_argmax,44904980.666666664,0.5773502697273251,,,,,3,,,,,,,0.0,DS-3
gluc075,9,midpoint,44906094.84063914,4.354785808562229,2322.758139402916,5.635824084510326,103.4495717345094,0.25101488863501864,3,,,,,,,0.0,DS-3
gluc075,9,psl,44907292.18070481,0.431426303909572,2404.145102757889,1.362156495596551,107.07147930845633,0.06066582132261314,3,-30.467704769842157,0.017273380121021618,-30.485511963896805,-30.451019942788005,0.005514492222514867,0.0056072854441893,0.0,DS-3
gluc075,9,sym,44905909.663559996,1.6101326422494797,3290.9388709467717,13.823411094543534,146.57041337893284,0.6156662788628704,3,,,,,0.09746991413294857,0.0976681573141981,0.0,DS-3
gluc075,9,sym_lin,44906494.984364055,0.5883211569675596,2564.3334063778752,1.9200592743248424,114.20768453593894,0.08551513785933616,3,,,,,0.033982735619486094,0.0340311967546287,0.0,DS-3
gluc10,1,argmax_hh,4999304.333333333,2.886751346015341,903.8719041425114,0.6359468260546616,361.5990722243502,0.2545912007243452,3,,,,,,,1.0,DS-3
gluc10,1,circle,4999299.856014627,0.060364363111814576,946.5942070732432,0.661399346106916,378.6907104350774,0.26459922725663193,3,,,,,0.018545811116092034,0.0186958342461448,1.0,DS-3
gluc10,1,mag_argmax,4999273.0,7.810249675906654,1005.6358331105051,0.350094693061979,402.3128296145019,0.1404220447149929,3,,,,,,,1.0,DS-3
gluc10,1,midpoint,4999326.898382686,0.28257468164574134,903.8719041425114,0.6359468260546616,361.5974400138782,0.2543970580082012,3,,,,,,,1.0,DS-3
gluc10,1,psl,4999311.604368337,0.12074136184631748,926.4953733450726,0.8715590661653716,370.64917998809165,0.3486633173646419,3,1.190474172934408,0.009782482754029417,1.1836865083849617,1.201687383464851,0.0075839685694557004,0.0076657341353309,1.0,DS-3
gluc10,1,sym,4999330.0081244325,0.02331802047565105,926.8293016673792,0.833936619188957,370.78140477312644,0.3336200397327181,3,,,,,0.008868253791540265,0.0089238407490395,1.0,DS-3
gluc10,1,sym_lin,4999322.793027755,0.02883848303249943,926.0835610742391,0.906704350011959,370.4836032443854,0.36272909956779453,3,,,,,0.007152046515975866,0.0072446805209696,1.0,DS-3
gluc10,3,argmax_hh,14975820.666666666,1.527525231855178,1293.9132548269506,0.8283909311454708,172.80031374098223,0.11064215841195812,3,,,,,,,1.0,DS-3
gluc10,3,circle,14976062.846899852,0.7717512509601338,1643.1265101799308,1.1770393354741997,219.43370924476827,0.15719196163781188,3,,,,,0.16768860702114563,0.1679500300478602,1.0,DS-3
gluc10,3,mag_argmax,14975555.333333334,1.1547005382448268,1705.4982018396258,2.2615224940798524,227.77094589456775,0.3020202538395573,3,,,,,,,1.0,DS-3
gluc10,3,midpoint,14975540.284891566,0.5305878066918489,1293.9132548269506,0.8283909311454708,172.80354901464185,0.11063050656580851,3,,,,,,,1.0,DS-3
gluc10,3,psl,14976023.76156412,0.34830469414119386,1330.6988644574487,0.817592567055439,177.7105706613033,0.1091852224420084,3,-20.93908910173567,0.024958374479947035,-20.96648511417104,-20.917644203646915,0.006966413095738133,0.0069892532575212,1.0,DS-3
gluc10,3,sym,14975528.524460284,1.0340892316348638,1570.6748932239334,2.524467695114515,209.76553725914997,0.33715976979058015,3,,,,,0.0699862904008977,0.07000920338277,1.0,DS-3
gluc10,3,sym_lin,14975716.82605319,0.47727469485983753,1324.0087904826569,0.833723472786245,176.82075667768115,0.11134466951911681,3,,,,,0.022402262189564436,0.0224324773275366,1.0,DS-3
gluc10,5,argmax_hh,24953252.0,3.0,1719.5105741303414,1.5709528750135313,137.81855559438927,0.12589601565569358,3,,,,,,,0.0,DS-3
gluc10,5,circle,24953386.03235537,1.2849800300280283,1701.1153365119164,0.8059894387819679,136.34344728044027,0.06459288886580725,3,,,,,0.08783180667849204,0.0880233261549623,0.0,DS-3
gluc10,5,mag_argmax,24952337.333333332,2.081665998944174,,,,,3,,,,,,,0.0,DS-3
gluc10,5,midpoint,24953060.911701534,0.6473270758742369,1719.5105741303414,1.5709528750135313,137.81961100414364,0.12590952638538494,3,,,,,,,0.0,DS-3
gluc10,5,psl,24953484.208466947,1.135060457463924,1808.1665326546674,0.833571822446713,144.92297087859285,0.06680402138098594,3,-14.461132102946785,0.015845668311166954,-14.474781425752658,-14.44375484970898,0.0023174718670401335,0.0023482551424963,0.0,DS-3
gluc10,5,sym,24953039.337449804,0.43707023576396165,1928.8645749261432,1.5631989607524324,154.59956992200603,0.12528862176562558,3,,,,,0.0511942347547636,0.0512383038506463,0.0,DS-3
gluc10,5,sym_lin,24953196.884367023,0.6589526176454331,1805.836166081901,0.6813741008940132,144.73786059863536,0.054608346661463344,3,,,,,0.0156169455887481,0.0156587053514447,0.0,DS-3
gluc10,7,argmax_hh,34929084.333333336,7.02376916768452,2036.3635966082413,0.9031663632982597,116.59988432902422,0.05169190741295034,3,,,,,,,0.0,DS-3
gluc10,7,circle,34929637.231379405,1.0145478286721477,2096.623397788675,0.6812477866092181,120.04839236592362,0.0390035130135841,3,,,,,0.050499630446210135,0.0508308538893311,0.0,DS-3
gluc10,7,mag_argmax,34927911.666666664,4.509249751859059,,,,,3,,,,,,,0.0,DS-3
gluc10,7,midpoint,34928555.90791295,2.634447322664516,2036.3635966082413,0.9031663632982597,116.60164834721637,0.051718366708248004,3,,,,,,,0.0,DS-3
gluc10,7,psl,34929516.95843852,0.8530218152568138,2082.391608399795,2.1626335685016214,119.23391960115815,0.12382553740949932,3,-27.301049361468234,0.01846909771263947,-27.32144343060859,-27.28545149101434,0.005794817649917433,0.0058531496617558,0.0,DS-3
gluc10,7,sym,34928442.82175446,0.9526020998472281,2820.2318699641182,4.134874812545023,161.4862640372001,0.2367624364379368,3,,,,,0.08617150781955486,0.0862397569985174,0.0,DS-3
gluc10,7,sym_lin,34928876.84597167,0.8201453481090235,2118.2150590068445,1.5606806227966459,121.28732729253323,0.08936126023117791,3,,,,,0.03310130728248333,0.0331908473422002,0.0,DS-3
gluc10,9,argmax_hh,44906558.333333336,1.527525231855178,2398.8843129351735,2.6555615480044867,106.83892963139165,0.1182673054557011,3,,,,,,,0.0,DS-3
gluc10,9,circle,44907275.199635774,2.308299588263244,2508.762955097913,0.6625016585546398,111.73080281194069,0.029499779105717206,3,,,,,0.024353522818585067,0.0248429561899505,0.0,DS-3
gluc10,9,mag_argmax,44904825.333333336,2.3094010756831045,,,,,3,,,,,,,0.0,DS-3
gluc10,9,midpoint,44905974.83238605,2.1344231606389505,2398.8843129351735,2.6555615480044867,106.84031788192483,0.11827267103650119,3,,,,,,,0.0,DS-3
gluc10,9,psl,44907197.38010577,2.7386478476465625,2508.933406365671,1.165994516679483,111.7385876976128,0.05192760432197188,3,-30.19222149198545,0.06606114049244603,-30.266322830981142,-30.13949223988436,0.0057318674544515,0.005842426451195,0.0,DS-3
gluc10,9,sym,44905794.265686326,2.6147928566572958,3305.5743074244238,6.559850967658581,147.22261844962702,0.2921690735504766,3,,,,,0.09740148918604856,0.0976594121349015,0.0,DS-3
gluc10,9,sym_lin,44906384.989270456,1.2992645410236636,2702.809009736888,1.5007447628946877,120.3752655826142,0.06683669619259926,3,,,,,0.03287679999566467,0.0330649476548141,0.0,DS-3
water,1,argmax_hh,4999377.333333333,2.516611478315646,812.8220040216111,1.4012858836609847,325.1692961900702,0.5607276091268908,3,,,,,,,1.0,DS-3
water,1,circle,4999376.360724802,1.1924321239810143,848.09846861946,1.5294031220893933,339.2817054152551,0.611910773049049,3,,,,,0.015474969352937601,0.0156059691782422,1.0,DS-3
water,1,mag_argmax,4999343.0,2.6457513110645907,916.3342257342301,0.6679564549696747,366.58185921697367,0.2673553934520662,3,,,,,,,1.0,DS-3
water,1,midpoint,4999391.997042054,1.0144298603770814,812.8220040216111,1.4012858836609847,325.1683423471895,0.5606483652015487,3,,,,,,,1.0,DS-3
water,1,psl,4999383.828878281,1.189758354280744,832.5153391242147,1.5187778627454318,333.04717852930185,0.6076425911752831,3,0.7027175936884795,0.02704705118478133,0.6747097420230249,0.7286886896798784,0.008295167980875434,0.0083779639119531,1.0,DS-3
water,1,sym,4999393.596189612,1.4114251752727958,832.5338663337292,1.523718498216784,333.05393966703593,0.6096414973194757,3,,,,,0.0087357314461539,0.0087806418146706,1.0,DS-3
water,1,sym_lin,4999389.202980393,1.3135762994719216,832.2822298669653,1.5202052268711035,332.95356544295106,0.608227808591735,3,,,,,0.007964072617207532,0.0080564792568339,1.0,DS-3
water,3,argmax_hh,14976008.333333334,3.2145502538333224,1172.340657458951,1.3937048065934414,156.5625007096992,0.1861585162398939,3,,,,,,,1.0,DS-3
water,3,circle,14976202.057608465,2.7716439141647613,1430.159069741303,2.91041505900522,190.99088869079665,0.38870703230449966,3,,,,,0.15113312145420763,0.1514656922061045,1.0,DS-3
water,3,mag_argmax,14975751.0,3.0,1475.4876287085935,1.6070235510665827,197.05023526630438,0.21465558636567308,3,,,,,,,1.0,DS-3
water,3,midpoint,14975762.762145303,4.0148632863062925,1172.340657458951,1.3937048065934414,156.56506801395713,0.18617000416136134,3,,,,,,,1.0,DS-3
water,3,psl,14976163.938582294,2.8889538784858404,1198.1744036911357,1.930869808713582,160.0108557636129,0.25788927442644866,3,-18.93138754925696,0.031125279566924974,-18.954164495036995,-18.895922301586687,0.007382036875472499,0.0073947684145117,1.0,DS-3
water,3,sym,14975766.130620873,4.177317668212598,1369.137665375131,2.750461104643229,182.8470949585196,0.36737199609221305,3,,,,,0.06437381531898687,0.0644225993954555,1.0,DS-3
water,3,sym_lin,14975913.980498945,3.580542872704755,1191.231983581828,1.648464263763195,159.08638169123424,0.22018584783309839,3,,,,,0.020372129451876567,0.0204171828577237,1.0,DS-3
water,5,argmax_hh,24953447.333333332,4.932882862001582,1571.3374807921548,1.0519736725976456,125.94151500916162,0.0843397533215612,3,,,,,,,0.0,DS-3
water,5,circle,24953568.823667396,4.631544259790501,1529.1066237589785,0.4399415300307908,122.55614693922935,0.035238562036929544,3,,,,,0.09378990899556237,0.0940580822804166,0.0,DS-3
water,5,mag_argmax,24952744.0,6.244997998398398,6158.242318858703,11.37089644287283,493.59239368397544,0.9114668779045781,3,,,,,,,0.0,DS-3
water,5,midpoint,24953278.803462807,4.469064038324364,1571.3374807921548,1.0519736725976456,125.94236559402555,0.08433799381352822,3,,,,,,,0.0,DS-3
water,5,psl,24953663.07227115,4.374761369722613,1640.1624253083262,0.5741511621029609,131.45664591325178,0.04603686117211027,3,-14.278071471053636,0.02295532551813156,-14.304256658234538,-14.261415319007195,0.0026008438818081003,0.0026337777686279,0.0,DS-3
water,5,sym,24953265.268786374,3.8546969657973515,1740.6443629433427,0.5095517388870973,139.5123519266858,0.040842985922022595,3,,,,,0.05073402267179283,0.0508062321889828,0.0,DS-3
water,5,sym_lin,24953406.034228224,4.142037716422215,1636.5824775608455,0.8593108104815707,131.17106942384862,0.06889102849070895,3,,,,,0.014325854790753434,0.0143945513590066,0.0,DS-3
water,7,argmax_hh,34929335.333333336,2.51661147854694,1806.3032134386401,2.38003257745024,103.42614288535371,0.13628346668435862,3,,,,,,,0.0,DS-3
water,7,circle,34929860.39119086,5.238442127517775,1841.708887160917,0.29768688419271405,105.45183212916538,0.017030265303321503,3,,,,,0.0497788903527023,0.0499733266278106,0.0,DS-3
water,7,mag_argmax,34928352.333333336,8.504900548480396,,,,,3,,,,,,,0.0,DS-3
water,7,midpoint,34928877.82957276,7.482629989676025,1806.3032134386401,2.38003257745024,103.42749759023316,0.1363006183672541,3,,,,,,,0.0,DS-3
water,7,psl,34929766.399585076,5.237700636304434,1800.7001505524422,0.09280358047426678,103.10404770311753,0.00532758848475111,3,-28.515526231880585,0.008839773173242822,-28.52076162297312,-28.505320084592658,0.006145616154076233,0.0061766730438551,0.0,DS-3
water,7,sym,34928777.71946656,5.962422890194911,2503.6397196645908,0.99942732318719,143.35684688918357,0.057250958428471256,3,,,,,0.08959792219261616,0.0896403328361017,0.0,DS-3
water,7,sym_lin,34929175.50772902,5.89134539813499,1830.400833360064,0.15406068791810995,104.80641508219553,0.00883240510391335,3,,,,,0.0364105960528846,0.0364766417753612,0.0,DS-3
water,9,argmax_hh,44906952.0,35.679125549822544,2111.3344243367515,2.1712336768163496,94.03151758114653,0.09662868729804878,3,,,,,,,0.0,DS-3
water,9,circle,44907532.89792035,7.1999446432269885,2162.9534999157227,1.0505497255796516,96.32920628004764,0.04680238309241658,3,,,,,0.017802667084891866,0.0181867236638031,0.0,DS-3
water,9,mag_argmax,44905346.333333336,13.051181301181359,,,,,3,,,,,,,0.0,DS-3
water,9,midpoint,44906362.325107336,4.569905225339956,2111.3344243367515,2.1712336768163496,94.03275237266843,0.09669401104228166,3,,,,,,,0.0,DS-3
water,9,psl,44907504.521180056,7.573659670841841,2129.4581332197904,4.460559114975719,94.83751797635489,0.19866913165673858,3,-31.717516280481107,0.030365491584470695,-31.745606514543013,-31.68529790997349,0.005784213977072433,0.0061210702498681,0.0,DS-3
water,9,sym,44906172.68655295,6.9273750606261775,3210.3968825955285,9.704717469854693,142.98243157959044,0.4322050362284305,3,,,,,0.0975515788286947,0.0976649198408426,0.0,DS-3
water,9,sym_lin,44906742.06569042,8.147730834949831,2212.1934719745955,1.3147176174999542,98.52389063801057,0.05856673326042141,3,,,,,0.037940487315618436,0.0381888733752278,0.0,DS-3
