dataset,medium,phi_1_to_9,monotonic,max_nonmonotonic_step
DS-2,air,-8.0 / -14.5 / -20.6 / -22.9 / -26.9,True,0.0
DS-2,ipa,-5.0 / -14.2 / -24.5 / -21.2 / -27.0,False,3.3072814723513773
DS-2,water,-5.1 / -13.5 / -23.8 / -22.3 / -27.8,False,1.472106827256642
DS-3,air,-7.3 / -19.8 / -19.5 / -25.4 / -28.1,False,0.22350305661112202
DS-3,gluc05,0.9 / -19.5 / -14.3 / -27.9 / -30.8,False,5.283804901558401
DS-3,gluc075,1.0 / -20.2 / -14.4 / -27.6 / -30.5,False,5.863458579304945
DS-3,gluc10,1.2 / -20.9 / -14.5 / -27.3 / -30.2,False,6.477956998788887
DS-3,water,0.7 / -18.9 / -14.3 / -28.5 / -31.7,False,4.653316078203321
air 2026-09-03 (board 1920 class),air,-7.8 / -17.4 / -22.6 / -25.7 / -28.9,True,0.0
