dataset,n,phi_air,phi_liquid_min,phi_liquid_max,liquid_range,air_minus_liquid_mean,all_media_range,replica_sd_max
DS-2,1,-7.994917159721552,-5.062358078460624,-5.002263141935432,0.06009493652519193,-2.9626065495235236,2.992654017786119,0.049307472770524684
DS-2,3,-14.497289985405502,-14.150703938082536,-13.541119265966818,0.6095846721157177,-0.6513783833808233,0.956170719438683,0.17845241381803265
DS-2,5,-20.645247922580705,-24.5482508642189,-23.797843531626057,0.7504073325928431,3.527799275341774,3.9030029416381957,0.1722823582481379
DS-2,7,-22.945676689272332,-22.325736704369415,-21.240969391867523,1.0847673125018922,-1.1623236411538613,1.7047072974048092,0.11248970183929549
DS-2,9,-26.93300730276083,-27.806457620413635,-27.044724730918315,0.7617328894953204,0.4925838729051435,0.8734503176528037,0.27903177093337944
DS-3,1,-7.308776807128017,0.7027175936884795,1.190474172934408,0.4877565792459284,-8.258017338354803,8.499250980062424,0.13113922540047632
DS-3,3,-19.76879024482513,-20.93908910173567,-18.931387549256957,2.0077015524787143,0.14664304066049993,2.0077015524787143,0.04146866744104358
DS-3,5,-19.545287188214008,-14.461132102946785,-14.265548612189512,0.19558349075727222,-5.1994880421922645,5.279738576024496,0.022955325518132386
DS-3,7,-25.389361120617206,-28.515526231880585,-27.301049361468234,1.2144768704123514,2.4255491444058563,3.1261651112633793,0.055647304023414064
DS-3,9,-28.065092655279386,-31.717516280481107,-30.19222149198545,1.525294788495657,2.7286134892377163,3.6524236252017204,0.06606114049244603
