dataset,medium,n,f_MHz,phi,phi_sd,phi_min,phi_max,nrep,fold
DS-2,air,1,5.004595697867217,-7.994917159721552,0.049307472770524684,-8.030002454611935,-7.9385416211548225,3,1.0
DS-2,air,3,14.988740269184264,-14.497289985405502,0.026234920142659345,-14.51708143157984,-14.467532363400103,3,1.0
DS-2,air,5,24.973699319426153,-20.645247922580705,0.059787389676724915,-20.69314251265145,-20.578241213408315,3,1.0
DS-2,air,7,34.95759364773604,-22.945676689272332,0.042635298546197485,-22.97480770999439,-22.89674104062395,3,1.0
DS-2,air,9,44.94315691465851,-26.93300730276083,0.006136880185636199,-26.938708204880125,-26.92651184351429,3,1.0
DS-2,ipa,1,5.003655803617173,-5.002263141935432,0.020985370882102235,-5.023766930656304,-4.981837773842905,3,1.0
DS-2,ipa,3,14.987056616090117,-14.150703938082536,0.17845241381803265,-14.255256900949664,-13.944652385638548,3,0.0
DS-2,ipa,5,24.971628826589924,-24.5482508642189,0.1722823582481379,-24.7447297994581,-24.42302562314378,3,0.0
DS-2,ipa,7,34.95509426027018,-21.240969391867523,0.11248970183929549,-21.370651661012506,-21.169739609398206,3,0.0
DS-2,ipa,9,44.94047726530441,-27.044724730918315,0.04519483163347394,-27.087284314763902,-26.9972899361558,3,0.0
DS-2,water,1,5.003909027432817,-5.062358078460624,0.020438653311006295,-5.082817385347831,-5.041940141528679,3,1.0
DS-2,water,3,14.987491911240308,-13.541119265966818,0.025760992372547642,-13.55973380508906,-13.511718392249938,3,0.0
DS-2,water,5,24.972089488040705,-23.797843531626057,0.038806164164612016,-23.822447987684296,-23.753108543404046,3,0.0
DS-2,water,7,34.95572679510861,-22.325736704369415,0.04680957786629189,-22.368324553869293,-22.275618434245256,3,0.0
DS-2,water,9,44.94116902080863,-27.806457620413635,0.27903177093337944,-27.995218009049182,-27.48594501808711,3,0.0
DS-3,air,1,5.000106617904461,-7.308776807128017,0.13113922540047632,-7.400101537769418,-7.158508793687373,3,1.0
DS-3,air,3,14.97748076135259,-19.76879024482513,0.04146866744104358,-19.80188621067596,-19.722273225167843,3,1.0
DS-3,air,5,24.955258170026024,-19.545287188214008,0.018889729922790113,-19.56341671276955,-19.5257194667771,3,1.0
DS-3,air,7,34.93174199571234,-25.389361120617206,0.055647304023414064,-25.442679899312417,-25.33164608244507,3,1.0
DS-3,air,9,44.909726387395175,-28.065092655279386,0.057073366668538406,-28.10976146052863,-28.00079526228128,3,1.0
DS-3,gluc05,1,4.999367249126998,0.8623661995475663,0.01131928147164867,0.8512812828700247,0.8739061239949015,3,1.0
DS-3,gluc05,3,14.976123785836132,-19.549353513747914,0.006955228459738937,-19.557351867564584,-19.544725882310864,3,1.0
DS-3,gluc05,5,24.95358936546387,-14.265548612189512,0.00483317995501868,-14.27086537399444,-14.261420992909573,3,0.0
DS-3,gluc05,7,34.92966777110028,-27.868404768855854,0.011769964159682449,-27.8810660039535,-27.85779607923286,3,0.0
DS-3,gluc05,9,44.90737655185973,-30.797382035759693,0.04359257207411975,-30.82278395521701,-30.747046395137605,3,0.0
DS-3,gluc075,1,4.999340799376898,1.0414041587366887,0.01202185847788812,1.0339177330840492,1.055271113681069,3,1.0
DS-3,gluc075,3,14.976075564694918,-20.241902977201985,0.009950951045325288,-20.252743102663608,-20.233182886185137,3,1.0
DS-3,gluc075,5,24.953537630233914,-14.37844439789704,0.011614571346466072,-14.391807231507268,-14.370775926893238,3,0.0
DS-3,gluc075,7,34.92959518036198,-27.574660697887584,0.004718975393672485,-27.580034416048186,-27.57119211403864,3,0.0
DS-3,gluc075,9,44.90729218070481,-30.467704769842154,0.01727338012102256,-30.485511963896805,-30.451019942788005,3,0.0
DS-3,gluc10,1,4.999311604368337,1.190474172934408,0.009782482754029403,1.1836865083849617,1.201687383464851,3,1.0
DS-3,gluc10,3,14.97602376156412,-20.93908910173567,0.024958374479946546,-20.96648511417104,-20.917644203646915,3,1.0
DS-3,gluc10,5,24.95348420846695,-14.461132102946785,0.015845668311166763,-14.474781425752658,-14.44375484970898,3,0.0
DS-3,gluc10,7,34.929516958438526,-27.301049361468234,0.018469097712639094,-27.32144343060859,-27.28545149101434,3,0.0
DS-3,gluc10,9,44.90719738010577,-30.19222149198545,0.06606114049244603,-30.266322830981142,-30.13949223988436,3,0.0
DS-3,water,1,4.999383828878281,0.7027175936884795,0.02704705118478133,0.6747097420230249,0.7286886896798784,3,1.0
DS-3,water,3,14.976163938582294,-18.931387549256957,0.03112527956692396,-18.954164495036995,-18.895922301586687,3,1.0
DS-3,water,5,24.953663072271155,-14.278071471053636,0.022955325518132386,-14.304256658234538,-14.261415319007195,3,0.0
DS-3,water,7,34.92976639958508,-28.515526231880585,0.008839773173243085,-28.52076162297312,-28.505320084592658,3,0.0
DS-3,water,9,44.90750452118006,-31.717516280481107,0.030365491584471396,-31.745606514543013,-31.68529790997349,3,0.0
air 2026-09-03 (board 1920 class),air,1,4.998902232832336,-7.782391611689071,,-7.782391611689071,-7.782391611689071,1,1.0
air 2026-09-03 (board 1920 class),air,3,14.974425063095405,-17.43593085687243,,-17.43593085687243,-17.43593085687243,1,1.0
air 2026-09-03 (board 1920 class),air,5,24.950752895776095,-22.647420246183326,,-22.647420246183326,-22.647420246183326,1,1.0
air 2026-09-03 (board 1920 class),air,7,34.92594692585113,-25.736946553910308,,-25.736946553910308,-25.736946553910308,1,1.0
air 2026-09-03 (board 1920 class),air,9,44.90261319149485,-28.922082599864282,,-28.922082599864282,-28.922082599864282,1,1.0
water 2026-07-28 (board not recorded),water,1,4.998023401196356,2.1341267456590316,,2.1341267456590316,2.1341267456590316,1,1.0
