dataset,phase,n,gamma,phi,bias_meas,bias_meas_sd,bias_pred,resid,resid_over_gamma,hh_meas,hh_pred
DS-2,air,1,65.59097197327321,-7.995956968121821,2.6611590509613356,0.8538528166475143,-4.584257397344418,7.245416448305754,0.11046166688944438,0.9967634150820844,1.0048730360274145
DS-2,air,3,75.99318233562633,-14.486088808332182,-1.8151381096492212,0.222224233074013,-9.658165076678435,7.843026967029213,0.10320444790861742,1.026071958474291,1.0160242225178095
DS-2,air,5,102.42595339070972,-20.61396577196071,-11.165094909568628,0.18785495422724782,-18.62687701428262,7.4617821047139925,0.07285012359196229,1.0542968798187529,1.0325425481452888
DS-2,air,7,147.60666005588686,-22.877454729366463,-27.792483280102413,2.1198496741263737,-29.866297360687224,2.073814080584809,0.014133141759166292,1.0752530990358313,1.0401356689704067
DS-2,air,9,188.6860021679598,-26.837798389673548,-46.65216770519813,0.7166256514283232,-45.017090656733934,-1.6350770484641899,-0.008657503743955004,1.0795422433810897,1.0553875783356501
DS-2,ipa,1,1296.8831389107015,-4.97339175882948,-100.53183129057288,0.4532021986321357,-56.32137314054031,-44.21045815003257,-0.034089831037547355,0.9912615218207064,1.0018842634304033
DS-2,ipa,3,1718.5604334696607,-14.246481108659912,-229.75369966154298,1.5784277755636844,-214.76695724081299,-14.986742420729987,-0.008720667127440088,0.9720312748928283,1.0154986938954516
DS-2,ipa,5,2166.8306923782948,-24.71155731046619,-505.42947050308186,9.791747434190755,-474.6432804575483,-30.786190045533584,-0.014190110701563542,0.9345988822539318,1.0468876420103186
DS-2,ipa,7,2569.7680863756427,-21.407388693175008,-447.9422921364506,4.835630202892905,-485.7356806028683,37.79338846641764,0.014706862848207826,0.9274019427480912,1.0351123364087575
DS-2,ipa,9,2925.485281620244,-27.222949116013847,-692.7923194592198,11.9051187902383,-708.3723483859538,15.580028926733993,0.005311455030273106,0.9262905962266567,1.0570058282012615
DS-2,water,1,934.4865672928141,-5.034227640393357,-82.79803311793755,2.3190390199981548,-41.08068925573631,-41.71734386220123,-0.04464528097613437,1.0026554727825598,1.0019306578740506
DS-2,water,3,1351.3750863184246,-15.03418672997438,-190.59229613716403,37.163130010061785,-178.93483487507478,-11.65746126208927,-0.008605581695200348,0.9755239301867674,1.017575308435318
DS-2,water,5,1645.5878768574821,-23.950204579450258,-350.99210304021835,14.163587622058847,-349.0330012394884,-1.959101800729987,-0.001190222576170857,0.9613448742090762,1.0440186989860645
DS-2,water,7,1871.550100331764,-22.502693500869984,-347.02839043239754,1.5937982826959047,-372.3196018005881,25.291211368190545,0.013514331729661405,0.974013712935346,1.0388223838084976
DS-2,water,9,2130.1431498047473,-27.90691968248971,-469.8259112536907,15.44947671635142,-529.2568938334343,59.43098257974358,0.027921208093738294,0.9857098951484081,1.0599415765335032
DS-3,air,1,114.69147424705791,-7.298785641726615,-0.214098896831274,0.24489669332285446,-7.314551582245787,7.100452685414513,0.06191000583409172,0.958950700944074,1.0040605354739127
DS-3,air,3,51.256960813845076,-19.715523609432598,-4.546434915314118,0.47978697968228534,-8.906845468406514,4.360410553092395,0.08507714233774422,1.0266016299904932,1.0297528518015129
DS-3,air,5,66.91061510370359,-19.511838020309668,-6.3250039629638195,0.17584019462425643,-11.504453671672868,5.179449708709047,0.07741129149832128,1.0462107058052312,1.029138108183386
DS-3,air,7,98.30707829308267,-25.323725890870037,-15.785578603545824,0.23247622217168115,-22.085754079026504,6.300175475480681,0.0640868267523905,1.0800119582483214,1.0492592031919383
DS-3,air,9,139.76943291809832,-27.931610936714616,-27.02352563291788,0.9621959022984139,-34.759872348223524,7.736346715305643,0.055348340487280843,1.089794003956162,1.0600461781130512
DS-3,gluc05,1,857.1134216909791,0.8937163645722395,-7.758977795019747,1.8055955451464132,6.684844503030732,-14.443822298050478,-0.016850704165526004,0.9770689063105685,1.000060833443521
DS-3,gluc05,3,1240.748413893341,-19.457301177139055,-164.21645171629885,1.7682476807617835,-212.7236355280164,48.50718381171753,0.03909492063561303,0.9786489092461362,1.0289745980875962
DS-3,gluc05,5,1703.3173516953386,-14.418608950161897,-219.17218302935362,1.9608680578264457,-215.46005411105617,-3.7121289182974238,-0.002179562644953007,0.9555480175192083,1.015874821104506
DS-3,gluc05,7,1918.9156356267024,-28.074944027591965,-429.79884655276936,3.1559580088887413,-479.7726125919939,49.97376603922451,0.026042684613475853,0.9928365270744951,1.0606709186021173
DS-3,gluc05,9,2303.8076013864525,-31.016118991105913,-591.4492796808481,6.703043315096234,-639.2512525349315,47.801972854083296,0.02074971154255487,0.9773474526835623,1.074237462123788
DS-3,gluc075,1,888.713943656085,1.0737660655408836,-8.964804145507514,3.2975752390766058,8.327768819889542,-17.292572965397056,-0.019459046649122586,0.9778156359516842,1.0000878123385202
DS-3,gluc075,3,1283.9636886144317,-20.15027600861042,-179.96568911957243,3.1105728558185173,-228.1340191087936,48.168329989221185,0.03751564743219038,0.9751582965473481,1.0310868058417542
DS-3,gluc075,5,1754.3699559239456,-14.532130598573708,-230.4167299096783,4.046537189577232,-223.68399612474153,-6.732733784936737,-0.003838463022732871,0.9533789044119546,1.016126482292198
DS-3,gluc075,7,1999.0990191772678,-27.780454523741138,-439.83863738924265,13.438333004859617,-494.3651410878256,54.52650369858293,0.027275867817471974,0.9847285134524162,1.0593906850776533
DS-3,gluc075,9,2403.680345996188,-30.686531015299007,-619.083039191862,3.0415216879585896,-659.5238054642792,40.44076627241736,0.016824870999022048,0.9664609594335193,1.0726461384314956
DS-3,gluc10,1,924.9014125520252,1.2249315252507085,-7.075049951982996,2.7691824000165375,9.887106359491959,-16.962156311474956,-0.01834106515501489,0.9753546050117515,1.000114273322259
DS-3,gluc10,3,1328.9547383009901,-20.848137964546776,-201.12595814901093,1.7450267814031322,-244.4860696090775,43.3601114600666,0.03262689615732605,0.9725001587423163,1.0332903602057522
DS-3,gluc10,5,1808.426170125266,-14.61562935606405,-234.3204946666956,1.8149471303580618,-231.9154963710655,-2.4049982956300844,-0.0013301702581872273,0.9507451031411019,1.016312862990134
DS-3,gluc10,7,2081.600304304267,-27.505587777815,-435.565705028673,6.226317393355222,-509.4717842880388,73.90607925936577,0.03550255733591228,0.978338699852031,1.058208528727332
DS-3,gluc10,9,2508.405390504906,-30.41040225295995,-642.9235981032252,1.5549492416268966,-681.7631639798451,38.83956587661991,0.015483926524983387,0.9563542338433367,1.0713270848456833
DS-3,water,1,831.0470669337441,0.7328625539888574,-6.35308001190424,1.3260424176339354,5.31474524101871,-11.66782525292295,-0.014038804283588552,0.9759731001461929,1.0000409388602156
DS-3,water,3,1196.4327794038124,-18.840094168531,-154.37944469973445,0.6012833539367816,-198.49860126014744,44.11915656041298,0.036875329757647436,0.9785407572697419,1.0271569000713479
DS-3,water,5,1640.379808385546,-14.429345611857478,-218.1943102578322,0.9198435674620611,-207.65489721684025,-10.539413040991937,-0.006424948393484731,0.9579066685518306,1.0158985635678572
DS-3,water,7,1800.100077624403,-28.723738743483157,-433.81214392681915,2.388818363441489,-460.91041819200495,27.098274265185825,0.015053713074401107,1.003607339861011,1.0635413710780164
DS-3,water,9,2129.1367117036584,-31.938319174460208,-556.4587595115105,29.258956336644992,-609.2792130912841,52.82045357977362,0.024827393837806595,0.9919001851808966,1.0787856972856993
