dataset,liquid,n,estimator,df,df_sd,dG,dG_sd,df_over_n,dG_over_n,df_KG,dG_KG,eps_f,eps_G,r_KG1
DS-2 datalog 2026-09-11,water,1,argmax_hh (live datalog),-769.3595197256655,1.5210059885591523,870.0094448936446,1.3182339645883392,-769.3595197256655,870.0094448936446,-673.570610672961,673.570610672961,0.14221064211367862,0.2916380719527274,1.1308230061335545
DS-2 datalog 2026-09-11,water,3,argmax_hh (live datalog),-1436.4404802750796,47.89530736684171,1238.639939597225,26.82389670058824,-478.81349342502654,412.8799798657417,-1166.658520170764,1166.658520170764,0.23124329479445938,0.061698790333203135,0.8622981297213403
DS-2 datalog 2026-09-11,water,5,argmax_hh (live datalog),-1947.569125212729,4.896748986870248,1472.976479379059,1.2390559447975988,-389.5138250425458,294.59529587581176,-1506.1496731107864,1506.1496731107864,0.29307807848222645,-0.022025164114806595,0.7563153781348678
DS-2 datalog 2026-09-11,water,7,argmax_hh (live datalog),-2168.7571183517575,5.631203934000864,1662.5083935309246,2.1642335605895413,-309.8224454788225,237.5011990758464,-1782.1003262825636,1782.1003262825636,0.21696690493051785,-0.06710729524476666,0.7665719593323669
DS-2 datalog 2026-09-11,water,9,argmax_hh (live datalog),-2373.4020583182573,16.554704286370615,1897.5466357984321,2.457823561814007,-263.7113398131397,210.83851508871467,-2020.7118320188831,2020.7118320188831,0.17453761625525943,-0.06095139062822097,0.7995049254920567
DS-2 datalog 2026-09-11,ipa,1,argmax_hh (live datalog),-1042.3595197256655,1.3805983521015066,1219.6021263215926,0.47165917499333426,-1042.3595197256655,1219.6021263215926,-902.1053620512729,902.1053620512729,0.1554742534236493,0.351950866967881,1.1700398022388425
DS-2 datalog 2026-09-11,ipa,3,argmax_hh (live datalog),-1904.4222984556109,6.7075159928653445,1591.5769973805448,1.329753388143624,-634.807432818537,530.5256657935149,-1562.4923208531216,1562.4923208531216,0.21883626117010002,0.018614284460318542,0.8357269281457333
DS-2 datalog 2026-09-11,ipa,5,argmax_hh (live datalog),-2559.660034302622,4.482855759252123,1919.1642017238344,2.745494845261888,-511.93200686052444,383.83284034476685,-2017.1689124137054,2017.1689124137054,0.2689368840410009,-0.04858527716085037,0.7497730854897336
DS-2 datalog 2026-09-11,ipa,7,argmax_hh (live datalog),-2907.5753001719713,5.97723119538987,2222.929671653291,1.936420216033418,-415.36790002456735,317.56138166475586,-2386.7464443655526,2386.7464443655526,0.21821708671063544,-0.06863601833323685,0.7645303877501689
DS-2 datalog 2026-09-11,ipa,9,argmax_hh (live datalog),-3312.1475128680468,7.766563813582999,2506.8906321470804,2.8800132857925838,-368.0163903186719,278.54340357189784,-2706.3160861538186,2706.3160861538186,0.2238583400563634,-0.07368889947003898,0.7568777122418439
datalog 2026-09-10 (air → ipa → water),water,1,argmax_hh (live datalog),-755.4191176472232,0.5807365168135928,794.1794125643577,0.4314715758474141,-755.4191176472232,794.1794125643577,-673.579945521602,673.579945521602,0.12149882529867662,0.1790425440136385,1.0513096558078312
datalog 2026-09-10 (air → ipa → water),water,3,argmax_hh (live datalog),-1521.0073529407382,1.2755237294200863,1253.5694793572193,0.21941966076408856,-507.00245098024607,417.8564931190731,-1166.674688602891,1166.674688602891,0.30371162398505924,0.0744807370925189,0.8241705583694579
datalog 2026-09-10 (air → ipa → water),water,5,argmax_hh (live datalog),-1961.441176470369,1.7773079444518796,1450.8934248312,0.4551328672528269,-392.28823529407384,290.17868496624,-1506.1705464669071,1506.1705464669071,0.3022703046951827,-0.03670043991058858,0.7397078445360751
datalog 2026-09-10 (air → ipa → water),water,7,argmax_hh (live datalog),-2229.7610294148326,3.4940776224023056,1660.1056280546713,1.3180605504917409,-318.53728991640463,237.15794686495306,-1782.125023970594,1782.125023970594,0.2511810335544813,-0.0684684824435392,0.7445217698913418
datalog 2026-09-10 (air → ipa → water),water,9,argmax_hh (live datalog),-2549.0625,5.4394393093406235,1931.1649001580818,4.580297904973783,-283.2291666666667,214.5738777953424,-2020.739836564806,2020.739836564806,0.2614501153861182,-0.04432779261629183,0.7575980974017239
datalog 2026-09-10 (air → ipa → water),ipa,1,argmax_hh (live datalog),-1015.7720588231459,29.4127406700819,1093.0828631795182,46.82370196985988,-1015.7720588231459,1093.0828631795182,-902.1178641065578,902.1178641065578,0.12598597061277506,0.21168519843256717,1.0761103868577986
datalog 2026-09-10 (air → ipa → water),ipa,3,argmax_hh (live datalog),-1913.066176470369,7.878800047981826,1545.064580806808,3.9089562333583445,-637.688725490123,515.0215269356027,-1562.5139750480741,1562.5139750480741,0.22435140230442374,-0.011167512431835558,0.8076378119116984
datalog 2026-09-10 (air → ipa → water),ipa,5,argmax_hh (live datalog),-2602.7352941185236,14.380235619439208,1861.7933315276928,9.074294865751032,-520.5470588237047,372.3586663055386,-2017.1968678591809,2017.1968678591809,0.2902733171902876,-0.07703935040133958,0.7153218138374814
datalog 2026-09-10 (air → ipa → water),ipa,7,argmax_hh (live datalog),-2949.819852940738,17.910596326876266,2186.121227586785,6.075660199499636,-421.4028361343912,312.30303251239786,-2386.779521694714,2386.779521694714,0.23589959865511245,-0.08407072889809819,0.7411033000565761
datalog 2026-09-10 (air → ipa → water),ipa,9,argmax_hh (live datalog),-3374.2977941185236,47.47266241186171,2514.775925427195,23.153556450471378,-374.9219771242804,279.41954726968834,-2706.353592319673,2706.353592319673,0.24680596197570082,-0.07078811410162889,0.7452738551441742
