estimator,n,sd_f_liquid,sd_G_liquid,slope_f_Hz_per_x,slope_G_Hz_per_x,res_x_f,res_x_G,res3_x_f,res3_x_G,step_water_gluc05_df,step_water_gluc05_dG,step_water_gluc05_dx_f,step_water_gluc05_dx_G,step_water_gluc05_sigma_f,step_water_gluc05_sigma_G,step_gluc05_gluc075_df,step_gluc05_gluc075_dG,step_gluc05_gluc075_dx_f,step_gluc05_gluc075_dx_G,step_gluc05_gluc075_sigma_f,step_gluc05_gluc075_sigma_G,step_gluc075_gluc10_df,step_gluc075_gluc10_dG,step_gluc075_gluc10_dx_f,step_gluc075_gluc10_dx_G,step_gluc075_gluc10_sigma_f,step_gluc075_gluc10_sigma_G
argmax_hh,1,2.7016814121654935,0.5520394947245808,729.0,701.0955628412776,0.0037060101675795523,0.0007873955049542342,0.011118030502738657,0.002362186514862703,-18.0,26.37909548558912,0.024691358024691357,0.03762553478256877,6.1142959844355715,18.0202711131011,-27.666666666045785,31.539371560172526,0.03795153177784058,0.044985838210636044,8.099970605102458,63.19732839175992,-27.333333333954215,33.10823446760571,0.03749428440871634,0.047223568686457586,6.503023002936512,47.01164033534376
argmax_hh,3,2.2912878474779204,0.5846764636913335,1467.3333333339542,1118.1372260944918,0.0015615319269493078,0.0005229022431652083,0.004684595780847923,0.0015687067294956252,-50.0,43.499367701510664,0.03407542026350217,0.038903424987868716,14.638501095493934,32.11990384086713,-64.0,37.81070355977863,0.04361653793728277,0.033815798881722696,15.676734353228337,105.53785021983376,-73.0,40.340673448828284,0.04975011358471316,0.03607846381229343,17.881275120901677,44.331664908067445
argmax_hh,5,3.567706816351433,1.7086161061710776,1808.3333333358169,1501.3282323852181,0.0019729254283943963,0.0011380696567975233,0.005918776285183189,0.0034142089703925703,-74.66666666418314,56.27071011004364,0.041290322579215076,0.03748061809284981,13.483215546113119,21.166376102280218,-63.0,44.97784756806982,0.03483870967737151,0.029958703631791282,11.977388334845434,14.871574552817737,-57.33333333581686,46.773186414812926,0.0317050691257538,0.031154537299616727,10.900057108514726,19.324725452296747
argmax_hh,7,5.314660221574255,0.9926848560561649,2394.333333335817,1700.4208112495642,0.0022196826764174058,0.0005837877597644107,0.006659048029252218,0.0017513632792932321,-94.66666666418314,98.57571910073352,0.03953779757653555,0.05797136711605792,20.031815490415564,40.64644361336158,-82.66666666418314,63.40033858393622,0.03452596408078688,0.03728508741159555,5.855182841911263,47.11824599637616,-74.0,67.93934325004625,0.030906306557116767,0.03995442939805037,4.820395143483656,48.30002145851877
argmax_hh,9,5.232050807568877,3.2018846530326988,2752.0,1959.5617669137816,0.0019011812527503186,0.0016339799577104006,0.005703543758250956,0.004901939873131201,-163.0,139.73908349623252,0.0592296511627907,0.07131139515766072,4.483032391709151,30.008178458132647,-112.0,71.44223723560572,0.040697674418604654,0.03645827268212316,14.34013055248435,10.29745575511107,-118.66666666418314,75.8610500395298,0.043120155037857245,0.038713273202409644,31.344052263857353,12.305402382391947
psl,1,0.32087476531264353,0.8795249562486129,722.861018884927,716.3555926866861,0.0004438955164681856,0.0012277770498726216,0.0013316865494045567,0.0036833311496178656,-16.594102216884494,26.06635475723499,0.02295614479596959,0.03638745201872903,13.538731763694553,15.051196078634971,-26.46084031648934,31.60052196510594,0.036605709292925184,0.04411289907933632,58.06241208046657,25.992971829971108,-29.223087526857853,36.18746889594024,0.040426979410145655,0.05051606948473651,78.89335219479757,29.092551112120205
psl,3,0.5249848062971388,0.6722290368599243,1317.500323548913,1145.1758185899673,0.00039847034335673047,0.0005870094582398944,0.0011954110300701915,0.0017610283747196832,-40.16299298405647,44.31563448952852,0.030484237662933216,0.03869766875106872,13.990685972882584,23.35671955553227,-48.25076259858906,43.215274721090736,0.03662296072050849,0.03773680339696734,64.52992938528755,76.5963215814231,-51.83973096869886,44.991049686558426,0.03934703471575601,0.03928746045472304,66.1912261274552,46.04585041242043
psl,5,0.883776363590483,0.7024751273609942,1596.4640270359814,1573.4691932818425,0.0005535836377292604,0.00044644987671847323,0.0016607509131877812,0.0013393496301554197,-73.68879389762878,62.937543309792545,0.04615750348878232,0.03999922183320374,16.689611662380205,81.22792643223261,-51.75545312091708,51.052604228606924,0.032418803207866206,0.032445887372046116,58.83046963071363,52.139537033115054,-53.42956857383251,54.05621420132047,0.03346744284181,0.034354796669754585,41.217381244409545,45.64844729246332
psl,7,0.8278627885767429,0.24341518016741986,1976.3067680075765,1701.7929993313203,0.0004188938690987518,0.00014303454078319993,0.0012566816072962551,0.0004291036223495998,-98.67996404320002,118.81555800229944,0.049931501344138346,0.06981786741923679,18.605652124356894,427.39482017502394,-72.6268758252263,80.1833835505654,0.03674878667669871,0.047117001645953165,66.53711205292642,232.17122122929723,-78.27293235808611,82.50128512699916,0.039605659215040466,0.04847903661574358,70.33274009984899,37.57593558772072
psl,9,1.6982627842433187,1.2709233548693035,2222.5647661164403,1989.36727878556,0.0007641004708316098,0.0006388580773506832,0.002292301412494829,0.0019165742320520495,-128.00947982817888,174.67088968279404,0.05759538789587401,0.08780223317507493,16.83707663795255,38.06866995873027,-84.36624049395323,99.87274460973549,0.03795895704824346,0.050203270997150586,104.5271123961235,63.98467257294285,-94.8261077478528,104.72504450871793,0.04266517187417919,0.05264238817311248,34.380305757176544,58.11456055218779
