dataset,liquid,conc,n,estimator,f_air,f_air_sd,f_liq,f_liq_sd,G_air,G_air_sd,G_liq,G_liq_sd,df,df_sd,dG,dG_sd,df_over_n,dG_over_n,df_over_sqrtn,dG_over_sqrtn,dD_ppm,df_KG,dG_KG,eps_f,eps_G,r_KG1,r_KG1_sd,dD_KG_ppm,phi_air,phi_liq,phi_liq_sd
DS-2,water,0.0,1,mag_argmax,5004599.333333333,1.5275252315503312,5003811.0,3.605551275463989,128.49604364655292,0.08582109629385931,907.0051570891713,1.3158519007114,-788.3333333330229,3.9157800414506037,778.5091134426184,1.3186475970383005,-788.3333333330229,778.5091134426184,-788.3333333330229,778.5091134426184,311.1745645352115,-673.5703654590892,673.5703654590892,0.17038007275708167,0.15579478160682658,0.9875379874540274,0.005182618148080234,269.1807329028248,,,
DS-2,water,0.0,3,mag_argmax,14988750.333333334,7.571877794564362,14986979.0,7.211102550927978,134.45461604557931,0.26715205122569047,1770.7862060523282,1.4391310780840565,-1771.3333333339542,10.456258094357507,1636.331590006749,1.463717349211067,-590.4444444446514,545.4438633355829,-1022.6797768249156,944.7364839738849,218.36922305266538,-1166.6580954478793,1166.6580954478793,0.5182968688473726,0.4025802387104358,0.9237852408766515,0.005515398319768146,155.41156860210666,,,
DS-2,water,0.0,5,mag_argmax,24973699.0,13.076696830622021,24971132.0,22.0,160.0354473205904,0.8724002815198036,6323.464060164988,71.4303524077862,-2567.0,25.592967784139454,6163.428612844397,71.4356796520599,-513.4,1232.6857225688796,-1147.997299648392,2756.369070557461,493.6456308215207,-1506.1491247959,1506.1491247959,0.7043465070883053,3.0921768710516035,2.4010240018871825,0.03670777234590537,120.38128340078612,,,
DS-2,water,0.0,7,mag_argmax,34957565.666666664,21.962088546125962,34954408.0,19.467922333931785,188.92122603704533,2.687499355726556,,,-3157.666666664183,29.348480936973164,,,-451.0952380948833,,-1193.4858176045311,,,-1782.0996775076408,1782.0996775076408,0.7718799383210397,,,,101.74075385585374,,,
DS-2,water,0.0,9,mag_argmax,44943109.666666664,22.14347157299758,44939231.0,85.42247947700886,229.93850852549076,1.1918293919715928,,,-3878.666666664183,88.2458686472299,,,-430.962962962687,,-1292.888888888061,,,-2020.7110963772675,2020.7110963772675,0.9194563110074765,,,,89.72691096760826,,,
DS-2,water,0.0,1,argmax_hh,5004598.333333333,1.5275252315503312,5003826.0,2.6457513110645907,65.37869967023532,0.17274411398736722,936.9656535414979,3.152994691380204,-772.3333333330229,3.0550504632530857,871.5869538712626,3.157723238789148,-772.3333333330229,871.5869538712626,-772.3333333330229,871.5869538712626,348.3722432605074,-673.5703654590892,673.5703654590892,0.14662605859540645,0.2939805528368371,1.128511377477272,0.0060533552303292494,269.1807329028248,,,
DS-2,water,0.0,3,argmax_hh,14988738.333333334,7.571877794564362,14987287.666666666,51.7332903777205,77.97444963362068,0.09501196408988861,1318.2225882830098,33.12123516141999,-1450.6666666679084,52.28447825733145,1240.2481386493891,33.12137143735754,-483.5555555559695,413.41604621646303,-837.5427905051341,716.0575967111572,165.50770080408458,-1166.6580954478793,1166.6580954478793,0.24343770666674924,0.06307764330324961,0.8549504632226522,0.03835083177120302,155.41156860210666,,,
DS-2,water,0.0,5,argmax_hh,24973688.0,13.076696830622021,24971737.0,24.24871130596428,107.98765385585527,0.8459075317364305,1581.9776381216943,1.9529574017898972,-1951.0,27.54995462791182,1473.989984265839,2.128286203839692,-390.2,294.7979968531678,-872.5137248204179,659.1883605944522,118.05333529627619,-1506.1491247959,1506.1491247959,0.2953564609775159,-0.021351896701741868,0.7555048612331312,0.010724065856285717,120.38128340078612,,,
DS-2,water,0.0,7,argmax_hh,34957565.666666664,21.962088546125962,34955378.666666664,18.9296944866569,158.71585846319795,2.6156282627247776,1822.9147675981123,2.757105072768867,-2187.0,28.99425230396614,1664.1989091349144,3.800413081633687,-312.42857142857144,237.74270130498778,-826.6083024711799,629.0080636737088,95.21904221104623,-1782.0996775076408,1782.0996775076408,0.2272040826911732,-0.06615834673042353,0.7609505757361291,0.01023690601667124,101.74075385585374,,,
DS-2,water,0.0,9,argmax_hh,44943110.0,22.715633383201094,44940695.333333336,37.20663023249466,203.69342425217232,0.8394687065556472,2099.6733237591884,0.5294281973735172,-2414.666666664183,43.592812862415585,1895.9798995070162,0.9924726320964137,-268.29629629602033,210.66443327855734,-804.888888888061,631.993299835672,84.37745919632142,-2020.7110963772675,2020.7110963772675,0.19495887907638032,-0.061726387851222086,0.7851932217734537,0.014181322470574288,89.72691096760826,,,
DS-2,water,0.0,1,midpoint,5004585.715588408,2.403335287235996,5003830.9213760225,3.1524846583724617,65.37869967023532,0.17274411398736722,936.9656535414979,3.152994691380204,-754.7942123850808,3.9641115050093463,871.5869538712626,3.157723238789148,-754.7942123850808,871.5869538712626,-754.7942123850808,871.5869538712626,348.371809213345,-673.5703654590892,673.5703654590892,0.12058702563410928,0.2939805528368371,1.1547345482646554,0.007367567413049243,269.1807329028248,,,
DS-2,water,0.0,3,midpoint,14988719.608216614,7.426619293057875,14987142.945988027,74.31376745349391,77.97444963362068,0.09501196408988861,1318.2225882830098,33.12123516141999,-1576.6622285861522,74.68393875028278,1240.2481386493891,33.12137143735754,-525.554076195384,413.41604621646303,-910.2863620953303,716.0575967111572,165.50939087858555,-1166.6580954478793,1166.6580954478793,0.3514346960245216,0.06307764330324961,0.7866289406587502,0.04277514377584036,155.41156860210666,,,
DS-2,water,0.0,5,midpoint,24973660.514504597,12.816950296997724,24971440.366091233,13.694258954475627,107.98765385585527,0.8459075317364305,1581.9776381216943,1.9529574017898972,-2220.148413363844,18.75651735338802,1473.989984265839,2.128286203839692,-444.02968267276884,294.7979968531678,-992.8805544839715,659.1883605944522,118.05483089174422,-1506.1491247959,1506.1491247959,0.4740561720040166,-0.021351896701741868,0.6639150677465441,0.005690294007020631,120.38128340078612,,,
DS-2,water,0.0,7,midpoint,34957530.79345196,21.576206307172693,34955014.786458366,19.465378096709173,158.71585846319795,2.6156282627247776,1822.9147675981123,2.757105072768867,-2516.0069935917854,29.059140094943,1664.1989091349144,3.800413081633687,-359.4295705131122,237.74270130498778,-950.9612574204493,629.0080636737088,95.2201189065486,-1782.0996775076408,1782.0996775076408,0.4118216984981178,-0.06615834673042353,0.6614444687052112,0.0077873860954641525,101.74075385585374,,,
DS-2,water,0.0,9,midpoint,44943065.313404836,23.070135793142388,44940158.29182521,17.532497742754003,203.69342425217232,0.8394687065556472,2099.6733237591884,0.5294281973735172,-2907.0215796232224,28.976190961092588,1895.9798995070162,0.9924726320964137,-323.0023977359136,210.66443327855734,-969.0071932077408,631.993299835672,84.37856683866072,-2020.7110963772675,2020.7110963772675,0.43861316188886823,-0.061726387851222086,0.6522070261868346,0.006509933699996147,89.72691096760826,,,
DS-2,water,0.0,1,sym,5004586.618911054,2.334172808822689,5003830.1968310615,2.8707140166225056,68.09143403668392,0.21637083681961494,937.0789716607018,4.09885455215955,-756.4220799924806,3.699913737734992,868.9875376240178,4.1045614843470295,-756.4220799924806,868.9875376240178,-756.4220799924806,868.9875376240178,347.333061547107,-673.5703654590892,673.5703654590892,0.12300380002157851,0.29012139219001565,1.1488130246444634,0.007811549279848333,269.1807329028248,,,
DS-2,water,0.0,3,sym,14988720.702132622,7.417123730692866,14987129.013854181,85.9405489224901,83.60909993225702,0.12818199843719766,1445.8265893612443,74.63374378009054,-1591.688278440386,86.26002361195665,1362.2174894289872,74.63385385504976,-530.5627594801286,454.07249647632904,-918.9616560235289,786.476634216642,181.7862049143188,-1166.6580954478793,1166.6580954478793,0.3643142619512172,0.16762356918805144,0.8558318283048201,0.0659533467547903,155.41156860210666,,,
DS-2,water,0.0,5,sym,24973660.70454375,12.887824128409587,24971373.919256568,11.894139069602918,120.2144361620015,0.8804738907075671,2023.9379118738132,6.982891836776829,-2286.785287182778,17.537575515785267,1903.7234757118117,7.0381824838762315,-457.35705743655564,380.74469514236233,-1022.6814704174141,851.3710204107562,152.47334717267034,-1506.1491247959,1506.1491247959,0.5182993831986344,0.26396745472981475,0.8324889469868497,0.007087571211060262,120.38128340078612,,,
DS-2,water,0.0,7,sym,34957531.27233722,21.50463000866196,34954965.5205812,18.776154986628857,175.993994531958,2.365384983871757,2266.0823890562992,1.9580295043397278,-2565.7517560198903,28.54808413696709,2090.0883945243413,3.070655575246249,-366.53596514569864,298.5840563606202,-969.7630103365572,789.9791585790945,119.58823476696986,-1782.0996775076408,1782.0996775076408,0.4397352675627144,0.17282350751975817,0.8146105287155997,0.00914251268104242,101.74075385585374,,,
DS-2,water,0.0,9,sym,44943060.835172,22.900806075617485,44940041.73351934,17.945044816231306,237.7242880105476,1.0901268358002987,2869.1092593198605,19.93896352680219,-3019.101652659476,29.094184167451555,2631.3849713093127,19.968741648919192,-335.4557391843862,292.376107923257,-1006.3672175531586,877.1283237697709,117.1071870410736,-2020.7110963772675,2020.7110963772675,0.4940788211002174,0.3022074140271025,0.8715787919864738,0.01069076270983323,89.72691096760826,,,
DS-2,water,0.0,1,sym_lin,5004589.139835105,2.335709444799737,5003855.516383588,2.677720962097734,66.10639339531454,0.16155661675272623,935.0499426466032,3.928395471554299,-733.6234515169635,3.5532700659229817,868.9435492512887,3.931716103859091,-733.6234515169635,868.9435492512887,-733.6234515169635,868.9435492512887,347.3134819027724,-673.5703654590892,673.5703654590892,0.08915636604194077,0.2900560859132184,1.1844544329308373,0.007850709610650087,269.1807329028248,,,
DS-2,water,0.0,3,sym_lin,14988726.794641674,7.410607989039861,14987250.64746403,58.0929142308488,76.97161019872135,0.09779227880120608,1350.2784722933648,35.69885941067307,-1476.147177644074,58.56367299444235,1273.3068620946433,35.6989933548944,-492.04905921469134,424.43562069821445,-852.2539703763125,735.14405959134,169.91969565334543,-1166.6580954478793,1166.6580954478793,0.265278305103932,0.09141390015025919,0.862588013836694,0.04190451422085663,155.41156860210666,,,
DS-2,water,0.0,5,sym_lin,24973673.619346812,12.998775018427152,24971649.762159552,12.735256866468823,103.92848607509745,0.7383314945237803,1649.03441210216,2.236614398542286,-2023.8571872599423,18.197662471719468,1545.1059260270627,2.3553295658086557,-404.77143745198845,309.0211852054125,-905.0964494929505,690.9923766068547,123.74948102868542,-1506.1491247959,1506.1491247959,0.34372961743359753,0.02586516872055533,0.763446124436749,0.0069625343332516835,120.38128340078612,,,
DS-2,water,0.0,7,sym_lin,34957552.50381164,21.225963962007352,34955253.93206512,18.388404867582985,150.33689037670445,2.413443468826124,1879.2073277125621,3.121836095586992,-2298.571746520698,28.08335769972288,1728.8704373358578,3.9459561559816287,-328.3673923600997,246.9814910479797,-868.7784588475946,653.4516037488796,98.91962595604218,-1782.0996775076408,1782.0996775076408,0.2898109884265119,-0.02986883441123045,0.7521498686968611,0.009348546167563853,101.74075385585374,,,
DS-2,water,0.0,9,sym_lin,44943094.76283133,23.099545229135543,44940493.66460035,23.74735224079133,193.40316215797154,0.9753104293841396,2178.6609948513164,1.1159451494189752,-2601.0982309803367,33.12892585401911,1985.2578326933449,1.4820809728814461,-289.01091455337075,220.58420363259387,-867.0327436601123,661.7526108977817,88.35101107203573,-2020.7110963772675,2020.7110963772675,0.28721925447115515,-0.01754494432553133,0.7632383156652698,0.009737680674969737,89.72691096760826,,,
DS-2,water,0.0,1,psl,5004595.672174282,2.2603550764854745,5003908.798033118,2.2313355840985203,65.59097197327321,0.1444605944172435,934.4865672928141,3.929975584786341,-686.874141164124,3.1761712108540276,868.8955953195409,3.9326297766705838,-686.874141164124,868.8955953195409,-686.874141164124,868.8955953195409,347.2903419336892,-673.5703654590892,673.5703654590892,0.019751129781321763,0.28998489226485313,1.2649997186484911,0.008185146071534593,269.1807329028248,-7.995956968121821,-5.034227640393357,0.02060717518229197
DS-2,water,0.0,3,psl,14988740.148471443,7.400243722901985,14987478.258962804,16.151057882568143,75.99318233562633,0.11017830927988571,1351.3750863184246,38.16432551686542,-1261.889508638531,17.765705105185575,1275.3819039827981,38.16448455589438,-420.62983621284366,425.12730132759935,-728.5522475000205,736.342085584046,170.19385182405202,-1166.6580954478793,1166.6580954478793,0.08162752528974004,0.09319252055005878,1.010692216118687,0.03342400900835861,155.41156860210666,-14.486088808332182,-15.03418672997438,2.4549595454522244
DS-2,water,0.0,5,psl,24973699.165094912,13.201225777856603,24972087.99210304,13.277074284983234,102.42595339070972,0.7394822375287835,1645.5878768574821,1.0463075041730034,-1611.1729918718338,18.723062345858615,1543.1619234667724,1.281246804058186,-322.2345983743668,308.6323846933545,-720.5384666674273,690.1229922322061,123.59147000543956,-1506.1491247959,1506.1491247959,0.06973005882811623,0.024574458173846514,0.9577878547194071,0.011158599627872344,120.38128340078612,-20.61396577196071,-23.950204579450258,0.03881402907717926
DS-2,water,0.0,7,psl,34957593.45914995,20.624443136782592,34955725.6950571,17.572379212743797,147.60666005588686,2.314357162526148,1871.550100331764,3.183126958073366,-1867.764092847705,27.09531630925996,1723.9434402758773,3.935549047712337,-266.8234418353864,246.27763432512532,-705.9484710587401,651.5893739015861,98.63627729855905,-1782.0996775076408,1782.0996775076408,0.0480693736838953,-0.032633549046537036,0.9229984915533149,0.013554550433376581,101.74075385585374,-22.877454729366463,-22.502693500869984,0.04690894090254992
DS-2,water,0.0,9,psl,44943156.65216771,23.317352536816017,44941165.15924459,28.695431367040044,188.6860021679598,1.0487226439203743,2130.1431498047473,9.560564175984448,-1991.492923118174,36.974676613415646,1941.4571476367876,9.617910716314045,-221.2769914575749,215.71746084853194,-663.8309743727247,647.1523825455959,86.40031940600339,-2020.7110963772675,2020.7110963772675,-0.014459352111974688,-0.03922082126562598,0.9748752431401849,0.018733076109482768,89.72691096760826,-26.837798389673548,-27.90691968248971,0.22884196815918514
DS-2,water,0.0,1,circle,5004602.392320551,2.1000745399190124,5003908.162965967,1.7983145845202904,64.9237028119931,0.12141583664068455,950.6648570844258,4.396096046569051,-694.2293545836583,2.7648233972741254,885.7411542724327,4.39777241976517,-694.2293545836583,885.7411542724327,-694.2293545836583,885.7411542724327,354.0233483698354,-673.5703654590892,673.5703654590892,0.030670870014431806,0.31499424513537355,1.2758624342579514,0.008120833818984124,269.1807329028248,,,
DS-2,water,0.0,3,circle,14988744.478184601,7.454637683322939,14987135.463062512,309.1573098852271,76.11428244700731,0.10764949749670294,1542.408724720226,279.8453712335211,-1609.015122089535,309.24717278976044,1466.2944422732187,279.84539193855164,-536.338374029845,488.7648140910729,-928.9653138685717,846.565490957695,195.67431939318396,-1166.6580954478793,1166.6580954478793,0.37916595133369824,0.2568330413121671,0.911299354582216,0.24683270493609857,155.41156860210666,,,
DS-2,water,0.0,5,circle,24973704.54077075,13.279220023229913,24972176.509095814,13.580653182876608,103.60100111399619,0.7742212429134719,1531.2919376977718,1.9744033752247245,-1528.0316749364138,18.993994453482575,1427.6909365837755,2.120775146279602,-305.60633498728276,285.5381873167551,-683.3565393861365,638.4827970123326,114.34303897170577,-1506.1491247959,1506.1491247959,0.014528807128231236,-0.05209191236143795,0.9343333387661523,0.011696741731276866,120.38128340078612,,,
DS-2,water,0.0,7,circle,34957604.001212776,20.47838435391031,34955774.71711571,17.37641334986238,146.81388672782342,2.2249242413215047,1761.3589620686168,2.183976561211351,-1829.2840970680118,26.857102722590053,1614.5450753407933,3.117698109108807,-261.32629958114455,230.6492964772562,-691.4043997324711,610.240678550826,92.3768831099025,-1782.0996775076408,1782.0996775076408,0.026476868918107188,-0.09402089247958412,0.8826103490040702,0.01306986937656276,101.74075385585374,,,
DS-2,water,0.0,9,circle,44943168.60096548,23.355569859319615,44941147.825671464,27.658463752926146,191.292523358101,0.9334542074973475,2017.890755210269,0.9054510976599139,-2020.7752940133214,36.200459397989526,1826.5982318521678,1.3004531701480235,-224.53058822370238,202.95535909468532,-673.5917646711072,608.8660772840559,81.28883760137185,-2020.7110963772675,2020.7110963772675,3.176982408281681e-05,-0.0960616611019286,0.9039096218483986,0.016205549980080537,89.72691096760826,,,
DS-2,ipa,,1,mag_argmax,5004599.333333333,1.5275252315503312,5003527.333333333,1.5275252315503312,128.49604364655292,0.08582109629385931,1211.636864744282,0.0699158816243687,-1072.0,2.1602468993255806,1083.1408210977293,0.11069548803990437,-1072.0,1083.1408210977293,-1072.0,1083.1408210977293,432.9618979448518,-902.1050336391581,902.1050336391581,0.1883316909068482,0.2006814957325529,1.0103925569941505,0.002038715061909101,360.51065569787863,,,
DS-2,ipa,,3,mag_argmax,14988750.333333334,7.571877794564362,14986302.666666666,0.5773502689207761,134.45461604557931,0.26715205122569047,2782.912715172395,13.446103823593695,-2447.6666666679084,7.593857166739427,2648.458099126816,13.448757498495358,-815.8888888893028,882.8193663756052,-1413.161008887191,1529.0879964683118,353.45343210299956,-1562.4917520266529,1562.4917520266529,0.5665149358344621,0.6950221309594717,1.0820338141599368,0.006438881784370765,208.1409241128987,,,
DS-2,ipa,,5,mag_argmax,24973699.0,13.076696830622021,24970193.0,3.605551275463989,160.0354473205904,0.8724002815198036,,,-3506.0,13.564659966250536,,,-701.2,,-1567.9308658228524,,,-2017.1681780618921,2017.1681780618921,0.7380801651196911,,,,161.2252665506957,,,
DS-2,ipa,,7,mag_argmax,34957565.666666664,21.962088546125962,34953137.333333336,6.429100508390947,188.92122603704533,2.687499355726556,,,-4428.333333328366,22.883764258855447,,,-632.6190476183381,,-1673.7526746406504,,,-2386.7455754687694,2386.7455754687694,0.855385583969761,,,,136.26021999505969,,,
DS-2,ipa,,9,mag_argmax,44943109.666666664,22.14347157299758,44937951.333333336,4.16333199967792,229.93850852549076,1.1918293919715928,,,-5158.333333328366,22.531459487651794,,,-573.1481481475962,,-1719.4444444427888,,,-2706.3151009174744,2706.3151009174744,0.9060357500793708,,,,120.17021856595954,,,
DS-2,ipa,,1,argmax_hh,5004598.333333333,1.5275252315503312,5003555.0,2.0,65.37869967023532,0.17274411398736722,1285.5503517710604,0.5102526042434141,-1043.333333333023,2.516611478361905,1220.171652100825,0.5387005188919598,-1043.333333333023,1220.171652100825,-1043.333333333023,1220.171652100825,487.7273386703934,-902.1050336391581,902.1050336391581,0.15655416434618408,0.352582688934306,1.1694935962631194,0.0028677846407799356,360.51065569787863,,,
DS-2,ipa,,3,argmax_hh,14988738.333333334,7.571877794564362,14986824.666666666,3.2145502533987407,77.97444963362068,0.09501196408988861,1670.4939435580745,1.0811744276328372,-1913.6666666679084,8.225975119549219,1592.5194939244539,1.0853411520288962,-637.8888888893028,530.8398313081512,-1104.8559651399307,919.4415585070101,212.52393149222345,-1562.4917520266529,1562.4917520266529,0.22475313177542144,0.019217856259946986,0.8321822821407876,0.003621851246275264,208.1409241128987,,,
DS-2,ipa,,5,argmax_hh,24973688.0,13.076696830622021,24971122.0,10.392304845413264,107.98765385585527,0.8459075317364305,2025.0890247188509,4.405515673304271,-2566.0,16.703293088490067,1917.1013708629955,4.485992409710254,-513.2,383.4202741725991,-1147.550086052892,857.3537970015385,153.54636190402437,-2017.1681780618921,2017.1681780618921,0.2720803490294146,-0.049607567820667,0.7471166683020247,0.005168012021507397,161.2252665506957,,,
DS-2,ipa,,7,argmax_hh,34957565.666666664,21.962088546125962,34954644.666666664,5.131601438418453,158.71585846319795,2.6156282627247776,2383.207682300359,1.8079856454017664,-2921.0,22.553639764584684,2224.491823837161,3.179673458508512,-417.2857142857143,317.78454626245156,-1104.0342256599527,840.7788799099472,127.27951355254469,-2386.7455754687694,2386.7455754687694,0.22384221846783992,-0.0679811678711254,0.7615514631417875,0.0059800060090843465,136.26021999505969,,,
DS-2,ipa,,9,argmax_hh,44943110.0,22.715633383201094,44939783.333333336,0.5773502697273251,203.69342425217232,0.8394687065556472,2709.8136936960123,3.1097363872131756,-3326.666666664183,22.72296928955268,2506.12026944384,3.221050776880716,-369.6296296293537,278.4578077159822,-1108.888888888061,835.3734231479466,111.53304093216134,-2706.3151009174744,2706.3151009174744,0.22922370182851282,-0.07397321598130469,0.7533427663664461,0.005236050242578101,120.17021856595954,,,
DS-2,ipa,,1,midpoint,5004585.715588408,2.403335287235996,5003551.546722463,1.959882721017596,65.37869967023532,0.17274411398736722,1285.5503517710604,0.5102526042434141,-1034.1688659442589,3.1011547499305903,1220.171652100825,0.5387005188919598,-1034.1688659442589,1220.171652100825,-1034.1688659442589,1220.171652100825,487.72762743656136,-902.1050336391581,902.1050336391581,0.14639518390928985,0.352582688934306,1.1798572673010557,0.003576169964241908,360.51065569787863,,,
DS-2,ipa,,3,midpoint,14988719.608216614,7.426619293057875,14986640.884983579,1.1125398224983098,77.97444963362068,0.09501196408988861,1670.4939435580745,1.0811744276328372,-2078.7232330348343,7.5094885964800575,1592.5194939244539,1.0853411520288962,-692.9077443449447,530.8398313081512,-1200.1514181633909,919.4415585070101,212.5266522596647,-1562.4917520266529,1562.4917520266529,0.3303898918753303,0.019217856259946986,0.7661046302924384,0.002816409722558787,208.1409241128987,,,
DS-2,ipa,,5,midpoint,24973660.514504597,12.816950296997724,24970779.16148156,6.810922046792495,107.98765385585527,0.8459075317364305,2025.0890247188509,4.405515673304271,-2881.3530230373144,14.514230053406006,1917.1013708629955,4.485992409710254,-576.2706046074629,383.4202741725991,-1288.5802453371905,857.3537970015385,153.5485790900906,-2017.1681780618921,2017.1681780618921,0.42841487109207543,-0.049607567820667,0.6653476181277245,0.003695519248842071,161.2252665506957,,,
DS-2,ipa,,7,midpoint,34957530.79345196,21.576206307172693,34954182.42798525,3.82394155117575,158.71585846319795,2.6156282627247776,2383.207682300359,1.8079856454017664,-3348.3654667064548,21.912444126488655,2224.491823837161,3.179673458508512,-478.33792381520783,317.78454626245156,-1265.5631890660002,840.7788799099472,127.28130774352483,-2386.7455754687694,2386.7455754687694,0.4029000414293502,-0.0679811678711254,0.6643515607707043,0.004450163550468707,136.26021999505969,,,
DS-2,ipa,,9,midpoint,44943065.313404836,23.070135793142388,44939226.25449503,7.751248543710544,203.69342425217232,0.8394687065556472,2709.8136936960123,3.1097363872131756,-3839.058909803629,24.337481782230558,2506.12026944384,3.221050776880716,-426.5621010892921,278.4578077159822,-1279.6863032678764,835.3734231479466,111.53452687035124,-2706.3151009174744,2706.3151009174744,0.4185557729409042,-0.07397321598130469,0.6527954710577832,0.004222553512826513,120.17021856595954,,,
DS-2,ipa,,1,sym,5004586.618911054,2.334172808822689,5003547.723422754,2.0461898278944632,68.09143403668392,0.21637083681961494,1302.8628008204503,0.5538443772655944,-1038.8954883003607,3.1040707970705137,1234.7713667837663,0.5946090591764766,-1038.8954883003607,1234.7713667837663,-1038.8954883003607,1234.7713667837663,493.5639950444488,-902.1050336391581,902.1050336391581,0.1516347316114397,0.36876674083350114,1.1885424286555135,0.0035970214286134296,360.51065569787863,,,
DS-2,ipa,,3,sym,14988720.702132622,7.417123730692866,14986636.243883004,1.178945234482039,83.60909993225702,0.12818199843719766,1830.209795394996,4.551487774705754,-2084.458249617368,7.510235435877838,1746.600695462739,4.553292389910765,-694.8194165391227,582.200231820913,-1203.4625315311237,1008.4003816922,233.08930632524311,-1562.4917520266529,1562.4917520266529,0.3340603218632616,0.11783034579048812,0.8379158929104732,0.003726374931820977,208.1409241128987,,,
DS-2,ipa,,5,sym,24973660.70454375,12.887824128409587,24970662.055182755,4.413580305613796,120.2144361620015,0.8804738907075671,2677.047789347201,6.79798963242708,-2998.6493609957397,13.622617291802566,2556.8333531851995,6.854771864533771,-599.729872199148,511.3666706370399,-1341.036762374556,1143.4506369721669,204.78814563054226,-2017.1681780618921,2017.1681780618921,0.4865638837694044,0.26753603442317875,0.8526616637619046,0.004497792787361403,161.2252665506957,,,
DS-2,ipa,,7,sym,34957531.27233722,21.50463000866196,34954152.4382274,6.119177996828517,175.993994531958,2.365384983871757,2837.741376948566,4.106767054915891,-3378.8341098204255,22.358297143707404,2661.747382416608,4.739259622057915,-482.6905871172036,380.24962605951544,-1277.0792537038785,1006.0459466787833,152.30032525508238,-2386.7455754687694,2386.7455754687694,0.41566581061192687,0.11522041133095096,0.787770957644935,0.005398217677418265,136.26021999505969,,,
DS-2,ipa,,9,sym,44943060.835172,22.900806075617485,44939137.83349287,20.474643657194584,237.7242880105476,1.0901268358002987,3162.998164182763,27.633898359948006,-3923.0016791298985,30.719016126857596,2925.2738761722153,27.655392152093395,-435.88907545887764,325.0304306858017,-1307.667226376633,975.0912920574051,130.1891748037662,-2706.3151009174744,2706.3151009174744,0.44957314017128014,0.08090660809619377,0.7456723487360387,0.009153677125667666,120.17021856595954,,,
DS-2,ipa,,1,sym_lin,5004589.139835105,2.335709444799737,5003581.84886285,2.2767176048355453,66.10639339531454,0.16155661675272623,1298.3307713195193,0.5588863253673404,-1007.2909722551703,3.261745186659252,1232.2243779242046,0.5817683947235326,-1007.2909722551703,1232.2243779242046,-1007.2909722551703,1232.2243779242046,492.542231044388,-902.1050336391581,902.1050336391581,0.11660054505148287,0.36594335689860946,1.2233052929735315,0.004003112204002503,360.51065569787863,,,
DS-2,ipa,,3,sym_lin,14988726.794641674,7.410607989039861,14986780.903344542,1.0845094405713933,76.97161019872135,0.09779227880120608,1721.9744621296968,1.3645423768849863,-1945.8912971317768,7.48954414459985,1645.0028519309753,1.368042114888303,-648.6304323772589,548.3342839769917,-1123.4608642127814,949.7428393800508,219.52851052941136,-1562.4917520266529,1562.4917520266529,0.24537700413959307,0.05280738269325269,0.8453724287454762,0.003328842253870374,208.1409241128987,,,
DS-2,ipa,,5,sym_lin,24973673.619346812,12.998775018427152,24971044.085812192,1.7292954180866733,103.92848607509745,0.7383314945237803,2173.9705599872705,11.709771633252107,-2629.533534619957,13.113299150965075,2070.042073912173,11.73302540262832,-525.9067069239915,414.00841478243456,-1175.963146505104,925.7509587104524,165.79627262616475,-2017.1681780618921,2017.1681780618921,0.30357674844267546,0.026211942278943745,0.7872278663338489,0.005943223182900691,161.2252665506957,,,
DS-2,ipa,,7,sym_lin,34957552.50381164,21.225963962007352,34954515.62160889,3.5833026040396936,150.33689037670445,2.413443468826124,2685.7631013321025,2.915611434898972,-3036.8822027519345,21.52630027823064,2535.426210955398,3.7849041489228124,-433.8403146788478,362.2037444221997,-1147.833581354236,958.3010316775387,145.070771277271,-2386.7455754687694,2386.7455754687694,0.2723946087783047,0.062294296055174225,0.8348780234735046,0.006047671279264029,136.26021999505969,,,
DS-2,ipa,,9,sym_lin,44943094.76283133,23.099545229135543,44939668.05286502,14.127390059971251,193.40316215797154,0.9753104293841396,3205.4728921594856,5.748488520386491,-3426.7099663093686,27.077151617174454,3012.069730001514,5.830638961784612,-380.7455518121521,334.6744144446127,-1142.2366554364562,1004.023243333838,134.0501435867594,-2706.3151009174744,2706.3151009174744,0.26619031359196543,0.11297820751928889,0.8789975689846813,0.007151037559079851,120.17021856595954,,,
DS-2,ipa,,1,psl,5004595.672174282,2.2603550764854745,5003655.531831291,2.430777697648113,65.59097197327321,0.1444605944172435,1296.8831389107015,0.520225618349414,-940.1403429917991,3.319320003732258,1231.2921669374282,0.5399106938433554,-940.1403429917991,1231.2921669374282,-940.1403429917991,1231.2921669374282,492.16197272934033,-902.1050336391581,902.1050336391581,0.04216283906454188,0.36490998389655904,1.3096897459150616,0.004659600274960575,360.51065569787863,-7.995956968121821,-4.97339175882948,0.020418882822695304
DS-2,ipa,,3,psl,14988740.148471443,7.400243722901985,14987054.420366326,4.737959088230404,75.99318233562633,0.11017830927988571,1718.5604334696607,1.214902715057205,-1685.7281051166356,8.787028136980974,1642.5672511340344,1.2198884649381443,-561.9093683722118,547.5224170446781,-973.2555752696073,948.3366446042985,219.19928381534078,-1562.4917520266529,1562.4917520266529,0.07887168231777042,0.051248589954806745,0.9743963134673994,0.005130432223672911,208.1409241128987,-14.486088808332182,-14.246481108659912,0.1783858719809
DS-2,ipa,,5,psl,24973699.165094912,13.201225777856603,24971627.429470506,0.8310896317129363,102.42595339070972,0.7394822375287835,2166.8306923782948,12.576795664547612,-2071.7356244064867,13.22736073500252,2064.404738987585,12.598516705049217,-414.34712488129736,412.880947797517,-926.5083375161753,923.2298658897901,165.34070454360014,-2017.1681780618921,2017.1681780618921,0.0270515105969118,0.023417264578840413,0.9964614763908393,0.008800930981350825,161.2252665506957,-20.61396577196071,-24.71155731046619,0.17178242910369007
DS-2,ipa,,7,psl,34957593.45914995,20.624443136782592,34955092.6089588,0.3080646135468958,147.60666005588686,2.314357162526148,2569.7680863756427,2.1569096489220225,-2500.8501911461353,20.626743768915595,2422.1614263197557,3.163622655967207,-357.2643130208765,346.02306090282224,-945.2325245715741,915.4909670422246,138.58764513915375,-2386.7455754687694,2386.7455754687694,0.04780761588086535,0.014838553055254167,0.9685351945090654,0.008087916665554756,136.26021999505969,-22.877454729366463,-21.407388693175008,0.11236696548108602
DS-2,ipa,,9,psl,44943156.65216771,23.317352536816017,44940476.12565279,12.250596736334845,188.6860021679598,1.0487226439203743,2925.485281620244,11.625838434944132,-2680.526514917612,26.33962888353703,2736.7992794522843,11.673043240701869,-297.83627943529024,304.0888088280316,-893.5088383058707,912.2664264840947,121.7971312983495,-2706.3151009174744,2706.3151009174744,-0.009529040425159563,0.011264090616970313,1.0209931758635866,0.010936931029212612,120.17021856595954,-26.837798389673548,-27.222949116013847,0.04388734392988025
DS-2,ipa,,1,circle,5004602.392320551,2.1000745399190124,5003661.509241856,2.066122699035351,64.9237028119931,0.12141583664068455,1396.9424232360468,5.4059115071951584,-940.8830786952749,2.946044140994017,1332.0187204240538,5.40727482462397,-940.8830786952749,1332.0187204240538,-940.8830786952749,1332.0187204240538,532.4224771101992,-902.1050336391581,902.1050336391581,0.04298617523469894,0.47656721862042173,1.4157112085288723,0.007257959608461207,360.51065569787863,,,
DS-2,ipa,,3,circle,14988744.478184601,7.454637683322939,14987199.293264521,8.675914350192839,76.11428244700731,0.10764949749670294,1501.1030019544048,1.8344170532145674,-1545.1849200800061,11.438667439938117,1424.9887195073975,1.8375729480583103,-515.0616400266687,474.99623983579914,-892.112929555942,822.7176207997761,190.16182244346237,-1562.4917520266529,1562.4917520266529,-0.011076430915042401,-0.08800240535087944,0.9222124167724953,0.006929742761524224,208.1409241128987,,,
DS-2,ipa,,5,circle,24973704.54077075,13.279220023229913,24971737.568056833,2.601361448097895,103.60100111399619,0.7742212429134719,2042.2785802417857,10.656094460526095,-1966.9727139174938,13.531620960143696,1938.6775791277894,10.68418306117194,-393.39454278349876,387.73551582555785,-879.6569396413526,867.0029706768929,155.27039183267738,-2017.1681780618921,2017.1681780618921,-0.024884124531761365,-0.03891128156181656,0.9856148818997337,0.008687858998277285,161.2252665506957,,,
DS-2,ipa,,7,circle,34957604.001212776,20.47838435391031,34955111.10398039,0.8411432258898162,146.81388672782342,2.2249242413215047,2329.9816886353383,1.044451458380789,-2492.8972323834896,20.49565192114998,2183.167801907515,2.457878501580953,-356.1281760547842,311.8811145582164,-942.2265887039866,825.1598677386868,124.91325026141033,-2386.7455754687694,2386.7455754687694,0.04447548075746255,-0.08529512975896936,0.8757552351326418,0.007267318529617254,136.26021999505969,,,
DS-2,ipa,,9,circle,44943168.60096548,23.355569859319615,44940404.0655028,6.8290757893920775,191.292523358101,0.9334542074973475,2686.815095160953,2.118061608775149,-2764.535462677479,24.333493781017552,2495.5225718028523,2.3146320951852526,-307.17060696416434,277.28028575587246,-921.5118208924929,831.8408572676175,111.05971968746681,-2706.3151009174744,2706.3151009174744,0.02151278014162772,-0.07788913014717347,0.9026914667920067,0.00798949883677281,120.17021856595954,,,
DS-3,water,0.0,1,mag_argmax,5000111.666666667,1.1547005382448268,4999343.0,2.6457513110645907,181.82952223718166,0.24006239171503477,914.9797629869232,0.6368099970684795,-768.6666666669771,2.886751345894359,733.1502407497416,0.6805563343928992,-768.6666666669771,733.1502407497416,-768.6666666669771,733.1502407497416,293.3098183366253,-672.6642793088761,672.6642793088761,0.1427196155811008,0.08991998430927728,0.9537947624667548,0.00368980333985013,269.059978193592,,,
DS-3,water,0.0,3,mag_argmax,14977492.333333334,0.5773502689207761,14975751.0,3.0,116.53812929863732,0.08724473421836408,1472.8901047483087,1.5958573118400416,-1741.3333333339542,3.0550504632530857,1356.3519754496713,1.5982403459436747,-580.4444444446514,452.1173251498904,-1005.3592687492269,783.0901781417484,181.1415700985621,-1165.0887081996755,1165.0887081996755,0.4945929190445133,0.1641619783145445,0.7789157592548934,0.001646169841152505,155.34185083822513,,,
DS-3,water,0.0,5,mag_argmax,24955266.666666668,0.5773502689207761,24952744.0,6.244997998398398,114.8397966735065,0.16054167741575243,6126.943767269452,8.928454904298054,-2522.6666666679084,6.27162924071751,6012.103970595946,8.929898129781293,-504.5333333335817,1202.4207941191892,-1128.1708302484492,2688.694633209786,481.88011551313605,-1504.1230545705523,1504.1230545705523,0.6771677416966155,2.997082520826385,2.383233603564873,0.006901888593895421,120.32728025309656,,,
DS-3,water,0.0,7,mag_argmax,34931739.333333336,2.081665998720478,34928352.333333336,8.504900548480396,144.80760825922093,0.1412259988807384,,,-3387.0,8.755950357886405,,,-483.85714285714283,,-1280.1656700822525,,,-1779.702398887777,1779.702398887777,0.9031271757102208,,,,101.69511286581516,,,
DS-3,water,0.0,9,mag_argmax,44909700.333333336,3.511884583311877,44905346.333333336,13.051181301181359,189.77861653268337,0.4430906241572875,,,-4354.0,13.51542328907273,,,-483.77777777777777,,-1451.3333333333333,,,-2017.9928379266282,2017.9928379266282,1.1575894216123608,,,,89.68665939786398,,,
DS-3,water,0.0,1,argmax_hh,5000106.333333333,0.5773502693240506,4999377.333333333,2.516611478315646,109.98386106950541,0.7424597543781011,811.079423910783,1.3960954429203192,-729.0,2.5819888973964655,701.0955628412776,1.5812428569369326,-729.0,701.0955628412776,-729.0,701.0955628412776,280.479568462032,-672.6642793088761,672.6642793088761,0.08375012978094465,0.04226667656800953,0.9617223084242491,0.00403823597874983,269.059978193592,,,
DS-3,water,0.0,3,argmax_hh,14977476.0,0.0,14976008.666666666,3.0550504631006623,52.62047852141162,0.06988292971123455,1170.7577046159033,1.3437207980900323,-1467.3333333339542,3.0550504631006623,1118.1372260944918,1.3455367728474532,-489.11111111131805,372.7124086981639,-847.1652949912694,645.5568284765964,149.3244837602296,-1165.0887081996755,1165.0887081996755,0.25941769326845066,-0.040298632863530415,0.7620199178287269,0.001832496965159387,155.34185083822513,,,
DS-3,water,0.0,5,argmax_hh,24955251.666666668,0.5773502689207761,24953443.333333332,4.932882862095982,70.00259803545971,0.11946359914685345,1571.3308304206778,1.0895273503658374,-1808.3333333358169,4.966554808333755,1501.3282323852181,1.0960572059506393,-361.6666666671634,300.2656464770436,-808.7112518635346,671.4143968305898,120.3307523595825,-1504.1230545705523,1504.1230545705523,0.20225092477697637,-0.0018581074047376855,0.8302275939446025,0.002359387650408643,120.32728025309656,,,
DS-3,water,0.0,7,argmax_hh,34931726.0,1.7320508075688772,34929331.666666664,3.0550504631006623,106.17290945723653,0.2539517804066523,1806.5937207068007,2.2767511092188575,-2394.333333335817,3.511884584107452,1700.4208112495642,2.2908703848321506,-342.04761904797385,242.91725874993773,-904.9729365426983,642.6986558178642,97.36390635948918,-1779.702398887777,1779.702398887777,0.34535601841754704,-0.04454766577140079,0.710185498224057,0.0014143927286668538,101.69511286581516,,,
DS-3,water,0.0,9,argmax_hh,44909699.0,3.0,44906947.0,35.679125549822544,152.31984044487277,0.07736560464095335,2111.8816073586545,2.3965049574217367,-2752.0,35.80502757993631,1959.5617669137816,2.3977534167900627,-305.77777777777777,217.72908521264242,-917.3333333333334,653.1872556379273,87.2725148585556,-2017.9928379266282,2017.9928379266282,0.3637313018551256,-0.028955043801285774,0.7120500606518102,0.00930504211351606,89.68665939786398,,,
DS-3,water,0.0,1,midpoint,5000091.717203262,0.7530767649587341,4999392.178576614,1.0146570342588155,109.98386106950541,0.7424597543781011,811.079423910783,1.3960954429203192,-699.5386266484857,1.2635875557679441,701.0955628412776,1.5812428569369326,-699.5386266484857,701.0955628412776,-699.5386266484857,701.0955628412776,280.4784762725755,-672.6642793088761,672.6642793088761,0.03995209522233201,0.04226667656800953,1.0022256615052856,0.0028959905525858566,269.059978193592,,,
DS-3,water,0.0,3,midpoint,14977462.576783055,0.4371517125563802,14975764.249978585,3.91766700735185,52.62047852141162,0.06988292971123455,1170.7577046159033,1.3437207980900323,-1698.3268044702709,3.941981278530401,1118.1372260944918,1.3455367728474532,-566.1089348234236,372.7124086981639,-980.5294377328679,645.5568284765964,149.3270292474427,-1165.0887081996755,1165.0887081996755,0.4576802543169167,-0.040298632863530415,0.6583757749988834,0.0017213220826064796,155.34185083822513,,,
DS-3,water,0.0,5,midpoint,24955234.07109526,0.6804313424891233,24953273.279874314,4.384469811744923,70.00259803545971,0.11946359914685345,1571.3308304206778,1.0895273503658374,-1960.7912209481,4.436954173973866,1501.3282323852181,1.0960572059506393,-392.15824418962,300.2656464770436,-876.8924919449522,671.4143968305898,120.33160667489204,-1504.1230545705523,1504.1230545705523,0.30361090802370083,-0.0018581074047376855,0.7656747012868009,0.0018205393736363622,120.32728025309656,,,
DS-3,water,0.0,7,midpoint,34931695.860303305,1.6443630022492841,34928870.86118748,7.379483079634542,106.17290945723653,0.2539517804066523,1806.5937207068007,2.2767511092188575,-2824.9991158246994,7.56046957574586,1700.4208112495642,2.2908703848321506,-403.57130226067136,242.91725874993773,-1067.7493020642153,642.6986558178642,97.36526581341394,-1779.702398887777,1779.702398887777,0.5873435455220937,-0.04454766577140079,0.60191905962886,0.0018034972579323027,101.69511286581516,,,
DS-3,water,0.0,9,midpoint,44909653.91526481,2.3183050047851568,44906353.762330376,4.413278185770722,152.31984044487277,0.07736560464095335,2111.8816073586545,2.3965049574217367,-3300.1529344320297,4.9851341446556505,1959.5617669137816,2.3977534167900627,-366.6836593813366,217.72908521264242,-1100.0509781440098,653.1872556379273,87.2737506273835,-2017.9928379266282,2017.9928379266282,0.6353640470908446,-0.028955043801285774,0.5937790780750682,0.0011542981205910046,89.68665939786398,,,
DS-3,water,0.0,1,sym,5000092.3890034845,0.42213456405576133,4999393.854691666,1.4113098398094623,117.98266707716714,0.6353634009602229,831.0717746606056,1.5238236777494791,-698.5343118188903,1.4730896286762587,713.0891075834385,1.650977059849618,-698.5343118188903,713.0891075834385,-698.5343118188903,713.0891075834385,285.27682003327504,-672.6642793088761,672.6642793088761,0.03845905499336788,0.06009658832500597,1.020836193037747,0.0031969498546938636,269.059978193592,,,
DS-3,water,0.0,3,sym,14977462.284971617,0.4503407608887241,14975767.933377871,4.066790355912996,59.63789361659807,0.030013514373201,1365.3915364636657,2.632920798150331,-1694.3515937458724,4.091648885213,1305.7536428470676,2.633091859464384,-564.7838645819575,435.2512142823559,-978.2343487510509,753.877217193089,174.3830961819269,-1165.0887081996755,1165.0887081996755,0.4542683160701362,0.12073324001633412,0.7706509367163326,0.002424554127238643,155.34185083822513,,,
DS-3,water,0.0,5,sym,24955234.318113077,0.7057389070895846,24953259.225020964,3.8493490880309627,77.74229375387488,0.10642735257111563,1743.2776730562853,0.7597373385217073,-1975.0930921137333,3.9135093977790327,1665.5353793024103,0.7671555285073189,-395.01861842274667,333.10707586048204,-883.2884831713122,744.8500654102171,133.49290505413543,-1504.1230545705523,1504.1230545705523,0.3131193529093599,0.10731324424645794,0.8432693051039756,0.001715431159761185,120.32728025309656,,,
DS-3,water,0.0,7,sym,34931694.74536658,1.6223260838966254,34928767.82174667,5.920856673846933,124.30276069155525,0.3852040733647291,2516.0426164771184,0.880582979787055,-2926.9236199110746,6.1390948579354205,2391.739855785563,0.9611496046024409,-418.1319457015821,341.67712225508046,-1106.273143537949,903.9926941671555,136.9501657437744,-1779.702398887777,1779.702398887777,0.6446140780280187,0.3438987649172571,0.8171514417100603,0.0017451142426773765,101.69511286581516,,,
DS-3,water,0.0,9,sym,44909650.730483375,2.27260172261963,44906159.05547901,6.961148740151408,185.54128970655134,0.8002981215546915,3233.6485683724763,9.181143437220877,-3491.67500436306,7.322725610875041,3048.107278665925,9.21595745965594,-387.96388937367334,338.67858651843613,-1163.89166812102,1016.0357595553083,135.75517335185467,-2017.9928379266282,2017.9928379266282,0.7302712570330803,0.5104648645818191,0.8729642005218499,0.0032121989033933006,89.68665939786398,,,
DS-3,water,0.0,1,sym_lin,5000096.737316425,0.4796453296286052,4999389.330130276,1.3139109819234345,115.13082055578731,0.7110067764788783,830.8043989394382,1.5202420563046157,-707.4071861486882,1.398721455706438,715.6735783836509,1.6782927473942597,-707.4071861486882,715.6735783836509,-707.4071861486882,715.6735783836509,286.31091513700164,-672.6642793088761,672.6642793088761,0.051649697937741657,0.06393872901793518,1.011685479589156,0.003103219883547806,269.059978193592,,,
DS-3,water,0.0,3,sym_lin,14977468.421418091,0.46345374771018644,14975914.618139138,3.506139909411763,51.940725874422746,0.09738190239821803,1189.6415119722685,1.5992988877255447,-1553.803278952837,3.5366377310429384,1137.7007860978458,1.6022609547744902,-517.9344263176123,379.2335953659486,-897.0887413711437,656.8518551108401,151.93812248832077,-1165.0887081996755,1165.0887081996755,0.3336351713113872,-0.02350715607239051,0.7322038777422214,0.0019598060139692677,155.34185083822513,,,
DS-3,water,0.0,5,sym_lin,24955242.15865241,0.7075884896700047,24953401.7407575,4.144560506998911,68.02543364726269,0.15026157788616074,1636.7582769795818,0.8033737907558526,-1840.417894911021,4.204528899518773,1568.7328433323191,0.8173053220567373,-368.0835789822042,313.7465686664638,-823.0599040056214,701.5586552455186,125.73338709493021,-1504.1230545705523,1504.1230545705523,0.22358199970313297,0.04295512163412307,0.8523786079618417,0.0019972982716217947,120.32728025309656,,,
DS-3,water,0.0,7,sym_lin,34931711.362591974,1.6863171247966857,34929170.227731064,5.842689332118677,100.25025988413068,0.22912148430009133,1830.0213159546201,0.16605854924582306,-2541.1348609104753,6.081174563933842,1729.7710560704895,0.28297013331004467,-363.0192658443536,247.11015086721278,-960.4586985494036,653.792005634297,99.04491504389958,-1779.702398887777,1779.702398887777,0.42784257778073154,-0.028056006919186083,0.6807080893970033,0.0016328000572802199,101.69511286581516,,,
DS-3,water,0.0,9,sym_lin,44909678.50746632,2.3277693727306192,44906735.40831473,8.128424914426487,142.2612663276758,0.1434641641034084,2212.1381217927824,1.258427575034219,-2943.099151596427,8.455164211420849,2069.8768554651065,1.2665788281778576,-327.01101684404745,229.9863172739007,-981.0330505321423,689.9589518217022,92.18600103841045,-2017.9928379266282,2017.9928379266282,0.45842893804335416,0.025710704499717796,0.7032983765913364,0.0020658138475533436,89.68665939786398,,,
DS-3,water,0.0,1,psl,5000106.54743223,0.5525066908971031,4999383.686413345,1.190598855283367,114.69147424705791,0.6647741967672437,831.0470669337441,1.5188726595543565,-722.861018884927,1.3125506762362096,716.3555926866861,1.6579803643678226,-722.861018884927,716.3555926866861,-722.861018884927,716.3555926866861,286.5841946097954,-672.6642793088761,672.6642793088761,0.07462376272993887,0.06495262900343146,0.9910004467964311,0.002915256230421288,269.059978193592,-7.298785641726615,0.7328625539888574,0.027005464981904093
DS-3,water,0.0,3,psl,14977480.546434917,0.47978697792291447,14976163.046111368,2.8589470155669714,51.256960813845076,0.06346267839577811,1196.4327794038124,1.8826578542201038,-1317.500323548913,2.8989262808846474,1145.1758185899673,1.8837271850259558,-439.1667745163043,381.72527286332246,-760.659166458384,661.1675671323677,152.93374199251335,-1165.0887081996755,1165.0887081996755,0.13081546003887357,-0.01709130770006173,0.8692034439166132,0.0023878896978114777,155.34185083822513,-19.715523609432598,-18.840094168531,0.028464426686622316
DS-3,water,0.0,5,psl,24955257.991670627,0.7413316646664878,24953661.52764359,4.373887571544703,66.91061510370359,0.11476285122340601,1640.379808385546,0.574931332331774,-1596.4640270359814,4.436267025952158,1573.4691932818425,0.5862734421050593,-319.2928054071963,314.6938386563685,-713.9604176171033,703.676815335991,126.11163071792667,-1504.1230545705523,1504.1230545705523,0.061391900207123484,0.04610403284529774,0.9855963971848264,0.0027632938511832723,120.32728025309656,-19.511838020309668,-14.429345611857478,0.023261216671627182
DS-3,water,0.0,7,psl,34931741.7855786,1.8152190757722981,34929765.47881059,5.240982196537294,98.30707829308267,0.15563003730712213,1800.100077624403,0.08983330325385078,-1976.3067680075765,5.546432608214808,1701.7929993313203,0.17969621834004895,-282.32953828679666,243.11328561876005,-746.9737460745527,643.2172941630546,97.44116731749838,-1779.702398887777,1779.702398887777,0.11047036248457442,-0.04377664468236153,0.8610975921754249,0.0024183487869140776,101.69511286581516,-25.323725890870037,-28.723738743483157,0.008928970098767716
DS-3,water,0.0,9,psl,44909726.02352563,2.4376600714758365,44907503.45875952,7.572873411894637,139.76943291809832,0.0690390209896378,2129.1367117036584,4.524752718724744,-2222.5647661164403,7.955538846404328,1989.36727878556,4.5252793893887,-246.95164067960448,221.04080875395113,-740.8549220388135,663.1224262618533,88.5987437793992,-2017.9928379266282,2017.9928379266282,0.10137396146559063,-0.014185163893088548,0.8950773039841022,0.0037960993662765853,89.68665939786398,-27.931610936714616,-31.938319174460208,0.030485161488940742
DS-3,water,0.0,1,circle,5000109.60729888,0.5784302772934817,4999376.201061289,1.194630730045735,112.17668590071337,0.15686688960811518,846.1192304494316,1.5296527758567673,-733.406237591058,1.327299576907723,733.9425445487183,1.5376751398594042,-733.406237591058,733.9425445487183,-733.406237591058,733.9425445487183,293.6202314480545,-672.6642793088761,672.6642793088761,0.09030055579075902,0.0910978434930454,1.0007312549718992,0.002770540538422383,269.059978193592,,,
DS-3,water,0.0,3,circle,14977484.650013039,0.41471894852849917,14976200.972802514,2.7013529789054056,50.44413399645006,0.0422701543254882,1426.758147405154,2.907962620109721,-1283.6772105246782,2.733001961746404,1376.3140134087039,2.908269823434905,-427.8924035082261,458.7713378029013,-741.1313830490109,794.6152661309694,183.80073019572652,-1165.0887081996755,1165.0887081996755,0.10178495550630529,0.18129547022682857,1.072165184615346,0.0032161291551021528,155.34185083822513,,,
DS-3,water,0.0,5,circle,24955262.83891727,0.7060506417996474,24953566.557350457,4.6293630489299025,65.37272693825038,0.07822362363207566,1528.1830851200266,0.42767886650562925,-1696.2815668135881,4.682895444869899,1462.810358181776,0.43477367462815925,-339.2563133627176,292.5620716363552,-758.6001784750068,654.1886798170534,117.24294387690291,-1504.1230545705523,1504.1230545705523,0.12775451560238182,-0.027466300887576955,0.8623629395027971,0.0023944681306828923,120.32728025309656,,,
DS-3,water,0.0,7,circle,34931746.07585519,1.6983820459035581,34929859.19817922,5.235767758206317,98.3574342261905,0.1452340463147059,1841.0633026079988,0.3372020432246806,-1886.8776759654284,5.504340613708454,1742.7058683818084,0.36714867038277765,-269.5539537093469,248.9579811974012,-713.1727264291485,658.6809051530179,99.78346441967024,-1779.702398887777,1779.702398887777,0.060220898249409904,-0.020788043286950386,0.9235923931794604,0.002701292005199967,101.69511286581516,,,
DS-3,water,0.0,9,circle,44909733.79323276,2.322375320479262,44907532.02505115,7.216815505687863,140.33751977646918,0.10347356030127727,2162.5907689017727,1.0834498731364255,-2201.7681816145778,7.5812830821905015,2022.2532491253035,1.0883797155775912,-244.64090906828642,224.69480545836706,-733.9227272048593,674.0844163751011,90.0632939870274,-2017.9928379266282,2017.9928379266282,0.09106838252050897,0.002111212249421346,0.9184678323593385,0.0032009324099133807,89.68665939786398,,,
DS-3,gluc05,5.0,1,mag_argmax,5000111.666666667,1.1547005382448268,4999322.666666667,1.5275252315503312,181.82952223718166,0.24006239171503477,940.8278862779649,0.9702310011891844,-789.0,1.914854215350554,758.9983640407833,0.99948894320273,-789.0,758.9983640407833,-789.0,758.9983640407833,303.65195721821647,,,,,0.9619751128527038,0.002656188979124335,,,,
DS-3,gluc05,5.0,3,mag_argmax,14977492.333333334,0.5773502689207761,14975690.333333334,0.5773502689207761,116.53812929863732,0.08724473421836408,1547.0069655415912,0.552364347319123,-1802.0,0.8164965805475153,1430.4688362429538,0.5592119596701359,-600.6666666666666,476.8229454143179,-1040.3851850797057,825.8815676722401,191.04065662999258,,,,,0.7938228835976436,0.0004750553620715471,,,,
DS-3,gluc05,5.0,5,mag_argmax,24955266.666666668,0.5773502689207761,24952569.666666668,3.785938897528176,114.8397966735065,0.16054167741575243,,,-2697.0,3.829708431309067,,,-539.4,,-1206.1350670633865,,,,,,,,,,,,
DS-3,gluc05,5.0,7,mag_argmax,34931739.333333336,2.081665998720478,34928171.666666664,2.0816660005100496,144.80760825922093,0.1412259988807384,,,-3567.6666666716337,2.943920288986852,,,-509.66666666737626,,-1348.4512515411302,,,,,,,,,,,,
DS-3,gluc05,5.0,9,mag_argmax,44909700.333333336,3.511884583311877,44905121.666666664,3.0550504643200496,189.77861653268337,0.4430906241572875,,,-4578.666666671634,4.6547466811896205,,,-508.74074074129265,,-1526.222222223878,,,,,,,,,,,,
DS-3,gluc05,5.0,1,argmax_hh,5000106.333333333,0.5773502693240506,4999359.333333333,1.5275252317789663,109.98386106950541,0.7424597543781011,837.4585193963721,0.44022050781774646,-747.0,1.6329931620217943,727.4746583268667,0.8631573334998115,-747.0,727.4746583268667,-747.0,727.4746583268667,291.0337269335682,,,,,0.9738616577334226,0.002422294837094784,,,,
DS-3,gluc05,5.0,3,argmax_hh,14977476.0,0.0,14975958.666666666,1.5275252313979075,52.62047852141162,0.06988292971123455,1214.257072317414,0.16879214042223206,-1517.3333333339542,1.5275252313979075,1161.6365937960024,0.18268664574441082,-505.77777777798474,387.21219793200083,-876.0328084507506,670.671200128642,155.1342322053043,,,,,0.7655777199882647,0.0007800676715200908,,,,
DS-3,gluc05,5.0,5,argmax_hh,24955251.666666668,0.5773502689207761,24953368.666666668,2.5166114779918347,70.00259803545971,0.11946359914685345,1627.6015405307214,2.42497981278625,-1883.0,2.581988896990678,1557.5989424952618,2.4279206420190005,-376.6,311.51978849905237,-842.1032003264207,696.5794234202382,124.84119841693752,,,,,0.827190091606618,0.001717280440092914,,,,
DS-3,gluc05,5.0,7,argmax_hh,34931726.0,1.7320508075688772,34929237.0,3.605551275463989,106.17290945723653,0.2539517804066523,1905.1694398075342,0.8354610323996936,-2489.0,3.9999999999999996,1798.9965303502977,0.873204811845463,-355.57142857142856,256.9995043357568,-940.7535733199666,679.9567755392785,103.0084966097176,,,,,0.7227788390318592,0.0012133809047774327,,,,
DS-3,gluc05,5.0,9,argmax_hh,44909699.0,3.0,44906784.0,7.0,152.31984044487277,0.07736560464095335,2251.620690854887,3.992695646855685,-2915.0,7.615773105863909,2099.3008504100144,3.9934451248516982,-323.8888888888889,233.25565004555716,-971.6666666666666,699.7669501366714,93.49637405105007,,,,,0.7201718183224749,0.0023274370659815457,,,,
DS-3,gluc05,5.0,1,midpoint,5000091.717203262,0.7530767649587341,4999378.224156672,0.2923900906901883,109.98386106950541,0.7424597543781011,837.4585193963721,0.44022050781774646,-713.493046590127,0.8078468784704989,727.4746583268667,0.8631573334998115,-713.493046590127,727.4746583268667,-713.493046590127,727.4746583268667,291.0323323864477,,,,,1.0195960027971673,0.0016721942317634972,,,,
DS-3,gluc05,5.0,3,midpoint,14977462.576783055,0.4371517125563802,14975695.357464075,0.2706578020897844,52.62047852141162,0.06988292971123455,1214.257072317414,0.16879214042223206,-1767.219318980351,0.514156849242572,1161.6365937960024,0.18268664574441082,-589.0731063267837,387.21219793200083,-1020.3045495304128,670.671200128642,155.13707709209353,,,,,0.6573245218178367,0.00021739417136616216,,,,
DS-3,gluc05,5.0,5,midpoint,24955234.07109526,0.6804313424891233,24953187.28945552,0.9944160183318415,70.00259803545971,0.11946359914685345,1627.6015405307214,2.42497981278625,-2046.781639739871,1.2049273958859528,1557.5989424952618,2.4279206420190005,-409.3563279479742,311.51978849905237,-915.3485763113673,696.5794234202382,124.84214268620129,,,,,0.7609990788725366,0.001267991728115216,,,,
DS-3,gluc05,5.0,7,midpoint,34931695.860303305,1.6443630022492841,34928741.46950681,2.132360222071896,106.17290945723653,0.2539517804066523,1905.1694398075342,0.8354610323996936,-2954.390796497464,2.6927476301801447,1798.9965303502977,0.873204811845463,-422.0558280710663,256.9995043357568,-1116.654760461475,679.9567755392785,103.01003897664938,,,,,0.6089230079118417,0.0006287906092621387,,,,
DS-3,gluc05,5.0,9,midpoint,44909653.91526481,2.3183050047851568,44906192.03372554,4.290294405635428,152.31984044487277,0.07736560464095335,2251.620690854887,3.992695646855685,-3461.881539270282,4.876593501845171,2099.3008504100144,3.9934451248516982,-384.6535043633646,233.25565004555716,-1153.9605130900939,699.7669501366714,93.49768917089854,,,,,0.6064045885442165,0.0014353933625772183,,,,
DS-3,gluc05,5.0,1,sym,5000092.3890034845,0.42213456405576133,4999379.8798566805,0.3288341443034412,117.98266707716714,0.6353634009602229,857.2309090018689,0.8474253296261399,-712.50914680399,0.53509764027729,739.2482419247018,1.059158317047887,-712.50914680399,739.2482419247018,-712.50914680399,739.2482419247018,295.74270093001905,,,,,1.0375280727842608,0.0016783542339359305,,,,
DS-3,gluc05,5.0,3,sym,14977462.284971617,0.4503407608887241,14975697.858015003,0.48875943091634605,59.63789361659807,0.030013514373201,1430.3296987788008,1.0320099666786495,-1764.4269566144794,0.6645995653229886,1370.6918051622026,1.032446309678667,-588.1423188714931,456.89726838740086,-1018.6923783668019,791.3692826864118,183.05642165722006,,,,,0.7768481432590658,0.0006542301290891336,,,,
DS-3,gluc05,5.0,5,sym,24955234.318113077,0.7057389070895846,24953170.169256672,0.40721206762208245,77.74229375387488,0.10642735257111563,1813.695909764314,1.0874182341411494,-2064.1488564051688,0.8147938837503954,1735.953616010439,1.0926139287588972,-412.82977128103374,347.1907232020878,-923.1154317200819,776.3420582371817,139.1374350117642,,,,,0.8410021450844877,0.0006248166572945239,,,,
DS-3,gluc05,5.0,7,sym,34931694.74536658,1.6223260838966254,34928635.550640926,0.699905111150875,124.30276069155525,0.3852040733647291,2653.688528320746,1.1385913762585063,-3059.1947256550193,1.7668641959999298,2529.385767629191,1.2019868968616167,-437.02781795071706,361.3408239470273,-1156.2669223148068,956.0179586990067,144.8322623399078,,,,,0.8268142418059418,0.0006183982035751429,,,,
DS-3,gluc05,5.0,9,sym,44909650.730483375,2.27260172261963,44905998.53113229,1.82550794217664,185.54128970655134,0.8002981215546915,3297.689233521905,9.086297103210267,-3652.1993510872126,2.914995340751628,3112.1479438153538,9.121473133829385,-405.7999278985792,345.79421597948374,-1217.3997836957376,1037.3826479384513,138.60789803866768,,,,,0.8521298112845093,0.0025884785286930233,,,,
DS-3,gluc05,5.0,1,sym_lin,5000096.737316425,0.4796453296286052,4999374.504598635,0.33101648842804243,115.13082055578731,0.7110067764788783,856.8031031778297,0.8213788799176861,-722.2327177897096,0.5827791673059064,741.6722826220424,1.0863672954271582,-722.2327177897096,741.6722826220424,-722.2327177897096,741.6722826220424,296.7126834832823,,,,,1.026915929386064,0.0017173193202153377,,,,
DS-3,gluc05,5.0,3,sym_lin,14977468.421418091,0.46345374771018644,14975856.649168342,0.3155202154376608,51.940725874422746,0.09738190239821803,1233.3274056290825,0.21067529650087122,-1611.7722497489303,0.560662449800631,1181.3866797546598,0.23209333353292608,-537.2574165829768,393.7955599182199,-930.5571422649138,682.0739175733911,157.77291368840125,,,,,0.7329737063897751,0.00029282161950620536,,,,
DS-3,gluc05,5.0,5,sym_lin,24955242.15865241,0.7075884896700047,24953318.100314498,0.5099343272347042,68.02543364726269,0.15026157788616074,1699.9472293441079,0.3877248098752469,-1924.0583379119635,0.8721894798756682,1631.9217956968453,0.4158233639198681,-384.8116675823927,326.38435913936905,-860.4650472492822,729.817613828334,130.79839994984732,,,,,0.8481664841139109,0.00044105756121046955,,,,
DS-3,gluc05,5.0,7,sym_lin,34931711.362591974,1.6863171247966857,34929051.059292495,0.7500679790198855,100.25025988413068,0.22912148430009133,1944.8084641778748,0.5768808206275842,-2660.3032994791865,1.8456076014509522,1844.5582042937442,0.6207158252983662,-380.04332849702666,263.5083148991063,-1005.500134632359,697.1774696207315,105.61786153087058,,,,,0.6933638749592415,0.0005346284694662621,,,,
DS-3,gluc05,5.0,9,sym_lin,44909678.50746632,2.3277693727306192,44906585.57047129,0.397339048596095,142.2612663276758,0.1434641641034084,2438.113996906467,2.158327168900362,-3092.9369950369,2.3614378188218192,2295.852730578791,2.163089950601995,-343.6596661152111,255.0947478420879,-1030.9789983456333,765.2842435262637,102.25059416034391,,,,,0.7422888776146572,0.0009001647983922013,,,,
DS-3,gluc05,5.0,1,psl,5000106.54743223,0.5525066908971031,4999367.092311128,0.29113000341169093,114.69147424705791,0.6647741967672437,857.1134216909791,0.83205567695317,-739.4551211018115,0.6245160705478748,742.4219474439211,1.0650076911635578,-739.4551211018115,742.4219474439211,-739.4551211018115,742.4219474439211,297.01315992531994,,,,,1.0040121790456855,0.0016713378072053151,,-7.298785641726615,0.8937163645722395,0.010996515332342634
DS-3,gluc05,5.0,3,psl,14977480.546434917,0.47978697792291447,14976122.883118384,0.25944563722714203,51.256960813845076,0.06346267839577811,1240.748413893341,0.2355798452262289,-1357.6633165329695,0.5454425568844083,1189.4914530794958,0.2439782265407713,-452.55443884432316,396.4971510264986,-783.84728126919,686.7532106342061,158.85234231247375,,,,,0.876131393250773,0.0003952066626564593,,-19.715523609432598,-19.457301177139055,0.007053860656964627
DS-3,gluc05,5.0,5,psl,24955257.991670627,0.7413316646664878,24953587.838849694,0.6029367042832455,66.91061510370359,0.11476285122340601,1703.3173516953386,0.5194323264106122,-1670.1528209336102,0.9555654380570322,1636.406736591635,0.5319590714907176,-334.030564186722,327.281347318327,-746.9150480841172,731.8233403714977,131.1563872261929,,,,,0.979794612852786,0.0006447483819544029,,-19.511838020309668,-14.418608950161897,0.0046615214745081394
DS-3,gluc05,5.0,7,psl,34931741.7855786,1.8152190757722981,34929666.79884655,0.813636628193117,98.30707829308267,0.15563003730712213,1918.9156356267024,0.2630849954590201,-2074.9867320507765,1.9892272006447882,1820.6085573336197,0.3056704489280716,-296.4266760072538,260.08693676194565,-784.2712666807103,688.125353928691,104.24458998611617,,,,,0.8774073246888926,0.0008539461074927034,,-25.323725890870037,-28.074944027591965,0.011055385363361958
DS-3,gluc05,5.0,9,psl,44909726.02352563,2.4376600714758365,44907375.44927969,0.6742818805044587,139.76943291809832,0.0690390209896378,2303.8076013864525,0.7610577327984769,-2350.574245944619,2.529198030689612,2164.0381684683543,0.7641827393180021,-261.1749162160688,240.4486853853727,-783.5247486482064,721.3460561561182,96.3781767407011,,,,,0.920642337591297,0.0010425872235677487,,-27.931610936714616,-31.016118991105913,0.043711413547062566
DS-3,gluc05,5.0,1,circle,5000109.60729888,0.5784302772934817,4999358.837369312,0.1744269441135673,112.17668590071337,0.15686688960811518,874.1384201285855,0.46289767448629976,-750.7699295682833,0.604157549421185,761.9617342278722,0.4887550287210853,-750.7699295682833,761.9617342278722,-750.7699295682833,761.9617342278722,304.8305202446468,,,,,1.0149071029869625,0.0010444272189466899,,,,
DS-3,gluc05,5.0,3,circle,14977484.650013039,0.41471894852849917,14976159.331518615,0.5274726562250585,50.44413399645006,0.0422701543254882,1498.5808688207073,0.6889508604439991,-1325.318494424224,0.6709837623472736,1448.1367348242572,0.6902463719957007,-441.7728314747413,482.7122449414191,-765.1729895178153,836.0821336741707,193.39286748409302,,,,,1.0926707360658925,0.0007597877538971015,,,,
DS-3,gluc05,5.0,5,circle,24955262.83891727,0.7060506417996474,24953491.450558517,0.6351169458156449,65.37272693825038,0.07822362363207566,1594.09586215321,0.8401585482079548,-1771.3883587531745,0.9496741776250878,1528.7231352149595,0.843792226452123,-354.2776717506349,305.7446270429919,-792.1889569447766,683.6657698234503,122.52616260584725,,,,,0.8630084575530238,0.0006640577582807379,,,,
DS-3,gluc05,5.0,7,circle,34931746.07585519,1.6983820459035581,34929770.36099222,0.9587715398505522,98.3574342261905,0.1452340463147059,1951.2196140768228,0.5537542632054655,-1975.7148629650474,1.9503190609423255,1852.8621798506324,0.5724829361886432,-282.24498042357817,264.69459712151894,-746.7500269970817,700.3160773659722,106.09103488104593,,,,,0.9378186167359979,0.0009700513502599916,,,,
DS-3,gluc05,5.0,9,circle,44909733.79323276,2.322375320479262,44907432.85332035,0.13814707546786323,140.33751977646918,0.10347356030127727,2322.714105399787,0.5324505557173325,-2300.9399124085903,2.3264805487326727,2182.376585623318,0.5424116259494428,-255.65999026762114,242.48628729147978,-766.9799708028635,727.4588618744393,97.19476875529908,,,,,0.9484717848797877,0.0009875483370050293,,,,
DS-3,gluc075,7.5,1,mag_argmax,5000111.666666667,1.1547005382448268,4999293.666666667,6.027713773354583,181.82952223718166,0.24006239171503477,972.4202297952337,0.8155868834476867,-818.0,6.1373175464946765,790.590707558052,0.8501834604177225,-818.0,790.590707558052,-818.0,790.590707558052,316.2928631587906,,,,,0.9664923075281809,0.007325536245300516,,,,
DS-3,gluc075,7.5,3,mag_argmax,14977492.333333334,0.5773502689207761,14975624.0,1.0,116.53812929863732,0.08724473421836408,1622.5749334916472,1.4375459164889586,-1868.3333333339542,1.1547005382448268,1506.0368041930099,1.4401909268089814,-622.7777777779847,502.01226806433664,-1078.6827529363093,869.510754310318,201.1337012118402,,,,,0.8060857114322084,0.0009178196937183865,,,,
DS-3,gluc075,7.5,5,mag_argmax,24955266.666666668,0.5773502689207761,24952445.333333332,3.055050463405509,114.8397966735065,0.16054167741575243,,,-2821.333333335817,3.1091263510795293,,,-564.2666666671633,,-1261.738624104992,,,,,,,,,,,,
DS-3,gluc075,7.5,7,mag_argmax,34931739.333333336,2.081665998720478,34928038.666666664,1.5275252306357905,144.80760825922093,0.1412259988807384,,,-3700.6666666716337,2.581988896269279,,,-528.6666666673763,,-1398.7205264513575,,,,,,,,,,,,
DS-3,gluc075,7.5,9,mag_argmax,44909700.333333336,3.511884583311877,44904980.666666664,0.5773502697273251,189.77861653268337,0.4430906241572875,,,-4719.666666671634,3.5590260831381735,,,-524.4074074079593,,-1573.222222223878,,,,,,,,,,,,
DS-3,gluc075,7.5,1,argmax_hh,5000106.333333333,0.5773502693240506,4999331.666666667,3.055050463329297,109.98386106950541,0.7424597543781011,868.9978909565447,0.23509268484287338,-774.6666666660458,3.1091263510795293,759.0140298870392,0.7787907660840752,-774.6666666660458,759.0140298870392,-774.6666666660458,759.0140298870392,303.6530161094876,,,,,0.9797943587189942,0.004058879021852227,,,,
DS-3,gluc075,7.5,3,argmax_hh,14977476.0,0.0,14975894.666666666,3.7859388974666772,52.62047852141162,0.06988292971123455,1252.0677758771926,0.3160131073260151,-1581.3333333339542,3.7859388974666772,1199.447297355781,0.3236478145559906,-527.1111111113181,399.81576578526034,-912.9832256788867,692.5012200071293,160.1844670733205,,,,,0.7585037715147408,0.0018274639541155078,,,,
DS-3,gluc075,7.5,5,argmax_hh,24955251.666666668,0.5773502689207761,24953305.666666668,4.618802153785856,70.00259803545971,0.11946359914685345,1672.5793880987912,1.8073663155166113,-1946.0,4.6547466814897405,1602.5767900633316,1.8113101749797607,-389.2,320.5153580126663,-870.2776568429181,716.6941283490038,128.446488824646,,,,,0.8235235303511468,0.0021786697736763745,,,,
DS-3,gluc075,7.5,7,argmax_hh,34931726.0,1.7320508075688772,34929154.333333336,13.65039681855996,106.17290945723653,0.2539517804066523,1968.5697783914704,1.0547660984314513,-2571.666666664183,13.759844959306477,1862.396868934234,1.084906921893309,-367.3809523805976,266.05669556203344,-971.9986364211239,703.9198511007626,106.63897944786751,,,,,0.7241983936238623,0.0038977611141747122,,,,
DS-3,gluc075,7.5,9,argmax_hh,44909699.0,3.0,44906672.0,3.4641016151377544,152.31984044487277,0.07736560464095335,2323.0629280904927,5.6738161472583615,-3027.0,4.58257569495584,2170.74308764562,5.674343584034296,-336.3333333333333,241.1936764050689,-1009.0,723.5810292152067,96.67843364125119,,,,,0.7171268872301355,0.0021662622300817197,,,,
DS-3,gluc075,7.5,1,midpoint,5000091.717203262,0.7530767649587341,4999354.684815393,0.47864103094795496,109.98386106950541,0.7424597543781011,868.9978909565447,0.23509268484287338,-737.0323878694326,0.892312641638363,759.0140298870392,0.7787907660840752,-737.0323878694326,759.0140298870392,-737.0323878694326,759.0140298870392,303.65128689951985,,,,,1.0298245265464518,0.001634323436704285,,,,
DS-3,gluc075,7.5,3,midpoint,14977462.576783055,0.4371517125563802,14975621.393582935,0.4274045982656254,52.62047852141162,0.06988292971123455,1252.0677758771926,0.3160131073260151,-1841.183200120926,0.6113724809063429,1199.447297355781,0.3236478145559906,-613.727733373642,399.81576578526034,-1063.0076162172331,692.5012200071293,160.18751202209435,,,,,0.651454617485649,0.0002787347378369668,,,,
DS-3,gluc075,7.5,5,midpoint,24955234.07109526,0.6804313424891233,24953121.07878453,0.11638166074967547,70.00259803545971,0.11946359914685345,1672.5793880987912,1.8073663155166113,-2112.992310732603,0.6903126123723969,1602.5767900633316,1.8113101749797607,-422.5984621465206,320.5153580126663,-944.9588885464917,716.6941283490038,128.44747654785027,,,,,0.758439480315807,0.0008923175634708862,,,,
DS-3,gluc075,7.5,7,midpoint,34931695.860303305,1.6443630022492841,34928646.8371762,0.14632784712184435,106.17290945723653,0.2539517804066523,1968.5697783914704,1.0547660984314513,-3049.0231271088123,1.6508608427149738,1862.396868934234,1.084906921893309,-435.574732444116,266.05669556203344,-1152.4224194306282,703.9198511007626,106.64061192860828,,,,,0.6108175606723659,0.0004857826830312816,,,,
DS-3,gluc075,7.5,9,midpoint,44909653.91526481,2.3183050047851568,44906085.67519471,4.406124152863731,152.31984044487277,0.07736560464095335,2323.0629280904927,5.6738161472583615,-3568.2400700971484,4.978801878530721,2170.74308764562,5.674343584034296,-396.4711188996832,241.1936764050689,-1189.4133566990495,723.5810292152067,96.67977770754386,,,,,0.6083511885416722,0.0018026029406947343,,,,
DS-3,gluc075,7.5,1,sym,5000092.3890034845,0.42213456405576133,4999356.56034832,0.291071572906458,117.98266707716714,0.6353634009602229,888.9691102457222,0.8588609016327958,-735.8286551646888,0.5127574969952046,770.9864431685551,1.06832986461731,-735.8286551646888,770.9864431685551,-735.8286551646888,770.9864431685551,308.4412149911971,,,,,1.0477798571136068,0.0016251271188082751,,,,
DS-3,gluc075,7.5,3,sym,14977462.284971617,0.4503407608887241,14975617.070072806,0.8841451630403254,59.63789361659807,0.030013514373201,1497.1840896843148,1.092695223940524,-1845.2148988116533,0.9922295451383407,1437.5461960677167,1.0931073430672134,-615.0716329372177,479.18206535590554,-1065.335318541616,829.9676832722188,191.98588434652336,,,,,0.7790670869791473,0.0007255620437936495,,,,
DS-3,gluc075,7.5,5,sym,24955234.318113077,0.7057389070895846,24953102.258339882,0.18816574442283102,77.74229375387488,0.10642735257111563,1870.6314246041195,2.152199006583788,-2132.059773195535,0.7303928753446323,1792.8891308502446,2.1548288436243705,-426.41195463910697,358.5778261700489,-953.4861169915999,801.8043945403324,143.70123235472857,,,,,0.840918792892499,0.0010509339486297346,,,,
DS-3,gluc075,7.5,7,sym,34931694.74536658,1.6223260838966254,34928535.44039459,0.5246070785056772,124.30276069155525,0.3852040733647291,2751.372565318165,5.141077331562893,-3159.3049719929695,1.705037978846695,2627.0698046266098,5.155488173514377,-451.3292817132814,375.29568637523,-1194.1050388147542,992.9390542641501,150.42606360257318,,,,,0.8315340962380684,0.0016924252865978735,,,,
DS-3,gluc075,7.5,9,sym,44909650.730483375,2.27260172261963,44905894.44481637,1.610179548033499,185.54128970655134,0.8002981215546915,3317.876365371296,14.069116241230512,-3756.285667002201,2.785210363071176,3132.3350756647446,14.09185966764572,-417.3650741113557,348.03723062941606,-1252.095222334067,1044.1116918882483,139.50732453199186,,,,,0.8338916028621923,0.0038021535843538903,,,,
DS-3,gluc075,7.5,1,sym_lin,5000096.737316425,0.4796453296286052,4999350.17599242,0.31112850588849233,115.13082055578731,0.7110067764788783,888.3286134604223,0.9046279400596869,-746.5613240050152,0.5717172285412946,773.197792904635,1.1506008630865519,-746.5613240050152,773.197792904635,-746.5613240050152,773.197792904635,309.32619470732743,,,,,1.0356788759920288,0.0017333046090652424,,,,
DS-3,gluc075,7.5,3,sym_lin,14977468.421418091,0.46345374771018644,14975789.49276176,0.820900496566655,51.940725874422746,0.09738190239821803,1276.7070600354111,0.6937210071555803,-1678.9286563321948,0.9426913606955342,1224.7663341609884,0.7005227124680888,-559.642885444065,408.2554447203295,-969.3299116835694,707.1191727222379,163.56695681088107,,,,,0.7294927807335339,0.0005846908005509308,,,,
DS-3,gluc075,7.5,5,sym_lin,24955242.15865241,0.7075884896700047,24953255.936113294,0.25574094023455207,68.02543364726269,0.15026157788616074,1751.9668505303762,0.4555728910969671,-1986.2225391156971,0.7523861370503386,1683.9414168831136,0.4797136655248501,-397.24450782313943,336.7882833766227,-888.2657231809867,753.0814956555907,134.9681047982691,,,,,0.8478110502324857,0.0004018350858609932,,,,
DS-3,gluc075,7.5,7,sym_lin,34931711.362591974,1.6863171247966857,34928962.23995402,0.7278533692704077,100.25025988413068,0.22912148430009133,2025.1905499012562,2.4437735840162373,-2749.1226379573345,1.8366915834022992,1924.9402900171256,2.454490982770856,-392.7318054224764,274.99147000244653,-1039.0706890932804,727.5590422905518,110.22074841561997,,,,,0.7002016801430886,0.0010079593377361354,,,,
DS-3,gluc075,7.5,9,sym_lin,44909678.50746632,2.3277693727306192,44906487.89240464,0.5977303855819469,142.2612663276758,0.1434641641034084,2564.4531320702777,1.9418258034927003,-3190.615061685443,2.403287720284578,2422.1918657426017,1.9471182340813207,-354.5127846317159,269.1324295269558,-1063.5383538951476,807.3972885808672,107.87759570691294,,,,,0.7591614215169782,0.0008363072360859135,,,,
DS-3,gluc075,7.5,1,psl,5000106.54743223,0.5525066908971031,4999340.631470812,0.3506195272135961,114.69147424705791,0.6647741967672437,888.713943656085,0.886392045430166,-765.9159614183009,0.6543681657519357,774.022469409027,1.1079781545181329,-765.9159614183009,774.022469409027,-765.9159614183009,774.022469409027,309.65685070846996,,,,,1.01058406979235,0.0016846755378217778,,-7.298785641726615,1.0737660655408836,0.011821408872723817
DS-3,gluc075,7.5,3,psl,14977480.546434917,0.47978697792291447,14976074.632355785,0.7012727319106369,51.256960813845076,0.06346267839577811,1283.9636886144317,0.5126580995543643,-1405.9140791315585,0.8496934674962561,1232.7067278005866,0.516571232830341,-468.6380263771862,410.9022426001955,-811.7048720440902,711.7035611275314,164.62411806715215,,,,,0.8768008985030129,0.0006448337024397719,,-19.715523609432598,-20.15027600861042,0.010056327613508083
DS-3,gluc075,7.5,5,psl,24955257.991670627,0.7413316646664878,24953536.083396573,0.6406308431554509,66.91061510370359,0.11476285122340601,1754.3699559239456,0.8300189223902144,-1721.9082740545273,0.9797859532771686,1687.459340820242,0.8379152245583907,-344.38165481090545,337.4918681640484,-770.060790361052,754.6547590682094,135.24848358079097,,,,,0.9799937466162647,0.0007401000146992248,,-19.511838020309668,-14.532130598573708,0.011441303606484727
DS-3,gluc075,7.5,7,psl,34931741.7855786,1.8152190757722981,34929594.171970725,0.7276130654836452,98.30707829308267,0.15563003730712213,1999.0990191772678,0.22374536487581964,-2147.613607876003,1.9556178220987208,1900.7919408841851,0.27254852194724866,-306.8019439822861,271.5417058405979,-811.7216455282985,718.4318242364772,108.83596159072015,,,,,0.8850716599640449,0.0008158771261299609,,-25.323725890870037,-27.780454523741138,0.004959740137358708
DS-3,gluc075,7.5,9,psl,44909726.02352563,2.4376600714758365,44907291.083039194,0.4436119293231093,139.76943291809832,0.0690390209896378,2403.680345996188,1.3627745681319305,-2434.9404864385724,2.4776961411572147,2263.91091307809,1.3645222277289504,-270.54894293761913,251.54565700867664,-811.6468288128575,754.63697102603,100.82632181019382,,,,,0.9297602654713601,0.0010995993118474994,,-27.931610936714616,-30.686531015299007,0.01754581404418304
DS-3,gluc075,7.5,1,circle,5000109.60729888,0.5784302772934817,4999330.969107028,0.15941059440441047,112.17668590071337,0.15686688960811518,907.4394778253554,0.5466282858503128,-778.6381918517873,0.5999944360560201,795.2627919246421,0.5686912202126703,-778.6381918517873,795.2627919246421,-778.6381918517873,795.2627919246421,318.1546752836638,,,,,1.0213508664830806,0.001073702791069324,,,,
DS-3,gluc075,7.5,3,circle,14977484.650013039,0.41471894852849917,14976111.519225081,0.39856727322837227,50.44413399645006,0.0422701543254882,1567.5416589813192,0.7793088432482446,-1373.1307879574597,0.5751936000663462,1517.097524984869,0.7804543799041797,-457.71026265248656,505.69917499495637,-792.7774300598023,875.8966644369292,202.60294506155952,,,,,1.1048456114231922,0.0007329701162426032,,,,
DS-3,gluc075,7.5,5,circle,24955262.83891727,0.7060506417996474,24953437.69084516,0.9985038435022393,65.37272693825038,0.07822362363207566,1645.6501591146769,0.4258040484356905,-1825.1480721086264,1.2229135023681923,1580.2774321764264,0.43292958198575027,-365.0296144217253,316.0554864352853,-816.2310316475152,706.7215523310605,126.65847751304123,,,,,0.8658351924020627,0.0006267595319567919,,,,
DS-3,gluc075,7.5,7,circle,34931746.07585519,1.6983820459035581,34929705.25744352,0.6714386167830007,98.3574342261905,0.1452340463147059,2023.271329702233,0.7574034821955662,-2040.8184116706252,1.8262889667177604,1924.9138954760426,0.7712022841323225,-291.5454873815179,274.98769935372036,-771.3568554746159,727.5490660917411,110.21676980259075,,,,,0.9432068450912776,0.0009247881362286364,,,,
DS-3,gluc075,7.5,9,circle,44909733.79323276,2.322375320479262,44907360.413367115,0.7861152104133112,140.33751977646918,0.10347356030127727,2416.154827314402,0.6146794989584528,-2373.3798656463623,2.451816521115379,2275.817307537933,0.6233278945476743,-263.7088739607069,252.86858972643702,-791.1266218821207,758.6057691793111,101.35642367383393,,,,,0.958892986529209,0.0010248076450600216,,,,
DS-3,gluc10,10.0,1,mag_argmax,5000111.666666667,1.1547005382448268,4999273.0,7.810249675906654,181.82952223718166,0.24006239171503477,1004.2661576036675,0.3290940860753314,-838.6666666669771,7.895146188198347,822.4366353664858,0.40734858463691814,-838.6666666669771,822.4366353664858,-838.6666666669771,822.4366353664858,329.0346951591705,,,,,0.9806478164143657,0.00924451475842177,,,,
DS-3,gluc10,10.0,3,mag_argmax,14977492.333333334,0.5773502689207761,14975555.333333334,1.1547005382448268,116.53812929863732,0.08724473421836408,1702.397602689142,2.28051329706482,-1937.0,1.2909944484953393,1585.8594733905047,2.2821815312849867,-645.6666666666666,528.6198244635016,-1118.327471420305,915.5963938589261,211.79509001266163,,,,,0.818719397723544,0.0012984300315668387,,,,
DS-3,gluc10,10.0,5,mag_argmax,24955266.666666668,0.5773502689207761,24952337.333333332,2.081665998944174,114.8397966735065,0.16054167741575243,,,-2929.333333335817,2.160246898894462,,,-585.8666666671634,,-1310.0376924189875,,,,,,,,,,,,
DS-3,gluc10,10.0,7,mag_argmax,34931739.333333336,2.081665998720478,34927911.333333336,4.041451885325965,144.80760825922093,0.1412259988807384,,,-3828.0,4.546060566208255,,,-546.8571428571429,,-1446.8480026793218,,,,,,,,,,,,
DS-3,gluc10,10.0,9,mag_argmax,44909700.333333336,3.511884583311877,44904825.333333336,2.3094010756831045,189.77861653268337,0.4430906241572875,,,-4875.0,4.2031734029028485,,,-541.6666666666666,,-1625.0,,,,,,,,,,,,
DS-3,gluc10,10.0,1,argmax_hh,5000106.333333333,0.5773502693240506,4999304.333333333,2.886751346015341,109.98386106950541,0.7424597543781011,902.1061254241504,0.6638584816314151,-802.0,2.943920288868219,792.1222643546449,0.9959691614227612,-802.0,792.1222643546449,-802.0,792.1222643546449,316.90005358980403,,,,,0.9876836213898316,0.003832304359073697,,,,
DS-3,gluc10,10.0,3,argmax_hh,14977476.0,0.0,14975821.666666666,1.527525231855178,52.62047852141162,0.06988292971123455,1292.408449326021,0.853339820056652,-1654.3333333339542,1.527525231855178,1239.7879708046094,0.8561965150357391,-551.4444444446514,413.26265693486977,-955.1297953297294,715.7919186821011,165.5727225685026,,,,,0.7494184792287794,0.0008641086090589058,,,,
DS-3,gluc10,10.0,5,argmax_hh,24955251.666666668,0.5773502689207761,24953248.333333332,2.51661147891701,70.00259803545971,0.11946359914685345,1719.3525745136042,1.609865896825544,-2003.3333333358169,2.581988897892428,1649.3499764781445,1.6142923394735642,-400.6666666671634,329.8699952956289,-895.9179029860263,737.611733218562,132.19566237959194,,,,,0.8233028168765889,0.0013323944506986613,,,,
DS-3,gluc10,10.0,7,argmax_hh,34931726.0,1.7320508075688772,34929080.333333336,7.02376916768452,106.17290945723653,0.2539517804066523,2036.5091216415167,0.9306036136808784,-2645.666666664183,7.234178137211973,1930.3362121842802,0.9646318430197182,-377.95238095202615,275.7623160263257,-999.9680074238067,729.5985091688592,110.52934889769354,,,,,0.7296218516515405,0.0020280851127841863,,,,
DS-3,gluc10,10.0,9,argmax_hh,44909699.0,3.0,44906553.333333336,1.527525231855178,152.31984044487277,0.07736560464095335,2398.9239781300225,2.4110736592097126,-3145.666666664183,3.366501646212907,2246.60413768515,2.4123145787638007,-349.51851851824256,249.62268196501665,-1048.5555555547278,748.8680458950499,100.0573252679361,,,,,0.7141901465572503,0.001082721614202262,,,,
DS-3,gluc10,10.0,1,midpoint,5000091.717203262,0.7530767649587341,4999327.209412609,0.3115429727847475,109.98386106950541,0.7424597543781011,902.1061254241504,0.6638584816314151,-764.507790653035,0.8149746240296506,792.1222643546449,0.9959691614227612,-764.507790653035,792.1222643546449,-764.507790653035,792.1222643546449,316.8982734978704,,,,,1.0361205916267013,0.001707963227092521,,,,
DS-3,gluc10,10.0,3,midpoint,14977462.576783055,0.4371517125563802,14975541.808676839,0.5337941736420139,52.62047852141162,0.06988292971123455,1292.408449326021,0.853339820056652,-1920.7681062165648,0.6899549547652633,1239.7879708046094,0.8561965150357391,-640.2560354055216,413.26265693486977,-1108.9559831749814,715.7919186821011,165.57594174468744,,,,,0.6454646798809478,0.000502450806356149,,,,
DS-3,gluc10,10.0,5,midpoint,24955234.07109526,0.6804313424891233,24953054.7910186,0.6296175769874134,70.00259803545971,0.11946359914685345,1719.3525745136042,1.609865896825544,-2179.280076660216,0.9270410482244311,1649.3499764781445,1.6142923394735642,-435.85601533204317,329.8699952956289,-974.603678684639,737.611733218562,132.1967272887149,,,,,0.7568324944289867,0.0008076847657357696,,,,
DS-3,gluc10,10.0,7,midpoint,34931695.860303305,1.6443630022492841,34928548.043000005,2.621665983012366,106.17290945723653,0.2539517804066523,2036.5091216415167,0.9306036136808784,-3147.817303299904,3.0946828932300114,1930.3362121842802,0.9646318430197182,-449.68818618570054,275.7623160263257,-1189.763108171075,729.5985091688592,110.53112070066274,,,,,0.6132300658493363,0.0006762923114913289,,,,
DS-3,gluc10,10.0,9,midpoint,44909653.91526481,2.3183050047851568,44905965.64064614,1.9945668996778048,152.31984044487277,0.07736560464095335,2398.9239781300225,2.4110736592097126,-3688.2746186703444,3.058240541962361,2246.60413768515,2.4123145787638007,-409.8082909633716,249.62268196501665,-1229.4248728901148,748.8680458950499,100.05871670425527,,,,,0.6091206241294121,0.0008263635654563388,,,,
DS-3,gluc10,10.0,1,sym,5000092.3890034845,0.42213456405576133,4999330.312629706,0.02297666609024975,117.98266707716714,0.6353634009602229,925.2561524110471,0.8340329979441299,-762.0763737782836,0.4227594083579578,807.27348533388,1.0484739829578098,-762.0763737782836,807.27348533388,-762.0763737782836,807.27348533388,322.9598433584265,,,,,1.0593078503818647,0.001496057807053221,,,,
DS-3,gluc10,10.0,3,sym,14977462.284971617,0.4503407608887241,14975530.627400845,1.042711530517021,59.63789361659807,0.030013514373201,1566.4281779912728,2.4820433874584547,-1931.657570771873,1.1358055013033628,1506.7902843746747,2.4822248464374193,-643.8858569239577,502.26342812489156,-1115.2430184673194,869.9457762960312,201.23466921230914,,,,,0.780050412233559,0.0013644263069004607,,,,
DS-3,gluc10,10.0,5,sym,24955234.318113077,0.7057389070895846,24953032.68032579,0.431041877838502,77.74229375387488,0.10642735257111563,1932.177542440643,1.4994202475479688,-2201.637787286192,0.8269610059915422,1854.435248686768,1.503192555906298,-440.3275574572384,370.8870497373536,-984.6023508408296,829.3286551870682,148.63460735412104,,,,,0.8422980652837555,0.0007525005668819196,,,,
DS-3,gluc10,10.0,7,sym,34931694.74536658,1.6223260838966254,34928431.87186814,0.9542603277055188,124.30276069155525,0.3852040733647291,2834.33742630615,4.275097592403006,-3262.873498439789,1.8821675524575394,2710.034665614595,4.292416755477823,-466.1247854913984,387.14780937351355,-1233.2502623335683,1024.2968242257575,155.17709391267027,,,,,0.8305668812813167,0.0014000606868950216,,,,
DS-3,gluc10,10.0,9,sym,44909650.730483375,2.27260172261963,44905778.589078724,2.7223200460805304,185.54128970655134,0.8002981215546915,3333.140352907674,7.542033791028512,-3872.1414046511054,3.546229691227799,3147.5990632011226,7.584375438253296,-430.23793385012283,349.7332292445692,-1290.7138015503685,1049.1996877337076,140.18752863924377,,,,,0.8128832948663282,0.002095410444456345,,,,
DS-3,gluc10,10.0,1,sym_lin,5000096.737316425,0.4796453296286052,4999322.932930361,0.02860164922421325,115.13082055578731,0.7110067764788783,924.4784166572449,0.9083548256296998,-773.8043860644102,0.48049734294049773,809.3475961014576,1.1535333222077497,-773.8043860644102,809.3475961014576,-773.8043860644102,809.3475961014576,323.79001089431546,,,,,1.0459330687149773,0.0016260675897051629,,,,
DS-3,gluc10,10.0,3,sym_lin,14977468.421418091,0.46345374771018644,14975717.54753924,0.4967522972299219,51.940725874422746,0.09738190239821803,1322.321208306654,0.8434338492242681,-1750.873878851533,0.6793763471521671,1270.3804824322312,0.8490370386101902,-583.6246262838443,423.46016081074373,-1010.8675052720168,733.4545135054954,169.65952386646657,,,,,0.7255693843953648,0.0005607244866740853,,,,
DS-3,gluc10,10.0,5,sym_lin,24955242.15865241,0.7075884896700047,24953192.244041543,0.650533928366434,68.02543364726269,0.15026157788616074,1806.0082329088573,0.7100174427356277,-2049.914610866457,0.961184614249179,1737.9827992615947,0.7257432815932086,-409.98292217329146,347.59655985231893,-916.7496835934854,777.2495365748593,139.29988356691658,,,,,0.8478318023827269,0.0005323338946923475,,,,
DS-3,gluc10,10.0,7,sym_lin,34931711.362591974,1.6863171247966857,34928870.93451399,0.8116782752676142,100.25025988413068,0.22912148430009133,2117.2976729940765,1.5143221307211279,-2840.428077980876,1.8714932722091122,2017.0474131099459,1.5315574328635717,-405.7754397115537,288.149630444278,-1073.5809016146538,762.3722625307257,115.49503381339963,,,,,0.7101209246402634,0.0007138978417316785,,,,
DS-3,gluc10,10.0,9,sym_lin,44909678.50746632,2.3277693727306192,44906377.771339774,1.305310476162318,142.2612663276758,0.1434641641034084,2702.8577730423744,1.297320474073646,-3300.736126549542,2.6687723192137986,2560.5965067146985,1.305228860710856,-366.7484585055047,284.51072296829983,-1100.245375516514,853.5321689048995,114.04201761923753,,,,,0.775765286451857,0.000741481310662966,,,,
DS-3,gluc10,10.0,1,psl,5000106.54743223,0.5525066908971031,4999311.408383285,0.11946297377133518,114.69147424705791,0.6647741967672437,924.9014125520252,0.87265786706706,-795.1390489451587,0.5652743100374877,810.2099383049673,1.097021643196507,-795.1390489451587,810.2099383049673,-795.1390489451587,810.2099383049673,324.1359102504403,,,,,1.0189537784363651,0.0015582678221383848,,-7.298785641726615,1.2249315252507085,0.009715214510503322
DS-3,gluc10,10.0,3,psl,14977480.546434917,0.47978697792291447,14976022.792624816,0.3486968806836408,51.256960813845076,0.06346267839577811,1328.9547383009901,0.8317999741654843,-1457.7538101002574,0.5931147096328875,1277.697777487145,0.8342174228406323,-485.9179367000858,425.89925916238167,-841.6345546735863,737.6791557751898,170.6331225587617,,,,,0.8764839224802101,0.0006742830493045587,,-19.715523609432598,-20.848137964546776,0.025087150239320365
DS-3,gluc10,10.0,5,psl,24955257.991670627,0.7413316646664878,24953482.653828,1.126921884025515,66.91061510370359,0.11476285122340601,1808.426170125266,0.8446082519764753,-1775.3378426283598,1.3488979093070026,1741.5155550215625,0.8523694101313601,-355.06756852567196,348.3031110043125,-793.9552198289672,778.8294329802977,139.58134335288025,,,,,0.9809488161663225,0.0008865766667701916,,-19.511838020309668,-14.61562935606405,0.01580469638147319
DS-3,gluc10,10.0,7,psl,34931741.7855786,1.8152190757722981,34929515.89903837,0.8420889489603689,98.30707829308267,0.15563003730712213,2081.600304304267,2.1841579758868654,-2225.886540234089,2.001033255847792,1983.2932260111843,2.1896955889215346,-317.9837914620127,283.32760371588347,-841.3060331579094,749.6143789920874,113.56009032262332,,,,,0.8910127224196288,0.0012686035704203853,,-25.323725890870037,-27.505587777815,0.01907205167929908
DS-3,gluc10,10.0,9,psl,44909726.02352563,2.4376600714758365,44907196.25693145,2.7222436879821785,139.76943291809832,0.0690390209896378,2508.405390504906,1.1790721416066767,-2529.766594186425,3.6541479609926024,2368.6359575868078,1.1810916567024603,-281.08517713182505,263.18177306520084,-843.255531395475,789.5453191956026,105.49061300748437,,,,,0.9363061252489038,0.0014307743921080206,,-27.931610936714616,-30.41040225295995,0.06633375181532228
DS-3,gluc10,10.0,1,circle,5000109.60729888,0.5784302772934817,4999299.645866463,0.06133993162115482,112.17668590071337,0.15686688960811518,944.47340314202,0.661212994919092,-809.9614324169233,0.5816735965308225,832.2967172413066,0.6795659244732624,-809.9614324169233,832.2967172413066,-809.9614324169233,832.2967172413066,332.9725951884295,,,,,1.0275757387086133,0.0011173688586229847,,,,
DS-3,gluc10,10.0,3,circle,14977484.650013039,0.41471894852849917,14976061.562196003,0.7822838831659928,50.44413399645006,0.0422701543254882,1639.4611189234984,1.2635278112600286,-1423.0878170356154,0.8854150891699603,1589.0169849270483,1.2642346680004701,-474.3626056785385,529.672328309016,-821.6201342459896,917.4193839945189,212.20823262465353,,,,,1.1165979821519898,0.001127763192543827,,,,
DS-3,gluc10,10.0,5,circle,24955262.83891727,0.7060506417996474,24953383.728337225,1.2690577657271902,65.37272693825038,0.07822362363207566,1700.2388688690678,0.8087208507671173,-1879.1105800457299,1.4522448559172734,1634.8661419308173,0.8124951382990686,-375.822116009146,326.97322838616344,-840.3637988442623,731.1343654940254,131.03401784839474,,,,,0.8700212532947535,0.0007994092509579293,,,,
DS-3,gluc10,10.0,7,circle,34931746.07585519,1.6983820459035581,34929635.970919676,1.0155127741715084,98.3574342261905,0.1452340463147059,2096.0302623057537,0.7022346835487255,-2110.1049355119467,1.9788298987919777,1997.6728280795633,0.7170958645730157,-301.44356221599236,285.38183258279474,-797.5446999449423,755.0493577099447,114.38302827793774,,,,,0.9467172909080441,0.000950638799689419,,,,
DS-3,gluc10,10.0,9,circle,44909733.79323276,2.322375320479262,44907274.261717714,2.3039175754949053,140.33751977646918,0.10347356030127727,2508.4449159060327,0.6952931686622109,-2459.531515046954,3.2713091146887168,2368.1073961295638,0.7029504734117189,-273.28127944966155,263.123044014396,-819.8438383489847,789.369132043188,105.46688129174619,,,,,0.96282864506591,0.0013121193833799708,,,,
