dataset,estimator,phase,n,replica,mtime,df_over_n,dG_over_n,D_ppm
DS-2,argmax_hh,air,1,0,2026-09-11T12:25:49,1.6666666669771075,-0.15233214913557447,26.0665657679334
DS-2,argmax_hh,air,3,0,2026-09-11T12:25:51,2.888888888681928,0.02335268259048462,10.413746750331049
DS-2,argmax_hh,air,5,0,2026-09-11T12:25:53,3.0,0.19501139732698505,8.726195778214404
DS-2,argmax_hh,air,7,0,2026-09-11T12:25:55,3.6190476194024086,-0.43003810569643974,8.908256391198288
DS-2,argmax_hh,air,9,0,2026-09-11T12:25:47,2.888888888888889,0.10692297612075347,9.10731868097763
DS-2,argmax_hh,air,1,1,2026-09-11T12:46:32,-0.3333333330228925,-0.03535395131136454,26.11332447438294
DS-2,argmax_hh,air,3,1,2026-09-11T12:46:24,-1.1111111113180716,0.012696174594263235,10.40948928077032
DS-2,argmax_hh,air,5,1,2026-09-11T12:46:26,-1.2,-0.107520601277551,8.60506278965733
DS-2,argmax_hh,air,7,1,2026-09-11T12:46:28,-1.6666666663118772,0.24540158840162413,9.1787697492799
DS-2,argmax_hh,air,9,1,2026-09-11T12:46:30,-1.1111111111111112,-0.0646732256368365,9.038600595928663
DS-2,argmax_hh,air,1,2,2026-09-11T12:50:12,-1.3333333330228925,0.1876861004469248,26.202463763089117
DS-2,argmax_hh,air,3,2,2026-09-11T12:50:14,-1.7777777779847383,-0.03604885718474785,10.389978000417573
DS-2,argmax_hh,air,5,2,2026-09-11T12:50:16,-1.8,-0.08749079604943688,8.613084189606832
DS-2,argmax_hh,air,7,2,2026-09-11T12:50:18,-1.9523809520261628,0.18463651729481562,9.154434731829143
DS-2,argmax_hh,air,9,2,2026-09-11T12:50:19,-1.7777777777777777,-0.04224975048392013,9.047582549515484
DS-2,argmax_hh,ipa,1,0,2026-09-11T13:20:02,-1041.333333333023,1219.7487304670115,513.6855361644714
DS-2,argmax_hh,ipa,3,0,2026-09-11T13:20:04,-637.1111111113181,530.4752311206734,222.7823331777488
DS-2,argmax_hh,ipa,5,0,2026-09-11T13:20:06,-514.4,383.7368258232872,162.32128215433312
DS-2,argmax_hh,ipa,7,0,2026-09-11T13:19:59,-416.66666666631187,318.00454133908664,136.44809580761657
DS-2,argmax_hh,ipa,9,0,2026-09-11T13:20:00,-369.6666666666667,278.7683679840907,120.72193299682772
DS-2,argmax_hh,ipa,1,1,2026-09-11T13:24:12,-1043.333333333023,1220.0278514803697,513.7973105724251
DS-2,argmax_hh,ipa,3,1,2026-09-11T13:24:14,-637.4444444446514,530.8484016020471,222.93174744802695
DS-2,argmax_hh,ipa,5,1,2026-09-11T13:24:16,-514.4,384.09936864959695,162.46646702564996
DS-2,argmax_hh,ipa,7,1,2026-09-11T13:24:17,-417.0952380948833,317.50015814070196,136.24609246210713
DS-2,argmax_hh,ipa,9,1,2026-09-11T13:24:19,-369.55555555555554,278.51944378666855,120.62222721551976
DS-2,argmax_hh,ipa,1,2,2026-09-11T13:30:02,-1045.333333333023,1220.7383743550938,514.0815232796891
DS-2,argmax_hh,ipa,3,2,2026-09-11T13:30:04,-639.1111111113181,531.1958612017334,223.0709278824136
DS-2,argmax_hh,ipa,5,2,2026-09-11T13:29:56,-510.8,382.42462804491316,161.79567928956862
DS-2,argmax_hh,ipa,7,2,2026-09-11T13:29:58,-418.0952380948833,317.8489393075662,136.3858132602177
DS-2,argmax_hh,ipa,9,2,2026-09-11T13:30:00,-369.6666666666667,278.0856113771873,120.44846441055836
DS-2,argmax_hh,water,1,0,2026-09-11T12:57:32,-773.3333333330229,874.6795682416607,375.7358692248015
DS-2,argmax_hh,water,3,0,2026-09-11T12:57:34,-474.4444444446514,407.1227242434398,173.39231508298047
DS-2,argmax_hh,water,5,0,2026-09-11T12:57:36,-395.4,294.8621890208373,126.72728744618595
DS-2,argmax_hh,water,7,0,2026-09-11T12:57:38,-315.52380952345476,238.14857448850358,104.46215038700495
DS-2,argmax_hh,water,9,0,2026-09-11T12:57:30,-271.8888888888889,210.62510438497972,93.42627471770898
DS-2,argmax_hh,water,1,1,2026-09-11T13:08:48,-774.3333333330229,871.7044308640374,374.54679882197
DS-2,argmax_hh,water,3,1,2026-09-11T13:08:50,-472.77777777798474,406.9613393386826,173.3276486589555
DS-2,argmax_hh,water,5,1,2026-09-11T13:08:52,-385.8,295.1525158605228,126.8433059247824
DS-2,argmax_hh,water,7,1,2026-09-11T13:08:54,-311.2380952377404,237.36204163570486,104.14704605691432
DS-2,argmax_hh,water,9,1,2026-09-11T13:08:56,-269.22222222222223,210.63613575062266,93.43064319456336
DS-2,argmax_hh,water,1,2,2026-09-11T13:15:26,-769.3333333330229,868.3768625080895,373.21641574015615
DS-2,argmax_hh,water,3,2,2026-09-11T13:15:28,-503.4444444446514,426.1640750672668,181.01635270183667
DS-2,argmax_hh,water,5,2,2026-09-11T13:15:21,-389.4,294.3792856781433,126.53375527533878
DS-2,argmax_hh,water,7,2,2026-09-11T13:15:22,-310.52380952345476,237.71748779075486,104.28939106152676
DS-2,argmax_hh,water,9,2,2026-09-11T13:15:24,-263.77777777777777,210.7320597000696,93.46896150311372
DS-2,psl,air,1,0,2026-09-11T12:25:49,2.5977400047704577,-0.07002280656497817,26.184299171661745
DS-2,psl,air,3,0,2026-09-11T12:25:51,2.8299968832482896,0.03715673079184493,10.154904103563712
DS-2,psl,air,5,0,2026-09-11T12:25:53,3.0246518552303314,0.16823506070566055,8.270065678007203
DS-2,psl,air,7,0,2026-09-11T12:25:55,3.37651508727244,-0.3806623753530362,8.292442990924584
DS-2,psl,air,9,0,2026-09-11T12:25:47,2.9716706772645316,0.1342725216327507,8.45042297891471
DS-2,psl,air,1,1,2026-09-11T12:46:32,-1.0797462416812778,-0.09610483621496257,26.17389517870322
DS-2,psl,air,3,1,2026-09-11T12:46:24,-1.1353853705028694,-0.0008769624553129537,10.13968725379348
DS-2,psl,air,5,1,2026-09-11T12:46:26,-1.1814100123941897,-0.10953568226922812,8.158847305978279
DS-2,psl,air,7,1,2026-09-11T12:46:28,-1.3272423850638526,0.21549708961160263,8.531203927858032
DS-2,psl,air,9,1,2026-09-11T12:46:30,-1.187150725060039,-0.07463173054694355,8.366762608371717
DS-2,psl,air,1,2,2026-09-11T12:50:12,-1.51799376308918,0.16612764277995495,26.2786941718836
DS-2,psl,air,3,2,2026-09-11T12:50:14,-1.6946115127454202,-0.03627976833653671,10.125516623434292
DS-2,psl,air,5,2,2026-09-11T12:50:16,-1.8432418443262577,-0.05869937843643243,8.17920433124338
DS-2,psl,air,7,2,2026-09-11T12:50:18,-2.0492727032729556,0.16516528574142544,8.511048008783527
DS-2,psl,air,9,2,2026-09-11T12:50:19,-1.7845199530323346,-0.05964079108581662,8.372767571290796
DS-2,psl,ipa,1,0,2026-09-11T13:20:02,-937.8040900779888,1230.821556821355,518.1859203698904
DS-2,psl,ipa,3,0,2026-09-11T13:20:04,-560.9193363891294,547.2883949337889,229.2455846909926
DS-2,psl,ipa,5,0,2026-09-11T13:20:06,-414.306821025908,413.82547634907223,173.9216495797153
DS-2,psl,ipa,7,0,2026-09-11T13:19:59,-357.23785701926266,346.1368379976201,147.07811197510946
DS-2,psl,ipa,9,0,2026-09-11T13:20:00,-297.2435219941868,303.4713313882278,129.94644871485932
DS-2,psl,ipa,1,1,2026-09-11T13:24:12,-939.9612048286945,1231.204162108554,518.3390740649398
DS-2,psl,ipa,3,1,2026-09-11T13:24:14,-561.0780630571147,547.9900332524354,229.52648968108645
DS-2,psl,ipa,5,1,2026-09-11T13:24:16,-414.5297886505723,414.787324084957,174.3068335903408
DS-2,psl,ipa,7,1,2026-09-11T13:24:17,-357.23996613174677,345.67422176796606,146.89282781395437
DS-2,psl,ipa,9,1,2026-09-11T13:24:19,-296.87199050767555,303.2216714248498,129.84644280986842
DS-2,psl,ipa,1,2,2026-09-11T13:30:02,-942.6557340687141,1231.8507818823755,518.5978122754393
DS-2,psl,ipa,3,2,2026-09-11T13:30:04,-563.7307056691498,547.2888229478098,229.24588505473477
DS-2,psl,ipa,5,2,2026-09-11T13:29:56,-414.2047649689019,410.0300429585218,172.40174777597323
DS-2,psl,ipa,7,2,2026-09-11T13:29:58,-357.31511591162,346.2581229428805,147.1266905559635
DS-2,psl,ipa,9,2,2026-09-11T13:30:00,-299.3933258031805,305.57342367101734,130.78845552889794
DS-2,psl,water,1,0,2026-09-11T12:57:32,-689.364213231951,873.1829158871992,375.2164129719671
DS-2,psl,water,3,0,2026-09-11T12:57:34,-419.9962407896916,417.98281921040797,177.47368147163127
DS-2,psl,water,5,0,2026-09-11T12:57:36,-325.27715731263163,308.8237034605005,131.87086913005678
DS-2,psl,water,7,0,2026-09-11T12:57:38,-269.6761977033956,246.59868992102722,107.20982172143027
DS-2,psl,water,9,0,2026-09-11T12:57:30,-224.76986801624298,216.3883099940662,95.06572777020972
DS-2,psl,water,1,1,2026-09-11T13:08:48,-686.2022668132558,868.039906254186,373.160579279914
DS-2,psl,water,3,1,2026-09-11T13:08:50,-415.5909834355116,417.58413128629564,177.31391673069697
DS-2,psl,water,5,1,2026-09-11T13:08:52,-321.0424911901355,308.6645463672597,131.80702333959394
DS-2,psl,water,7,1,2026-09-11T13:08:54,-265.84219795039724,245.7572814941343,106.8727498190744
DS-2,psl,water,9,1,2026-09-11T13:08:56,-220.53834040380187,216.2713732730033,95.01881129354436
DS-2,psl,water,1,2,2026-09-11T13:15:26,-685.0559434480965,865.4639638172378,372.1309220714349
DS-2,psl,water,3,2,2026-09-11T13:15:28,-426.3022844127069,439.8149534860945,186.2140652506193
DS-2,psl,water,5,2,2026-09-11T13:15:21,-320.3841466203332,308.40890425230333,131.70463486189684
DS-2,psl,water,7,2,2026-09-11T13:15:22,-264.95192985343084,246.47693156021438,107.16095528273864
DS-2,psl,water,9,2,2026-09-11T13:15:24,-218.5227659535077,214.49269927852637,94.3063723128333
DS-3,argmax_hh,air,1,0,2024-05-29T12:49:34,-0.3333333330228925,-0.2727394279402944,43.88351832603753
DS-3,argmax_hh,air,3,0,2024-05-29T12:49:36,0.0,-0.02594685254411644,7.016220618718304
DS-3,argmax_hh,air,5,0,2024-05-29T12:49:40,-0.13333333358168603,-0.023756654436388656,5.600730264205939
DS-3,argmax_hh,air,7,0,2024-05-29T12:49:43,-0.2857142857142857,-0.041799311126981466,6.062129328592408
DS-3,argmax_hh,air,9,0,2024-05-29T12:49:32,-0.3333333333333333,0.0011129041236870307,6.783829335294808
DS-3,argmax_hh,air,1,1,2024-05-29T12:54:17,-0.3333333330228925,0.8402563456135539,44.328707197455
DS-3,argmax_hh,air,3,1,2024-05-29T12:54:19,0.0,0.019113092890215455,7.034271702399292
DS-3,argmax_hh,air,5,1,2024-05-29T12:54:08,0.06666666641831398,-0.0002698450038820965,5.610141609504909
DS-3,argmax_hh,air,7,1,2024-05-29T12:54:11,0.14285714285714285,0.023300986737012863,6.088219821733728
DS-3,argmax_hh,air,9,1,2024-05-29T12:54:15,0.0,0.007985524557255985,6.786583457880138
DS-3,argmax_hh,air,1,2,2024-05-29T12:57:05,0.6666666669771075,-0.5675169176732453,43.76560107686982
DS-3,argmax_hh,air,3,2,2024-05-29T12:56:52,0.0,0.006833759653900984,7.029352582554406
DS-3,argmax_hh,air,5,2,2024-05-29T12:56:55,0.06666666641831398,0.024026499440273595,5.619877573879926
DS-3,argmax_hh,air,7,2,2024-05-29T12:56:59,0.14285714285714285,0.01849832438997063,6.086295002131805
DS-3,argmax_hh,air,9,2,2024-05-29T12:57:03,0.3333333333333333,-0.009098428680939859,6.779735683249214
DS-3,argmax_hh,gluc05,1,0,2024-05-29T13:17:35,-747.3333333330229,726.9772459018665,334.8273676570824
DS-3,argmax_hh,gluc05,3,0,2024-05-29T13:17:37,-505.6666666666667,387.17999067768045,162.14793998226796
DS-3,argmax_hh,gluc05,5,0,2024-05-29T13:17:39,-377.1333333335817,311.36379751799006,130.38894918027572
DS-3,argmax_hh,gluc05,7,0,2024-05-29T13:17:31,-355.7142857142857,256.88660107340127,109.04212831743848
DS-3,argmax_hh,gluc05,9,0,2024-05-29T13:17:33,-323.1111111111111,233.55498723575363,100.39972464595188
DS-3,argmax_hh,gluc05,1,1,2024-05-29T13:25:32,-748.3333333330229,727.8140825370016,335.1622122706584
DS-3,argmax_hh,gluc05,3,1,2024-05-29T13:25:33,-505.3333333333333,387.27716527310093,162.1868613886141
DS-3,argmax_hh,gluc05,5,1,2024-05-29T13:25:26,-376.5333333335817,311.13198232141633,130.29603414613405
DS-3,argmax_hh,gluc05,7,1,2024-05-29T13:25:28,-356.0,257.1243989265391,109.13744641196598
DS-3,argmax_hh,gluc05,9,1,2024-05-29T13:25:30,-323.8888888888889,232.74597028366946,100.07546178314163
DS-3,argmax_hh,gluc05,1,2,2024-05-29T13:29:02,-745.3333333330229,727.632646541732,335.0894274733261
DS-3,argmax_hh,gluc05,3,2,2024-05-29T13:28:55,-506.3333333333333,387.179437845221,162.14774014870295
DS-3,argmax_hh,gluc05,5,2,2024-05-29T13:28:57,-376.1333333335817,312.0635856577506,130.6693613719936
DS-3,argmax_hh,gluc05,7,2,2024-05-29T13:28:59,-355.0,256.98751300733005,109.0825592522063
DS-3,argmax_hh,gluc05,9,2,2024-05-29T13:29:00,-324.6666666666667,233.46599261724836,100.36408420048085
DS-3,argmax_hh,gluc075,1,0,2024-05-29T13:31:57,-771.3333333330229,759.2724125452029,347.74876003096745
DS-3,argmax_hh,gluc075,3,0,2024-05-29T13:31:59,-528.0,399.71538556512036,167.17089509149406
DS-3,argmax_hh,gluc075,5,0,2024-05-29T13:32:01,-389.7333333335817,320.09796801780664,133.88948454034264
DS-3,argmax_hh,gluc075,7,0,2024-05-29T13:31:53,-368.7142857142857,266.010845501508,112.69951371370772
DS-3,argmax_hh,gluc075,9,0,2024-05-29T13:31:55,-335.8888888888889,240.67668141810984,103.2545794842558
DS-3,argmax_hh,gluc075,1,1,2024-05-29T13:39:37,-777.3333333330229,758.8127457570905,347.5652859920185
DS-3,argmax_hh,gluc075,3,1,2024-05-29T13:39:39,-527.6666666666666,399.92544446657934,167.25504274384832
DS-3,argmax_hh,gluc075,5,1,2024-05-29T13:39:41,-388.1333333335817,320.7255069983502,134.1409268715651
DS-3,argmax_hh,gluc075,7,1,2024-05-29T13:39:33,-368.2857142857143,266.2249755162214,112.78532978077712
DS-3,argmax_hh,gluc075,9,1,2024-05-29T13:39:35,-336.55555555555554,241.89598870001458,103.74332983251723
DS-3,argmax_hh,gluc075,1,2,2024-05-29T13:41:18,-775.3333333330229,758.9569313588241,347.6228289058394
DS-3,argmax_hh,gluc075,3,2,2024-05-29T13:41:20,-525.6666666666666,399.80646732408144,167.20730828829116
DS-3,argmax_hh,gluc075,5,2,2024-05-29T13:41:13,-389.7333333335817,320.72259902184203,134.13980450962103
DS-3,argmax_hh,gluc075,7,2,2024-05-29T13:41:15,-365.14285714285717,265.93426566837087,112.66873900157564
DS-3,argmax_hh,gluc075,9,2,2024-05-29T13:41:16,-336.55555555555554,241.00835909708226,103.38754008340467
DS-3,argmax_hh,gluc10,1,0,2024-05-29T13:48:03,-800.3333333330229,792.1337951316187,360.89715500556446
DS-3,argmax_hh,gluc10,3,0,2024-05-29T13:48:05,-551.3333333333334,412.9816660051131,172.48675585710765
DS-3,argmax_hh,gluc10,5,0,2024-05-29T13:48:07,-400.7333333335817,329.75765016948185,137.76089179916528
DS-3,argmax_hh,gluc10,7,0,2024-05-29T13:47:59,-377.85714285714283,275.8147710327591,116.6292526669425
DS-3,argmax_hh,gluc10,9,0,2024-05-29T13:48:01,-349.6666666666667,249.31663216995423,106.71803660073748
DS-3,argmax_hh,gluc10,1,1,2024-05-29T13:52:11,-805.3333333330229,792.7802823378394,361.15614699228746
DS-3,argmax_hh,gluc10,3,1,2024-05-29T13:52:13,-552.0,413.55043765053983,172.71465488674824
DS-3,argmax_hh,gluc10,5,1,2024-05-29T13:52:15,-401.1333333335817,329.61924660218267,137.7054376850509
DS-3,argmax_hh,gluc10,7,1,2024-05-29T13:52:17,-379.0,275.61114735794916,116.54766451791497
DS-3,argmax_hh,gluc10,9,1,2024-05-29T13:52:19,-349.3333333333333,249.81468100859612,106.91766355812588
DS-3,argmax_hh,gluc10,1,2,2024-05-29T13:58:10,-800.3333333330229,791.4527155944766,360.6246853719225
DS-3,argmax_hh,gluc10,3,2,2024-05-29T13:58:02,-551.0,413.2558671489565,172.596601865324
DS-3,argmax_hh,gluc10,5,2,2024-05-29T13:58:04,-400.1333333335817,330.2330891152223,137.95140710215043
DS-3,argmax_hh,gluc10,7,2,2024-05-29T13:58:06,-377.0,275.8610296882689,116.64777366068108
DS-3,argmax_hh,gluc10,9,2,2024-05-29T13:58:08,-349.55555555555554,249.73673271649966,106.88642412136907
DS-3,argmax_hh,water,1,0,2024-05-29T13:01:52,-726.3333333330229,699.493476345359,323.8310900211084
DS-3,argmax_hh,water,3,0,2024-05-29T13:01:54,-488.0,372.2081769110842,156.14904812505014
DS-3,argmax_hh,water,5,0,2024-05-29T13:01:47,-360.5333333335817,300.01432325628895,125.84025673700694
DS-3,argmax_hh,water,7,0,2024-05-29T13:01:49,-341.57142857142856,242.56235798820856,103.300530363644
DS-3,argmax_hh,water,9,0,2024-05-29T13:01:50,-302.3333333333333,218.01584629272972,94.17077484392028
DS-3,argmax_hh,water,1,1,2024-05-29T13:11:44,-729.3333333330229,702.0517564370917,324.854723901237
DS-3,argmax_hh,water,3,1,2024-05-29T13:11:46,-489.3333333333333,372.86485840369846,156.4121832376835
DS-3,argmax_hh,water,5,1,2024-05-29T13:11:39,-362.33333333358166,300.40180917878945,125.99558569314748
DS-3,argmax_hh,water,7,1,2024-05-29T13:11:41,-342.42857142857144,242.98830540637886,103.47127179579591
DS-3,argmax_hh,water,9,1,2024-05-29T13:11:43,-310.1111111111111,217.4896306881198,93.9599990557333
DS-3,argmax_hh,water,1,2,2024-05-29T13:14:40,-731.3333333330229,701.7414557413819,324.7307180641129
DS-3,argmax_hh,water,3,2,2024-05-29T13:14:42,-490.0,373.0641907797092,156.4920648216272
DS-3,argmax_hh,water,5,2,2024-05-29T13:14:44,-362.1333333335817,300.38080699605246,125.98716409618392
DS-3,argmax_hh,water,7,2,2024-05-29T13:14:36,-342.14285714285717,243.20111285522577,103.55656107148558
DS-3,argmax_hh,water,9,2,2024-05-29T13:14:38,-304.8888888888889,217.68177865707764,94.03691915243736
DS-3,psl,air,1,0,2024-05-29T12:49:34,-0.05658705625683069,-0.17483815829787375,45.80567885841294
DS-3,psl,air,3,0,2024-05-29T12:49:36,-0.18112275997797647,-0.02415648877991809,6.834860248456391
DS-3,psl,air,5,0,2024-05-29T12:49:40,-0.17039723917841912,-0.019415877978173058,5.354666180342761
DS-3,psl,air,7,0,2024-05-29T12:49:43,-0.29718928997005734,-0.025655977320947647,5.618242164851476
DS-3,psl,air,9,0,2024-05-29T12:49:32,-0.304237924516201,-0.003090954386386279,6.223223128791764
DS-3,psl,air,1,1,2024-05-29T12:54:17,-0.5220355298370123,0.7347199724665643,46.16949865992762
DS-3,psl,air,3,1,2024-05-29T12:54:19,0.05936535137395064,0.00893988166237373,6.848118372115372
DS-3,psl,air,5,1,2024-05-29T12:54:08,0.07082882225513458,-0.00591538468385977,5.36007580073808
DS-3,psl,air,7,1,2024-05-29T12:54:11,0.11690543059791837,0.012035338359944652,5.633347684782863
DS-3,psl,air,9,1,2024-05-29T12:54:15,0.08935119460026424,-0.005643318082535289,6.222199640244544
DS-3,psl,air,1,2,2024-05-29T12:57:05,0.5786225870251656,-0.5598818141686763,45.65165887673344
DS-3,psl,air,3,2,2024-05-29T12:56:52,0.12175740798314412,0.015216607117549094,6.850632751612731
DS-3,psl,air,5,2,2024-05-29T12:56:55,0.09956841841340065,0.02533126266202714,5.372596837270645
DS-3,psl,air,7,2,2024-05-29T12:56:59,0.18028386043650763,0.013620638961005025,5.633982972554088
DS-3,psl,air,9,2,2024-05-29T12:57:03,0.2148867299159368,0.00873427246891841,6.227962079959312
DS-3,psl,gluc05,1,0,2024-05-29T13:17:35,-739.2887192238122,742.0127355556438,342.7250551795806
DS-3,psl,gluc05,3,0,2024-05-29T13:17:37,-452.61106165063876,396.4873110763972,165.69293906029816
DS-3,psl,gluc05,5,0,2024-05-29T13:17:39,-334.16955814734104,327.1614454388721,136.47078734454993
DS-3,psl,gluc05,7,0,2024-05-29T13:17:31,-296.5480951102717,260.128861461619,109.88992058105552
DS-3,psl,gluc05,9,0,2024-05-29T13:17:33,-261.1769772445162,240.4001757378328,102.58319451830536
DS-3,psl,gluc05,1,1,2024-05-29T13:25:32,-739.285360599868,743.3793653648637,343.27177605925897
DS-3,psl,gluc05,3,1,2024-05-29T13:25:33,-452.5973630280544,396.58013386603494,165.73012691844187
DS-3,psl,gluc05,5,1,2024-05-29T13:25:26,-333.968265529722,327.3444687700299,136.5441273366882
DS-3,psl,gluc05,7,1,2024-05-29T13:25:28,-296.4154977415289,260.0562654234623,109.86082077499182
DS-3,psl,gluc05,9,1,2024-05-29T13:25:30,-261.09898675895397,240.39955194445045,102.58294288290658
DS-3,psl,gluc05,1,2,2024-05-29T13:29:02,-739.791283480823,741.873741411256,342.6694849321945
DS-3,psl,gluc05,3,2,2024-05-29T13:28:55,-452.45489185489714,396.4240081370637,165.6675723308657
DS-3,psl,gluc05,5,2,2024-05-29T13:28:57,-333.953868881613,327.33812774607924,136.5415858156921
DS-3,psl,gluc05,7,2,2024-05-29T13:28:59,-296.3164351688964,260.07568340075585,109.86860142448964
DS-3,psl,gluc05,9,2,2024-05-29T13:29:00,-261.24878464721974,240.54632847383488,102.641777669887
DS-3,psl,gluc075,1,0,2024-05-29T13:31:57,-766.0697765685618,774.7780737949405,355.8347554112166
DS-3,psl,gluc075,3,0,2024-05-29T13:31:59,-468.7455101441592,410.84526340520705,171.4458307916414
DS-3,psl,gluc075,5,0,2024-05-29T13:32:01,-344.50264705866573,337.3811416785521,140.56656019842157
DS-3,psl,gluc075,7,0,2024-05-29T13:31:53,-306.91616085597445,271.57829343255924,114.47915302087648
DS-3,psl,gluc075,9,0,2024-05-29T13:31:55,-270.4943885422415,251.41090144611886,106.99676875292064
DS-3,psl,gluc075,1,1,2024-05-29T13:39:37,-765.5147241838276,774.242569689048,355.62048602817066
DS-3,psl,gluc075,3,1,2024-05-29T13:39:39,-468.79870938633877,411.0943386304529,171.5456218783335
DS-3,psl,gluc075,5,1,2024-05-29T13:39:41,-344.2474228605628,337.68273782922097,140.6874160977842
DS-3,psl,gluc075,7,1,2024-05-29T13:39:33,-306.7128920821207,271.52761731708586,114.45883705354144
DS-3,psl,gluc075,9,1,2024-05-29T13:39:35,-270.59026964339944,251.51655402817454,107.03911908796869
DS-3,psl,gluc075,1,2,2024-05-29T13:41:18,-766.1633835006505,773.0467647430924,355.1421470810968
DS-3,psl,gluc075,3,2,2024-05-29T13:41:20,-468.36985960043967,410.76712576492656,171.4145129036661
DS-3,psl,gluc075,5,2,2024-05-29T13:41:13,-344.39489451125263,337.4117249843721,140.57881326451866
DS-3,psl,gluc075,7,2,2024-05-29T13:41:15,-306.7767790098275,271.5192067721486,114.45546751993096
DS-3,psl,gluc075,9,2,2024-05-29T13:41:16,-270.5621706280443,251.70951555173653,107.11646243868776
DS-3,psl,gluc10,1,0,2024-05-29T13:48:03,-795.0503733633086,811.0990411037692,370.3672059224463
DS-3,psl,gluc10,3,0,2024-05-29T13:48:05,-486.0417083265881,425.66785567298666,177.38495449135738
DS-3,psl,gluc10,5,0,2024-05-29T13:48:07,-355.2583559013903,348.22668274118456,144.91316687222175
DS-3,psl,gluc10,7,0,2024-05-29T13:47:59,-318.0147725790739,283.18995756451585,119.1334457755872
DS-3,psl,gluc10,9,0,2024-05-29T13:48:01,-281.42597062554626,263.1178786876736,111.68947168478726
DS-3,psl,gluc10,1,1,2024-05-29T13:52:11,-795.2748956587166,809.3547119576745,369.6693947748071
DS-3,psl,gluc10,3,1,2024-05-29T13:52:13,-485.8111022002995,425.8233464021718,177.44724216612204
DS-3,psl,gluc10,5,1,2024-05-29T13:52:15,-355.1254662267864,348.1859109652911,144.89682390091622
DS-3,psl,gluc10,7,1,2024-05-29T13:52:17,-318.0855691358447,283.1080724337165,119.10062731860592
DS-3,psl,gluc10,9,1,2024-05-29T13:52:19,-280.8485696075691,263.0949716473331,111.68027700893356
DS-3,psl,gluc10,1,2,2024-05-29T13:58:10,-795.0918778115883,810.1760618534585,369.99796644914153
DS-3,psl,gluc10,3,2,2024-05-29T13:58:02,-485.9009995733698,426.20657541198665,177.60078239099016
DS-3,psl,gluc10,5,2,2024-05-29T13:58:04,-354.8188834473491,348.4967393064617,145.0213781038543
DS-3,psl,gluc10,7,2,2024-05-29T13:58:06,-317.8510326732482,283.684781149418,119.33177069586527
DS-3,psl,gluc10,9,2,2024-05-29T13:58:08,-280.98099116484326,263.3324688605958,111.77547517772793
DS-3,psl,water,1,0,2024-05-29T13:01:52,-721.6022514654323,714.7160158672345,331.8038115523843
DS-3,psl,water,3,0,2024-05-29T13:01:54,-438.0772619800021,381.04337258292225,159.50505001995325
DS-3,psl,water,5,0,2024-05-29T13:01:47,-318.2842768356204,314.5848765470399,131.43038464668234
DS-3,psl,water,7,0,2024-05-29T13:01:49,-281.4686662735684,243.09851349114425,103.06375307824898
DS-3,psl,water,9,0,2024-05-29T13:01:50,-246.0032740690642,220.6200871955243,94.65455213635477
DS-3,psl,water,1,1,2024-05-29T13:11:44,-723.0117021938786,717.7146537971669,333.0035081706019
DS-3,psl,water,3,1,2024-05-29T13:11:46,-439.5777505096048,381.8538994434935,159.8298247673548
DS-3,psl,water,5,1,2024-05-29T13:11:39,-319.74819956123827,314.68261365709645,131.46959064490378
DS-3,psl,water,7,1,2024-05-29T13:11:41,-282.8288495849286,243.11965555342766,103.0722550019462
DS-3,psl,water,9,1,2024-05-29T13:11:43,-247.6087328725391,221.5975838717076,95.04638665863136
DS-3,psl,water,1,2,2024-05-29T13:14:40,-723.9691029936075,716.6361083956568,332.5721005014741
DS-3,psl,water,3,2,2024-05-29T13:14:42,-439.8453110599269,382.2785465635515,159.9999625624165
DS-3,psl,water,5,2,2024-05-29T13:14:44,-319.8459398247302,314.8140257649691,131.52225568054538
DS-3,psl,water,7,2,2024-05-29T13:14:36,-282.69109900189295,243.12168781170823,103.0730666944884
DS-3,psl,water,9,2,2024-05-29T13:14:38,-247.242915098038,220.90475519462152,94.76867739220712
