Date,Time,Relative_time,Temperature,Frequency_0,Dissipation_0,Frequency_1,Dissipation_1,Frequency_2,Dissipation_2,Frequency_3,Dissipation_3,Frequency_4,Dissipation_4
2026-09-11,12:15:27,11.699,24.93,5004629.0,6.958430523984134e-05,14988867.0,7.140858754888177e-05,24973894.0,8.772043727710844e-05,34957849.0,9.537709075212479e-05,44943456.0,0.00011958514349162578
2026-09-11,12:15:37,21.398,24.95,5004629.0,6.985116598755121e-05,14988863.0,7.194969588518143e-05,24973888.0,8.853155664727092e-05,34957834.0,9.569596902281046e-05,44943438.0,0.0001232187109440565
2026-09-11,12:15:47,31.049,24.96,5004629.0,6.994552735146135e-05,14988858.0,7.194969588518143e-05,24973879.0,8.841952681541443e-05,34957821.0,9.537709075212479e-05,44943422.0,0.0001232187109440565
2026-09-11,12:16:43,87.343,25.0,5004623.0,7.127338859252631e-05,14988831.0,7.367908156104386e-05,24973832.0,8.924866959825158e-05,34957756.0,9.504026517271996e-05,44943338.0,0.00012269042272865772
2026-09-11,12:16:43,87.344,25.0,5004623.0,7.127338859252631e-05,14988831.0,7.367908156104386e-05,24973832.0,8.924866959825158e-05,34957756.0,9.504026517271996e-05,44943338.0,0.00012269042272865772
2026-09-11,12:16:43,87.344,25.0,5004623.0,7.127338859252631e-05,14988831.0,7.367908156104386e-05,24973832.0,8.924866959825158e-05,34957756.0,9.504026517271996e-05,44943338.0,0.00012269042272865772
2026-09-11,12:16:43,87.344,25.0,5004623.0,7.127338859252631e-05,14988831.0,7.367908156104386e-05,24973832.0,8.924866959825158e-05,34957756.0,9.504026517271996e-05,44943338.0,0.00012269042272865772
2026-09-11,12:16:43,87.345,24.99,5004623.0,7.127338859252631e-05,14988831.0,7.367908156104386e-05,24973832.0,8.924866959825158e-05,34957756.0,9.504026517271996e-05,44943338.0,0.00012269042272865772
2026-09-11,12:16:53,97.497,24.99,5004623.0,7.135708283260464e-05,14988826.0,7.344865376874805e-05,24973825.0,8.923767652362586e-05,34957745.0,9.564928952604533e-05,44943326.0,0.00012397636444121598
2026-09-11,12:16:53,97.498,24.99,5004623.0,7.135708283260464e-05,14988826.0,7.344865376874805e-05,24973825.0,8.923767652362586e-05,34957745.0,9.564928952604533e-05,44943326.0,0.00012397636444121598
2026-09-11,12:16:53,97.498,24.99,5004623.0,7.135708283260464e-05,14988826.0,7.344865376874805e-05,24973825.0,8.923767652362586e-05,34957745.0,9.564928952604533e-05,44943326.0,0.00012397636444121598
2026-09-11,12:16:53,97.498,24.99,5004623.0,7.135708283260464e-05,14988826.0,7.344865376874805e-05,24973825.0,8.923767652362586e-05,34957745.0,9.564928952604533e-05,44943326.0,0.00012397636444121598
2026-09-11,12:16:53,97.499,25.0,5004623.0,7.135708283260464e-05,14988826.0,7.344865376874805e-05,24973825.0,8.923767652362586e-05,34957745.0,9.564928952604533e-05,44943326.0,0.00012397636444121598
2026-09-11,12:17:03,107.547,25.0,5004622.0,7.135708283260464e-05,14988823.0,7.326423230208456e-05,24973821.0,8.923767652362586e-05,34957736.0,9.422204076498748e-05,44943313.0,0.00012397636444121598
2026-09-11,12:17:03,107.548,25.0,5004622.0,7.135708283260464e-05,14988823.0,7.326423230208456e-05,24973821.0,8.923767652362586e-05,34957736.0,9.422204076498748e-05,44943313.0,0.00012397636444121598
2026-09-11,12:17:03,107.548,25.0,5004622.0,7.135708283260464e-05,14988823.0,7.326423230208456e-05,24973821.0,8.923767652362586e-05,34957736.0,9.422204076498748e-05,44943313.0,0.00012397636444121598
2026-09-11,12:17:03,107.549,25.0,5004622.0,7.135708283260464e-05,14988823.0,7.326423230208456e-05,24973821.0,8.923767652362586e-05,34957736.0,9.422204076498748e-05,44943313.0,0.00012397636444121598
2026-09-11,12:17:03,107.549,25.0,5004622.0,7.135708283260464e-05,14988823.0,7.326423230208456e-05,24973821.0,8.923767652362586e-05,34957736.0,9.422204076498748e-05,44943313.0,0.00012397636444121598
2026-09-11,12:17:03,107.765,25.0,5004620.0,7.119001470878721e-05,14988819.0,7.306242788210511e-05,24973812.0,8.913788827881217e-05,34957726.0,9.519221060723066e-05,44943302.0,0.00012387272681295872
2026-09-11,12:17:56,160.575,25.0,5004616.0,7.018098706472665e-05,14988804.0,7.273127040080726e-05,24973790.0,8.861346285045147e-05,34957695.0,9.537096642702818e-05,44943261.0,0.00012223875803500414
2026-09-11,12:17:56,160.576,25.0,5004616.0,7.018098706472665e-05,14988804.0,7.273127040080726e-05,24973790.0,8.861346285045147e-05,34957695.0,9.537096642702818e-05,44943261.0,0.00012223875803500414
2026-09-11,12:17:56,160.577,25.0,5004616.0,7.018098706472665e-05,14988804.0,7.273127040080726e-05,24973790.0,8.861346285045147e-05,34957695.0,9.537096642702818e-05,44943261.0,0.00012223875803500414
2026-09-11,12:18:24,188.11,25.0,5004614.0,7.010977127123624e-05,14988798.0,7.253013025410473e-05,24973779.0,8.861405438557267e-05,34957680.0,9.571360711753368e-05,44943244.0,0.00012275441377609968
2026-09-11,12:18:24,188.11,25.0,5004614.0,7.010977127123624e-05,14988798.0,7.253013025410473e-05,24973779.0,8.861405438557267e-05,34957680.0,9.571360711753368e-05,44943244.0,0.00012275441377609968
2026-09-11,12:18:24,188.111,25.0,5004614.0,7.010977127123624e-05,14988798.0,7.253013025410473e-05,24973779.0,8.861405438557267e-05,34957680.0,9.571360711753368e-05,44943244.0,0.00012275441377609968
2026-09-11,12:18:43,207.92,25.0,5004613.0,7.010977127123624e-05,14988795.0,7.253013025410473e-05,24973773.0,8.877703085169196e-05,34957672.0,9.563243490457535e-05,44943236.0,0.0001225182248055935
2026-09-11,12:18:43,207.92,25.0,5004613.0,7.010977127123624e-05,14988795.0,7.253013025410473e-05,24973773.0,8.877703085169196e-05,34957672.0,9.563243490457535e-05,44943236.0,0.0001225182248055935
2026-09-11,12:18:43,207.92,25.0,5004613.0,7.010977127123624e-05,14988795.0,7.253013025410473e-05,24973773.0,8.877703085169196e-05,34957672.0,9.563243490457535e-05,44943236.0,0.0001225182248055935
2026-09-11,12:19:17,241.835,25.0,5004611.0,7.005353323370218e-05,14988789.0,7.220799905993044e-05,24973763.0,8.888923801481724e-05,34957659.0,9.575778451561928e-05,44943219.0,0.00012345905608683824
2026-09-11,12:19:27,251.428,25.0,5004610.0,6.992434874456376e-05,14988787.0,7.234737427532673e-05,24973760.0,8.892194781824946e-05,34957655.0,9.575778451561928e-05,44943213.0,0.00012375595814734697
2026-09-11,12:19:36,260.987,25.0,5004610.0,6.991504468303174e-05,14988786.0,7.234737427532673e-05,24973757.0,8.899235331639648e-05,34957652.0,9.575778451561928e-05,44943210.0,0.00012375595814734697
2026-09-11,12:19:46,270.592,25.0,5004610.0,6.989934636931866e-05,14988785.0,7.204755401983857e-05,24973756.0,8.899235331639648e-05,34957650.0,9.591173072904349e-05,44943208.0,0.00012375595814734697
2026-09-11,12:19:56,280.393,25.0,5004609.0,6.989934636931866e-05,14988784.0,7.204755401983857e-05,24973755.0,8.877369676530361e-05,34957647.0,9.602162148803472e-05,44943202.0,0.00012370299170911313
2026-09-11,12:20:05,289.993,25.0,5004609.0,7.02806638898328e-05,14988783.0,7.220503483712673e-05,24973753.0,8.862781684845685e-05,34957645.0,9.608133257180452e-05,44943201.0,0.00012367674472182989
2026-09-11,12:20:15,299.611,25.0,5004609.0,7.02806638898328e-05,14988781.0,7.220503483712673e-05,24973751.0,8.817932307347655e-05,34957643.0,9.608133257180452e-05,44943199.0,0.00012367674472182989
2026-09-11,12:20:25,309.241,25.0,5004608.0,7.005473853740841e-05,14988780.0,7.205299194157123e-05,24973748.0,8.817932307347655e-05,34957640.0,9.607148747146129e-05,44943193.0,0.00012367674472182989
2026-09-11,12:20:34,318.991,25.0,5004608.0,7.005473853740841e-05,14988779.0,7.189589223079383e-05,24973748.0,8.832231768593192e-05,34957638.0,9.607148747146129e-05,44943191.0,0.00012368708422780036
2026-09-11,12:20:44,328.592,25.0,5004608.0,7.005473853740841e-05,14988778.0,7.196392288990319e-05,24973747.0,8.832231768593192e-05,34957636.0,9.607148747146129e-05,44943189.0,0.00012368708422780036
2026-09-11,12:20:54,338.391,25.0,5004607.0,6.993242255970836e-05,14988777.0,7.196392288990319e-05,24973745.0,8.832231768593192e-05,34957634.0,9.623689757287503e-05,44943185.0,0.00012366936457157136
2026-09-11,12:21:03,347.991,25.0,5004607.0,6.993242255970836e-05,14988777.0,7.221033338271082e-05,24973743.0,8.850213228538633e-05,34957632.0,9.631774913519621e-05,44943184.0,0.0001234194015264511
2026-09-11,12:21:13,357.59,25.0,5004607.0,6.996929931268096e-05,14988776.0,7.221033338271082e-05,24973742.0,8.850213228538633e-05,34957630.0,9.631774913519621e-05,44943181.0,0.0001234194015264511
2026-09-11,12:21:53,397.185,25.0,5004606.0,7.12788194231689e-05,14988773.0,7.214625461958348e-05,24973737.0,8.852340930327773e-05,34957622.0,9.620987206697464e-05,44943172.0,0.00012354583885520697
2026-09-11,12:22:06,410.574,25.0,5004606.0,7.12788194231689e-05,14988772.0,7.214625461958348e-05,24973736.0,8.852674567699433e-05,34957621.0,9.632443273067475e-05,44943169.0,0.00012342319429665803
2026-09-11,12:22:06,410.575,25.0,5004606.0,7.12788194231689e-05,14988772.0,7.214625461958348e-05,24973736.0,8.852674567699433e-05,34957621.0,9.632443273067475e-05,44943169.0,0.00012342319429665803
2026-09-11,12:22:06,410.576,25.0,5004606.0,7.12788194231689e-05,14988772.0,7.214625461958348e-05,24973736.0,8.852674567699433e-05,34957621.0,9.632443273067475e-05,44943169.0,0.00012342319429665803
2026-09-11,12:23:18,482.746,25.0,5004604.0,6.99242732282728e-05,14988766.0,7.217491803131998e-05,24973726.0,8.877177794277668e-05,34957609.0,9.627095896750688e-05,44943154.0,0.00012334478531777858
2026-09-11,12:23:33,497.492,25.0,5004604.0,6.99242732282728e-05,14988766.0,7.217491803131998e-05,24973726.0,8.875554413720966e-05,34957607.0,9.632196862995625e-05,44943153.0,0.0001232137363627553
2026-09-11,12:23:33,497.492,25.0,5004604.0,6.99242732282728e-05,14988766.0,7.217491803131998e-05,24973726.0,8.875554413720966e-05,34957607.0,9.632196862995625e-05,44943153.0,0.0001232137363627553
2026-09-11,12:23:33,497.492,25.0,5004604.0,6.99242732282728e-05,14988766.0,7.217491803131998e-05,24973726.0,8.875554413720966e-05,34957607.0,9.632196862995625e-05,44943153.0,0.0001232137363627553
2026-09-11,12:23:47,511.867,25.0,5004603.0,7.008505241479725e-05,14988765.0,7.211682554334402e-05,24973724.0,8.875554413720966e-05,34957606.0,9.627095896750688e-05,44943152.0,0.0001232086501419544
2026-09-11,12:23:47,511.868,25.0,5004603.0,7.008505241479725e-05,14988765.0,7.211682554334402e-05,24973724.0,8.875554413720966e-05,34957606.0,9.627095896750688e-05,44943152.0,0.0001232086501419544
2026-09-11,12:23:47,511.868,25.0,5004603.0,7.008505241479725e-05,14988765.0,7.211682554334402e-05,24973724.0,8.875554413720966e-05,34957606.0,9.627095896750688e-05,44943152.0,0.0001232086501419544
2026-09-11,12:23:47,511.868,25.0,5004603.0,7.008505241479725e-05,14988765.0,7.211682554334402e-05,24973724.0,8.875554413720966e-05,34957606.0,9.627095896750688e-05,44943152.0,0.0001232086501419544
2026-09-11,12:23:47,511.869,25.0,5004603.0,7.008505241479725e-05,14988765.0,7.211682554334402e-05,24973724.0,8.875554413720966e-05,34957606.0,9.627095896750688e-05,44943152.0,0.0001232086501419544
2026-09-11,12:23:47,511.869,25.0,5004603.0,7.008505241479725e-05,14988765.0,7.211682554334402e-05,24973724.0,8.875554413720966e-05,34957606.0,9.627095896750688e-05,44943152.0,0.0001232086501419544
2026-09-11,12:24:54,578.528,25.0,5004602.0,6.997148670069873e-05,14988762.0,7.233405355364084e-05,24973719.0,8.80208766385913e-05,34957598.0,9.645078229159117e-05,44943142.0,0.00012306393970549107
2026-09-11,12:25:04,588.241,25.0,5004602.0,6.98213018393144e-05,14988762.0,7.233405355364084e-05,24973718.0,8.857317782193423e-05,34957597.0,9.651129121333361e-05,44943142.0,0.00012294513431936502
2026-09-11,12:25:13,597.789,25.0,5004602.0,6.98213018393144e-05,14988761.0,7.229483687318861e-05,24973717.0,8.806252970919012e-05,34957596.0,9.66343480721116e-05,44943140.0,0.0001228580808490515
2026-09-11,12:25:23,607.407,25.0,5004602.0,6.98213018393144e-05,14988761.0,7.229483687318861e-05,24973717.0,8.870368936657906e-05,34957595.0,9.66343480721116e-05,44943139.0,0.0001228580808490515
2026-09-11,12:25:33,617.075,25.0,5004602.0,6.978756448160857e-05,14988760.0,7.229483687318861e-05,24973716.0,8.86236122623086e-05,34957594.0,9.678342381864786e-05,44943137.0,0.0001228497855514288
2026-09-11,12:25:42,626.641,25.0,5004602.0,6.977191132772714e-05,14988760.0,7.209133327938616e-05,24973716.0,8.870368936657906e-05,34957594.0,9.64026074334979e-05,44943137.0,0.0001228497855514288
2026-09-11,12:25:52,636.315,25.0,5004601.0,6.977191132772714e-05,14988759.0,7.207636227831244e-05,24973715.0,8.86236122623086e-05,34957592.0,9.656376465409994e-05,44943136.0,0.0001228497855514288
2026-09-11,12:26:01,645.863,25.0,5004601.0,6.97425560131669e-05,14988759.0,7.190276153385639e-05,24973714.0,8.857311428710819e-05,34957592.0,9.584068372845649e-05,44943136.0,0.00012287413855642082
2026-09-11,12:26:11,655.429,25.0,5004601.0,6.972393961809576e-05,14988759.0,7.190276153385639e-05,24973714.0,8.857311428710819e-05,34957591.0,9.656376465409994e-05,44943133.0,0.00012287413855642082
2026-09-11,12:26:21,665.065,25.0,5004601.0,6.966248994041235e-05,14988758.0,7.235158402845263e-05,24973713.0,8.83147357366979e-05,34957590.0,9.597581841796636e-05,44943133.0,0.00012285567323118448
2026-09-11,12:26:30,674.713,25.0,5004601.0,6.966248994041235e-05,14988758.0,7.235158402845263e-05,24973713.0,8.833407383039594e-05,34957590.0,9.65324903652072e-05,44943132.0,0.0001226847697943449
2026-09-11,12:26:40,684.362,25.0,5004601.0,6.967325598280877e-05,14988758.0,7.210294497385621e-05,24973713.0,8.833407383039594e-05,34957589.0,9.65324903652072e-05,44943132.0,0.00012268015552312136
2026-09-11,12:26:49,693.862,25.0,5004601.0,6.969932064414024e-05,14988758.0,7.186261788383127e-05,24973711.0,8.833407383039594e-05,34957588.0,9.66345813497901e-05,44943131.0,0.00012268015552312136
2026-09-11,12:26:59,703.563,25.0,5004601.0,6.97352832891047e-05,14988757.0,7.186261788383127e-05,24973711.0,8.806582465395331e-05,34957587.0,9.693897675722838e-05,44943130.0,0.0001227520575672388
2026-09-11,12:27:09,713.212,25.0,5004601.0,6.974117708392441e-05,14988757.0,7.180640958435833e-05,24973711.0,8.806582465395331e-05,34957587.0,9.705438828468322e-05,44943129.0,0.0001227520575672388
2026-09-11,12:27:18,722.864,25.0,5004601.0,6.97430842705071e-05,14988757.0,7.180640958435833e-05,24973710.0,8.845690151304006e-05,34957585.0,9.705438828468322e-05,44943127.0,0.0001227520575672388
2026-09-11,12:27:28,732.411,25.0,5004601.0,6.975736499391496e-05,14988757.0,7.180640958435833e-05,24973710.0,8.845690151304006e-05,34957585.0,9.705702690035105e-05,44943127.0,0.00012269809766858817
2026-09-11,12:27:38,742.113,25.0,5004600.0,6.981609268765896e-05,14988756.0,7.181878413446248e-05,24973710.0,8.845690151304006e-05,34957585.0,9.705702690035105e-05,44943126.0,0.0001224922972470522
2026-09-11,12:27:47,751.912,25.0,5004600.0,6.975736499391496e-05,14988756.0,7.168873654119671e-05,24973708.0,8.829916349425912e-05,34957584.0,9.705702690035105e-05,44943126.0,0.00012248077105730772
2026-09-11,12:27:57,761.512,25.0,5004600.0,6.996044942736625e-05,14988756.0,7.181878413446248e-05,24973708.0,8.832561032101511e-05,34957583.0,9.647111147642136e-05,44943125.0,0.00012247414387017488
2026-09-11,12:28:07,771.112,25.0,5004600.0,6.990314019098878e-05,14988756.0,7.182817188464105e-05,24973708.0,8.832561032101511e-05,34957582.0,9.647111147642136e-05,44943125.0,0.00012248077105730772
2026-09-11,12:28:16,780.76,25.0,5004600.0,6.990314019098878e-05,14988755.0,7.182817188464105e-05,24973707.0,8.832561032101511e-05,34957582.0,9.630846053361893e-05,44943124.0,0.00012251574774086477
2026-09-11,12:28:27,791.197,25.0,5004600.0,6.98963506752625e-05,14988755.0,7.200197011232376e-05,24973706.0,8.845797190070152e-05,34957581.0,9.727292146533727e-05,44943122.0,0.00012255677677690984
2026-09-11,12:28:36,800.361,25.0,5004600.0,6.986772913392633e-05,14988755.0,7.218840566463769e-05,24973706.0,8.845797190070152e-05,34957581.0,9.630846053361893e-05,44943122.0,0.00012255677677690984
2026-09-11,12:28:45,809.736,25.0,5004600.0,6.986569127906114e-05,14988754.0,7.218840566463769e-05,24973706.0,8.845797190070152e-05,34957580.0,9.724072053283453e-05,44943122.0,0.00012249799063801767
2026-09-11,12:28:55,819.525,25.0,5004600.0,6.970693322643638e-05,14988754.0,7.220825679600239e-05,24973706.0,8.849765375256538e-05,34957580.0,9.70337028503418e-05,44943121.0,0.00012230754711478947
2026-09-11,12:29:07,831.361,25.0,5004600.0,6.986569127906114e-05,14988754.0,7.213732801377774e-05,24973706.0,8.828903722763061e-05,34957579.0,9.70337028503418e-05,44943120.0,0.00012230754711478947
2026-09-11,12:29:07,831.362,25.0,5004600.0,6.986569127906114e-05,14988754.0,7.213732801377774e-05,24973706.0,8.828903722763061e-05,34957579.0,9.70337028503418e-05,44943120.0,0.00012230754711478947
2026-09-11,12:29:24,848.58,25.0,5004600.0,6.988722880743444e-05,14988754.0,7.189039926975966e-05,24973705.0,8.850431973487138e-05,34957578.0,9.585656284540891e-05,44943119.0,0.000122441409021616
2026-09-11,12:29:34,858.681,25.0,5004600.0,6.97183451699093e-05,14988753.0,7.189039926975966e-05,24973704.0,8.85272926054895e-05,34957577.0,9.602594076097012e-05,44943118.0,0.00012266574370115995
2026-09-11,12:29:46,870.381,25.0,5004600.0,6.966575291752815e-05,14988753.0,7.189039926975966e-05,24973704.0,8.85272926054895e-05,34957577.0,9.602594076097012e-05,44943118.0,0.0001222958887219429
2026-09-11,12:29:46,870.382,25.0,5004600.0,6.966575291752815e-05,14988753.0,7.189039926975966e-05,24973704.0,8.85272926054895e-05,34957577.0,9.602594076097012e-05,44943118.0,0.0001222958887219429
2026-09-11,12:30:30,914.727,25.0,5004599.0,6.979026501160115e-05,14988752.0,7.173927097022533e-05,24973702.0,8.857557755336166e-05,34957575.0,9.684997379779816e-05,44943115.0,0.00012253733707219363
2026-09-11,12:30:41,925.143,25.0,5004599.0,6.979026501160115e-05,14988752.0,7.176257967017591e-05,24973702.0,8.853969294205308e-05,34957575.0,9.655698322504759e-05,44943115.0,0.0001225920451208949
2026-09-11,12:30:51,935.46,25.0,5004599.0,6.970353021286428e-05,14988752.0,7.17830547709018e-05,24973702.0,8.883801293373108e-05,34957574.0,9.673135355859995e-05,44943114.0,0.00012253733707219363
2026-09-11,12:31:00,944.312,25.0,5004599.0,6.958846446499229e-05,14988752.0,7.176257967017591e-05,24973702.0,8.853969294205308e-05,34957573.0,9.673135355859995e-05,44943113.0,0.00012258736165612937
2026-09-11,12:31:10,954.347,25.0,5004599.0,6.958846446499229e-05,14988752.0,7.167297985963523e-05,24973701.0,8.865964409708977e-05,34957573.0,9.686173893511295e-05,44943113.0,0.000122221758402884
2026-09-11,12:31:19,963.582,25.0,5004599.0,6.979398161079734e-05,14988752.0,7.167297985963523e-05,24973702.0,8.783471398800611e-05,34957573.0,9.690598480403423e-05,44943113.0,0.0001224079451262951
2026-09-11,12:31:29,973.28,25.0,5004599.0,6.979398161079734e-05,14988752.0,7.167297985963523e-05,24973701.0,8.793407056853175e-05,34957572.0,9.708897465467453e-05,44943112.0,0.0001224079451262951
2026-09-11,12:31:40,984.881,25.0,5004599.0,6.975193434022367e-05,14988751.0,7.167157413251699e-05,24973701.0,8.793407056853175e-05,34957572.0,9.708897465467453e-05,44943111.0,0.00012254223331063986
2026-09-11,12:31:40,984.882,25.0,5004599.0,6.975193434022367e-05,14988751.0,7.167157413251699e-05,24973701.0,8.793407056853175e-05,34957572.0,9.708897465467453e-05,44943111.0,0.00012254223331063986
2026-09-11,12:31:54,998.39,25.0,5004599.0,6.975193434022367e-05,14988751.0,7.165274889022111e-05,24973700.0,8.864743079617619e-05,34957571.0,9.687669924646616e-05,44943111.0,0.0001226114160194993
2026-09-11,12:31:54,998.392,25.0,5004599.0,6.975193434022367e-05,14988751.0,7.165274889022111e-05,24973700.0,8.864743079617619e-05,34957571.0,9.687669924646616e-05,44943111.0,0.0001226114160194993
2026-09-11,12:31:54,998.392,25.0,5004599.0,6.975193434022367e-05,14988751.0,7.165274889022111e-05,24973700.0,8.864743079617619e-05,34957571.0,9.687669924646616e-05,44943111.0,0.0001226114160194993
2026-09-11,12:31:54,998.394,25.0,5004599.0,6.975193434022367e-05,14988751.0,7.165274889022111e-05,24973700.0,8.864743079617619e-05,34957571.0,9.687669924646616e-05,44943111.0,0.0001226114160194993
2026-09-11,12:32:06,1010.84,25.0,5004599.0,6.976300239842386e-05,14988751.0,7.15641563013196e-05,24973699.0,8.862560589239001e-05,34957571.0,9.697518410533666e-05,44943110.0,0.0001226114160194993
2026-09-11,12:32:28,1032.638,25.0,5004598.0,6.974845391791314e-05,14988750.0,7.173398539796472e-05,24973699.0,8.862560589239001e-05,34957570.0,9.738607785105705e-05,44943109.0,0.00012259231025725604
2026-09-11,12:32:28,1032.639,25.0,5004598.0,6.974845391791314e-05,14988750.0,7.173398539796472e-05,24973699.0,8.862560589239001e-05,34957570.0,9.738607785105705e-05,44943109.0,0.00012259231025725604
2026-09-11,12:32:46,1050.096,25.0,5004598.0,6.967776674684137e-05,14988750.0,7.173907198756933e-05,24973698.0,8.837451899796725e-05,34957569.0,9.70239697471261e-05,44943107.0,0.00012230447525531053
2026-09-11,12:33:03,1067.495,25.0,5004598.0,6.957887927535922e-05,14988750.0,7.173241860978305e-05,24973698.0,8.837451899796725e-05,34957569.0,9.690270677953959e-05,44943107.0,0.00012211393240839244
2026-09-11,12:33:03,1067.496,25.0,5004598.0,6.957887927535922e-05,14988750.0,7.173241860978305e-05,24973698.0,8.837451899796725e-05,34957569.0,9.690270677953959e-05,44943107.0,0.00012211393240839244
2026-09-11,12:33:03,1067.497,25.0,5004598.0,6.957887927535922e-05,14988750.0,7.173241860978305e-05,24973698.0,8.837451899796725e-05,34957569.0,9.690270677953959e-05,44943107.0,0.00012211393240839244
2026-09-11,12:33:03,1067.499,25.0,5004598.0,6.957887927535922e-05,14988750.0,7.173241860978305e-05,24973698.0,8.837451899796725e-05,34957569.0,9.690270677953959e-05,44943107.0,0.00012211393240839244
2026-09-11,12:33:03,1067.5,25.0,5004598.0,6.957887927535922e-05,14988750.0,7.173241860978305e-05,24973698.0,8.837451899796725e-05,34957569.0,9.690270677953959e-05,44943107.0,0.00012211393240839244
2026-09-11,12:33:13,1077.773,25.0,5004598.0,6.957887927535922e-05,14988750.0,7.174961049482226e-05,24973698.0,8.76010378524661e-05,34957569.0,9.70239697471261e-05,44943107.0,0.00012211393240839244
2026-09-11,12:33:13,1077.774,25.0,5004598.0,6.957887927535922e-05,14988750.0,7.174961049482226e-05,24973698.0,8.76010378524661e-05,34957569.0,9.70239697471261e-05,44943107.0,0.00012211393240839244
2026-09-11,12:33:13,1077.776,25.0,5004598.0,6.957887927535922e-05,14988750.0,7.174961049482226e-05,24973698.0,8.76010378524661e-05,34957569.0,9.70239697471261e-05,44943107.0,0.00012211393240839244
2026-09-11,12:33:13,1077.776,25.0,5004598.0,6.957887927535922e-05,14988750.0,7.174961049482226e-05,24973698.0,8.76010378524661e-05,34957569.0,9.70239697471261e-05,44943107.0,0.00012211393240839244
2026-09-11,12:33:13,1077.776,25.0,5004598.0,6.957887927535922e-05,14988750.0,7.174961049482226e-05,24973698.0,8.76010378524661e-05,34957569.0,9.70239697471261e-05,44943107.0,0.00012211393240839244
2026-09-11,12:33:13,1077.777,25.0,5004598.0,6.957887927535922e-05,14988750.0,7.174961049482226e-05,24973698.0,8.76010378524661e-05,34957569.0,9.70239697471261e-05,44943107.0,0.00012211393240839244
2026-09-11,12:33:51,1115.897,25.0,5004599.0,6.978947440814227e-05,14988749.0,7.17563672605902e-05,24973697.0,8.817160557210446e-05,34957567.0,9.705067218095064e-05,44943106.0,0.0001221354646384716
2026-09-11,12:34:01,1125.168,25.0,5004598.0,6.959493800066412e-05,14988749.0,7.17563672605902e-05,24973697.0,8.817160557210446e-05,34957566.0,9.705067218095064e-05,44943106.0,0.0001221781372576952
2026-09-11,12:34:15,1139.996,25.0,5004598.0,6.959493800066412e-05,14988749.0,7.157695399783552e-05,24973697.0,8.896469564363361e-05,34957566.0,9.697736156731843e-05,44943106.0,0.0001221781372576952
2026-09-11,12:34:15,1140.016,25.0,5004598.0,6.959493800066412e-05,14988749.0,7.157695399783552e-05,24973697.0,8.896469564363361e-05,34957566.0,9.697736156731843e-05,44943106.0,0.0001221781372576952
2026-09-11,12:34:16,1140.037,25.0,5004598.0,6.959493800066412e-05,14988749.0,7.157695399783552e-05,24973697.0,8.896469564363361e-05,34957566.0,9.697736156731843e-05,44943106.0,0.0001221781372576952
2026-09-11,12:34:20,1144.921,25.0,5004598.0,6.973700733110309e-05,14988749.0,7.186035114526749e-05,24973696.0,8.932255655154585e-05,34957566.0,9.697736156731843e-05,44943105.0,0.0001221781372576952
2026-09-11,12:34:30,1154.123,25.0,5004598.0,6.973700733110309e-05,14988749.0,7.189808694273233e-05,24973696.0,8.896469564363361e-05,34957566.0,9.6950534068048e-05,44943104.0,0.00012215677768737077
2026-09-11,12:34:39,1163.697,25.0,5004598.0,6.971365149132908e-05,14988749.0,7.189808694273233e-05,24973696.0,8.90403033234179e-05,34957566.0,9.741929771006107e-05,44943104.0,0.00012215677768737077
2026-09-11,12:34:48,1172.639,25.0,5004598.0,6.962086356058716e-05,14988749.0,7.144647805579007e-05,24973696.0,8.881487540528179e-05,34957566.0,9.636165921390057e-05,44943103.0,0.00012215677768737077
2026-09-11,12:35:27,1211.033,25.0,5004598.0,7.300372024159879e-05,14988749.0,7.161350171640515e-05,24973696.0,8.904262786731124e-05,34957565.0,9.700202587991952e-05,44943104.0,0.0001221387735903263
2026-09-11,12:35:36,1220.525,25.0,5004598.0,6.951954296790063e-05,14988748.0,7.144053173810244e-05,24973696.0,8.902433002367616e-05,34957564.0,9.700202587991952e-05,44943103.0,0.0001221387735903263
2026-09-11,12:35:46,1230.315,25.0,5004598.0,6.951653832476586e-05,14988748.0,7.144053173810244e-05,24973695.0,8.902433002367616e-05,34957564.0,9.761521384865045e-05,44943103.0,0.00012214261601120233
2026-09-11,12:35:56,1240.484,25.0,5004598.0,6.951954296790063e-05,14988748.0,7.150673239305616e-05,24973695.0,8.896664306893945e-05,34957564.0,9.761521384865045e-05,44943103.0,0.00012214261601120233
2026-09-11,12:36:05,1249.98,25.0,5004598.0,6.963316792994738e-05,14988748.0,7.150827976316213e-05,24973695.0,8.90314107388258e-05,34957564.0,9.810244181007147e-05,44943103.0,0.00012202733461558818
2026-09-11,12:36:15,1259.675,25.0,5004598.0,6.97399961957708e-05,14988748.0,7.154570309817791e-05,24973695.0,8.896664306893945e-05,34957564.0,9.797244568169117e-05,44943103.0,0.00012198316933959722
2026-09-11,12:36:25,1269.711,25.0,5004598.0,6.963316792994738e-05,14988748.0,7.168980019912124e-05,24973695.0,8.9188916310668e-05,34957564.0,9.797244568169117e-05,44943103.0,0.00012184341455250978
2026-09-11,12:36:33,1277.991,25.0,5004598.0,6.968176419753582e-05,14988748.0,7.168980019912124e-05,24973695.0,8.887543641403317e-05,34957565.0,9.73945947214961e-05,44943103.0,0.00012184341455250978
2026-09-11,12:36:56,1300.17,25.0,5004598.0,6.968176419753582e-05,14988748.0,7.147050280123949e-05,24973694.0,8.86416345499456e-05,34957563.0,9.771088329702616e-05,44943102.0,0.00012201420129090548
2026-09-11,12:36:56,1300.171,25.0,5004598.0,6.968176419753582e-05,14988748.0,7.147050280123949e-05,24973694.0,8.86416345499456e-05,34957563.0,9.771088329702616e-05,44943102.0,0.00012201420129090548
2026-09-11,12:37:04,1308.193,25.0,5004598.0,6.966895932797342e-05,14988748.0,7.14564142357558e-05,24973695.0,8.86416345499456e-05,34957563.0,9.771088329702616e-05,44943101.0,0.0001221214403808117
2026-09-11,12:37:13,1317.418,25.0,5004598.0,6.97107512978837e-05,14988748.0,7.147800861857831e-05,24973695.0,8.86298231035471e-05,34957563.0,9.757649943232536e-05,44943101.0,0.0001221214403808117
2026-09-11,12:37:21,1325.709,25.0,5004598.0,6.966895932797342e-05,14988748.0,7.178728070296347e-05,24973695.0,8.881411863490938e-05,34957563.0,9.757649943232536e-05,44943102.0,0.00012199451130628586
2026-09-11,12:37:31,1335.766,25.0,5004598.0,6.962476152554154e-05,14988748.0,7.178728070296347e-05,24973694.0,8.890508852899074e-05,34957563.0,9.751497279107571e-05,44943102.0,0.00012197641310840846
2026-09-11,12:37:48,1352.867,25.0,5004598.0,6.962476152554154e-05,14988748.0,7.177637376263738e-05,24973694.0,8.890508852899074e-05,34957563.0,9.811285115778446e-05,44943102.0,0.0001219199696034193
2026-09-11,12:37:48,1352.867,25.0,5004598.0,6.962476152554154e-05,14988748.0,7.177637376263738e-05,24973694.0,8.890508852899074e-05,34957563.0,9.811285115778446e-05,44943102.0,0.0001219199696034193
2026-09-11,12:37:48,1352.868,25.0,5004598.0,6.962476152554154e-05,14988748.0,7.177637376263738e-05,24973694.0,8.890508852899074e-05,34957563.0,9.811285115778446e-05,44943102.0,0.0001219199696034193
2026-09-11,12:37:48,1352.868,25.0,5004598.0,6.962476152554154e-05,14988748.0,7.177637376263738e-05,24973694.0,8.890508852899074e-05,34957563.0,9.811285115778446e-05,44943102.0,0.0001219199696034193
2026-09-11,12:37:48,1352.868,25.0,5004598.0,6.962476152554154e-05,14988748.0,7.177637376263738e-05,24973694.0,8.890508852899074e-05,34957563.0,9.811285115778446e-05,44943102.0,0.0001219199696034193
2026-09-11,12:37:54,1358.35,25.0,5004598.0,6.95413861554116e-05,14988748.0,7.17190299667418e-05,24973694.0,8.890508852899074e-05,34957563.0,9.680293630063534e-05,44943102.0,0.00012197641310840846
2026-09-11,12:37:54,1358.351,25.0,5004598.0,6.95413861554116e-05,14988748.0,7.17190299667418e-05,24973694.0,8.890508852899074e-05,34957563.0,9.680293630063534e-05,44943102.0,0.00012197641310840846
2026-09-11,12:37:54,1358.351,25.0,5004598.0,6.95413861554116e-05,14988748.0,7.17190299667418e-05,24973694.0,8.890508852899074e-05,34957563.0,9.680293630063534e-05,44943102.0,0.00012197641310840846
2026-09-11,12:38:28,1392.31,25.0,5004598.0,6.995173176657409e-05,14988748.0,7.165249472856521e-05,24973695.0,8.799114122986793e-05,34957563.0,9.722642891854048e-05,44943103.0,0.00012209651268273592
2026-09-11,12:38:37,1401.824,25.0,5004598.0,6.994193484913558e-05,14988748.0,7.165249472856521e-05,24973695.0,8.799114122986793e-05,34957562.0,9.758213686943055e-05,44943103.0,0.00012213656254857777
2026-09-11,12:38:48,1412.352,25.0,5004598.0,6.958914095629007e-05,14988748.0,7.165249472856521e-05,24973694.0,8.89793966896832e-05,34957562.0,9.758213686943055e-05,44943103.0,0.00012225334506481885
2026-09-11,12:38:56,1420.935,25.0,5004598.0,6.958914095629007e-05,14988748.0,7.156387104652822e-05,24973694.0,8.89793966896832e-05,34957562.0,9.758213686943055e-05,44943102.0,0.00012225334506481885
2026-09-11,12:39:07,1431.374,25.0,5004598.0,6.958914095629007e-05,14988748.0,7.140393716283142e-05,24973694.0,8.89793966896832e-05,34957562.0,9.736688520759344e-05,44943102.0,0.00012206884486228228
2026-09-11,12:39:19,1443.518,25.0,5004598.0,6.960500595532358e-05,14988748.0,7.156387104652822e-05,24973694.0,8.870787216722965e-05,34957562.0,9.736688520759344e-05,44943102.0,0.00012194315364956855
2026-09-11,12:39:19,1443.518,25.0,5004598.0,6.960500595532358e-05,14988748.0,7.156387104652822e-05,24973694.0,8.870787216722965e-05,34957562.0,9.736688520759344e-05,44943102.0,0.00012194315364956855
2026-09-11,12:39:25,1449.529,25.0,5004598.0,6.959242288488895e-05,14988748.0,7.171935673430562e-05,24973694.0,8.878867700695991e-05,34957562.0,9.736688520759344e-05,44943102.0,0.00012184909679740667
2026-09-11,12:39:36,1460.24,25.0,5004598.0,6.960500595532358e-05,14988748.0,7.182249406911433e-05,24973695.0,8.861901243031025e-05,34957562.0,9.775172588974238e-05,44943102.0,0.00012160314463824034
2026-09-11,12:39:44,1468.991,25.0,5004598.0,6.978405228629709e-05,14988748.0,7.194896051101386e-05,24973695.0,8.861198802292347e-05,34957564.0,9.775172588974238e-05,44943101.0,0.00012160314463824034
2026-09-11,12:39:55,1479.263,25.0,5004598.0,6.978405228629709e-05,14988748.0,7.194896051101386e-05,24973695.0,8.861198802292347e-05,34957562.0,9.775172588974238e-05,44943101.0,0.00012191839798539877
2026-09-11,12:40:13,1497.628,25.0,5004598.0,6.978488543909044e-05,14988748.0,7.18332231529057e-05,24973695.0,8.873633906617761e-05,34957562.0,9.703415696322918e-05,44943102.0,0.00012194454748183489
2026-09-11,12:40:13,1497.628,25.0,5004598.0,6.978488543909044e-05,14988748.0,7.18332231529057e-05,24973695.0,8.873633906617761e-05,34957562.0,9.703415696322918e-05,44943102.0,0.00012194454748183489
2026-09-11,12:40:13,1497.629,25.0,5004598.0,6.978488543909044e-05,14988748.0,7.18332231529057e-05,24973695.0,8.873633906617761e-05,34957562.0,9.703415696322918e-05,44943102.0,0.00012194454748183489
2026-09-11,12:40:13,1497.629,25.0,5004598.0,6.978488543909044e-05,14988748.0,7.18332231529057e-05,24973695.0,8.873633906617761e-05,34957562.0,9.703415696322918e-05,44943102.0,0.00012194454748183489
2026-09-11,12:40:13,1497.63,25.0,5004598.0,6.978488543909044e-05,14988748.0,7.18332231529057e-05,24973695.0,8.873633906617761e-05,34957562.0,9.703415696322918e-05,44943102.0,0.00012194454748183489
2026-09-11,12:40:13,1497.63,25.0,5004598.0,6.978488543909044e-05,14988748.0,7.18332231529057e-05,24973695.0,8.873633906617761e-05,34957562.0,9.703415696322918e-05,44943102.0,0.00012194454748183489
2026-09-11,12:40:23,1507.397,25.0,5004598.0,6.951236457191407e-05,14988748.0,7.143502498418093e-05,24973695.0,8.873633906617761e-05,34957562.0,9.76195196211338e-05,44943102.0,0.00012188843835145235
2026-09-11,12:40:32,1516.947,25.0,5004598.0,6.951236457191407e-05,14988748.0,7.135559211857617e-05,24973694.0,8.866096374019981e-05,34957562.0,9.76195196211338e-05,44943102.0,0.00012188843835145235
2026-09-11,12:40:42,1526.195,25.0,5004598.0,6.949413025192917e-05,14988748.0,7.147728074714541e-05,24973694.0,8.866096374019981e-05,34957562.0,9.771007720381021e-05,44943102.0,0.00012196079178899527
2026-09-11,12:40:52,1536.477,25.0,5004598.0,6.95302376942709e-05,14988748.0,7.147728074714541e-05,24973694.0,8.897238250076771e-05,34957562.0,9.765134968608618e-05,44943101.0,0.00012200970504432917
2026-09-11,12:41:01,1545.307,25.0,5004598.0,6.95302376942709e-05,14988748.0,7.157317880541087e-05,24973694.0,8.897238250076771e-05,34957562.0,9.765134968608618e-05,44943101.0,0.00012200970504432917
2026-09-11,12:41:10,1554.936,25.0,5004598.0,6.984374431986361e-05,14988748.0,7.168457485735417e-05,24973694.0,8.881517926231026e-05,34957561.0,9.753782924264669e-05,44943101.0,0.00012200970504432917
2026-09-11,12:41:20,1564.206,25.0,5004598.0,6.984374431986361e-05,14988748.0,7.218084493651986e-05,24973695.0,8.838547965884209e-05,34957561.0,9.739143235236406e-05,44943101.0,0.00012198412464559078
2026-09-11,12:41:48,1592.105,25.0,5004598.0,6.950941749941557e-05,14988748.0,7.164942512847483e-05,24973694.0,8.8772080861032e-05,34957561.0,9.739143235236406e-05,44943101.0,0.00012206054522097111
2026-09-11,12:41:48,1592.106,25.0,5004598.0,6.950941749941557e-05,14988748.0,7.164942512847483e-05,24973694.0,8.8772080861032e-05,34957561.0,9.739143235236406e-05,44943101.0,0.00012206054522097111
2026-09-11,12:41:48,1592.106,25.0,5004598.0,6.950941749941557e-05,14988748.0,7.164942512847483e-05,24973694.0,8.8772080861032e-05,34957561.0,9.739143235236406e-05,44943101.0,0.00012206054522097111
2026-09-11,12:41:48,1592.106,25.0,5004598.0,6.950941749941557e-05,14988748.0,7.164942512847483e-05,24973694.0,8.8772080861032e-05,34957561.0,9.739143235236406e-05,44943101.0,0.00012206054522097111
2026-09-11,12:41:48,1592.107,25.0,5004598.0,6.950941749941557e-05,14988748.0,7.164942512847483e-05,24973694.0,8.8772080861032e-05,34957561.0,9.739143235236406e-05,44943101.0,0.00012206054522097111
2026-09-11,12:41:49,1593.105,25.0,5004598.0,6.970785313751548e-05,14988748.0,7.160937742888927e-05,24973694.0,8.8772080861032e-05,34957561.0,9.7578686542809e-05,44943101.0,0.00012210134407132864
2026-09-11,12:43:04,1668.938,25.0,5004599.0,7.061876219138503e-05,14988747.0,7.15418905839324e-05,24973693.0,8.853424669802189e-05,34957562.0,9.69644415602088e-05,44943101.0,0.00012210558812320233
2026-09-11,12:43:15,1679.199,25.0,5004598.0,6.99671496571973e-05,14988747.0,7.194467116519809e-05,24973694.0,8.853424669802189e-05,34957563.0,9.669487892091274e-05,44943101.0,0.00012211750869452954
2026-09-11,12:43:34,1698.772,25.0,5004598.0,6.96539695309475e-05,14988747.0,7.160997211746872e-05,24973694.0,8.842840274050832e-05,34957560.0,9.824992106109858e-05,44943100.0,0.00012219432856887578
2026-09-11,12:43:53,1717.255,25.0,5004598.0,6.96539695309475e-05,14988747.0,7.147168300673366e-05,24973694.0,8.857288768142461e-05,34957559.0,9.824992106109858e-05,44943100.0,0.00012213379035145046
2026-09-11,12:44:03,1727.142,25.0,5004598.0,6.950314597226679e-05,14988747.0,7.15337776876986e-05,24973694.0,8.862757444009185e-05,34957559.0,9.824551863223314e-05,44943101.0,0.00012213379035145046
2026-09-11,12:44:12,1736.975,25.0,5004598.0,6.950314597226679e-05,14988747.0,7.15337776876986e-05,24973694.0,8.862757444009185e-05,34957559.0,9.764098932594061e-05,44943101.0,0.00012208870835602283
2026-09-11,12:44:21,1745.322,25.0,5004598.0,6.976211278792471e-05,14988747.0,7.1556273361668e-05,24973694.0,8.861161432415247e-05,34957559.0,9.764098932594061e-05,44943100.0,0.0001221821463033557
2026-09-11,12:44:30,1754.894,25.0,5004598.0,6.989780955482274e-05,14988747.0,7.183310655131936e-05,24973694.0,8.861161432415247e-05,34957559.0,9.84137999713421e-05,44943100.0,0.00012206357523053885
2026-09-11,12:44:40,1764.479,25.0,5004598.0,6.976211278792471e-05,14988747.0,7.188129271566868e-05,24973693.0,8.861161432415247e-05,34957559.0,9.84137999713421e-05,44943099.0,0.00012210293436050416
2026-09-11,12:44:49,1773.972,25.0,5004598.0,7.032295294757932e-05,14988747.0,7.188129271566868e-05,24973693.0,8.856493157148361e-05,34957559.0,9.834263791888952e-05,44943099.0,0.00012206357523053885
2026-09-11,12:44:59,1783.928,25.0,5004599.0,7.070419615879656e-05,14988747.0,7.17582792043686e-05,24973693.0,8.856493157148361e-05,34957560.0,9.760924876481294e-05,44943099.0,0.00012207922664284705
2026-09-11,12:45:09,1793.411,25.0,5004599.0,7.070419615879656e-05,14988747.0,7.17582792043686e-05,24973693.0,8.852729359641671e-05,34957560.0,9.786127985268831e-05,44943100.0,0.00012205589383095503
2026-09-11,12:45:19,1803.03,25.0,5004598.0,6.958004084136337e-05,14988747.0,7.181105054356157e-05,24973693.0,8.834591152891517e-05,34957558.0,9.786127985268831e-05,44943100.0,0.00012201705796271562
2026-09-11,12:45:28,1812.524,25.0,5004598.0,6.95185404792428e-05,14988747.0,7.181105054356157e-05,24973693.0,8.834591152891517e-05,34957558.0,9.826506390422583e-05,44943100.0,0.00012198159135878086
2026-09-11,12:45:39,1823.388,25.0,5004598.0,6.95185404792428e-05,14988747.0,7.213798052817583e-05,24973694.0,8.84492571093142e-05,34957558.0,9.863361145555973e-05,44943100.0,0.00012201705796271562
2026-09-11,12:46:06,1850.291,25.0,5004598.0,6.96551736695692e-05,14988747.0,7.15378886424005e-05,24973693.0,8.867925963550806e-05,34957557.0,9.896524241566659e-05,44943100.0,0.0001220635474845767
2026-09-11,12:46:15,1859.886,25.0,5004598.0,6.96551736695692e-05,14988747.0,7.15378886424005e-05,24973693.0,8.85243715159595e-05,34957557.0,9.809393240511417e-05,44943100.0,0.00012201509864628315
2026-09-11,12:46:25,1869.541,25.0,5004598.0,6.96551736695692e-05,14988747.0,7.174602387472987e-05,24973693.0,8.860406891256571e-05,34957558.0,9.800133526325226e-05,44943100.0,0.00012201509864628315
2026-09-11,12:46:35,1879.086,25.0,5004598.0,6.958954376168549e-05,14988747.0,7.215531556867063e-05,24973693.0,8.829235255345702e-05,34957557.0,9.800133526325226e-05,44943099.0,0.00012201509864628315
2026-09-11,12:46:44,1888.694,25.0,5004598.0,6.948626590706409e-05,14988747.0,7.221486240811646e-05,24973693.0,8.836931569129229e-05,34957557.0,9.870760400593281e-05,44943099.0,0.0001220911637097597
2026-09-11,12:46:54,1898.186,25.0,5004598.0,6.948626590706409e-05,14988746.0,7.222937617823482e-05,24973693.0,8.836931569129229e-05,34957557.0,9.874449506402016e-05,44943099.0,0.00012199471864849329
2026-09-11,12:47:03,1907.786,25.0,5004598.0,6.953655808139592e-05,14988746.0,7.222937617823482e-05,24973693.0,8.836931569129229e-05,34957557.0,9.870760400593281e-05,44943099.0,0.0001220911637097597
2026-09-11,12:47:13,1917.285,25.0,5004598.0,6.959635392948984e-05,14988747.0,7.141461851261556e-05,24973692.0,8.89453687518835e-05,34957560.0,9.619886286556721e-05,44943099.0,0.00012201778043806553
2026-09-11,12:47:22,1926.835,25.0,5004598.0,6.959635392948984e-05,14988747.0,7.141461851261556e-05,24973692.0,8.881506464257837e-05,34957560.0,9.619886286556721e-05,44943098.0,0.00012201778043806553
2026-09-11,12:47:32,1936.335,25.0,5004599.0,7.121922244969755e-05,14988747.0,7.145277738012374e-05,24973692.0,8.89453687518835e-05,34957559.0,9.807532737404108e-05,44943098.0,0.00012198727483302355
2026-09-11,12:47:41,1945.984,25.0,5004598.0,7.121922244969755e-05,14988746.0,7.197574309445918e-05,24973692.0,8.881506464257837e-05,34957558.0,9.810949762910605e-05,44943098.0,0.00012198727483302355
2026-09-11,12:47:52,1956.178,25.0,5004598.0,7.121922244969755e-05,14988747.0,7.202208442613482e-05,24973692.0,8.86918345093727e-05,34957558.0,9.844234798848628e-05,44943098.0,0.00012210696913301944
2026-09-11,12:48:01,1965.369,25.0,5004598.0,7.016652392409742e-05,14988746.0,7.202208442613482e-05,24973692.0,8.826080895587802e-05,34957556.0,9.837999538332224e-05,44943098.0,0.00012210696913301944
2026-09-11,12:48:11,1975.752,25.0,5004598.0,6.989893871918321e-05,14988747.0,7.183433216251434e-05,24973692.0,8.826080895587802e-05,34957556.0,9.867002964019776e-05,44943096.0,0.00012201791136711836
2026-09-11,12:48:21,1985.167,25.0,5004598.0,6.989893871918321e-05,14988746.0,7.183433216251434e-05,24973692.0,8.898519047349691e-05,34957555.0,9.837999538332224e-05,44943096.0,0.00012198482014238835
2026-09-11,12:48:31,1995.572,25.0,5004598.0,6.989893871918321e-05,14988746.0,7.163021870702506e-05,24973692.0,8.898519047349691e-05,34957555.0,9.812010461091996e-05,44943096.0,0.00012198482014238835
2026-09-11,12:48:39,2003.482,25.0,5004598.0,6.981114403624087e-05,14988746.0,7.163021870702506e-05,24973692.0,8.87682938799262e-05,34957555.0,9.812010461091996e-05,44943096.0,0.00012198482014238835
2026-09-11,12:49:08,2032.876,25.0,5004598.0,6.971956407558172e-05,14988746.0,7.198379841633141e-05,24973691.0,8.889815856143833e-05,34957554.0,9.772703584283591e-05,44943095.0,0.00012203921803832054
2026-09-11,12:49:18,2042.065,25.0,5004598.0,7.080711433384567e-05,14988746.0,7.144423209130764e-05,24973691.0,8.889724981039763e-05,34957554.0,9.777907587587833e-05,44943094.0,0.00012203921803832054
2026-09-11,12:49:28,2052.281,25.0,5004598.0,6.999468434974551e-05,14988746.0,7.159604190848768e-05,24973691.0,8.880325573310256e-05,34957554.0,9.840917102247476e-05,44943094.0,0.00012203921803832054
2026-09-11,12:49:56,2080.348,25.0,5004598.0,7.062989412527532e-05,14988746.0,7.173561999760568e-05,24973690.0,8.880792235583067e-05,34957553.0,9.796878848224878e-05,44943094.0,0.00012213045627623795
2026-09-11,12:50:05,2089.403,25.0,5004598.0,6.96170335561037e-05,14988746.0,7.152222975157201e-05,24973690.0,8.90312986522913e-05,34957553.0,9.768044867366552e-05,44943094.0,0.00012213045627623795
2026-09-11,12:50:14,2098.755,25.0,5004598.0,6.96170335561037e-05,14988746.0,7.173561999760568e-05,24973690.0,8.90312986522913e-05,34957553.0,9.768044867366552e-05,44943094.0,0.00012202221820503473
2026-09-11,12:50:24,2108.325,25.0,5004598.0,6.981122448202223e-05,14988745.0,7.16562132369727e-05,24973690.0,8.878120476007462e-05,34957553.0,9.80518398359418e-05,44943094.0,0.00012190053497254849
2026-09-11,12:50:33,2117.819,25.0,5004597.0,6.981122448202223e-05,14988745.0,7.16562132369727e-05,24973690.0,8.874794530496001e-05,34957552.0,9.810949946194887e-05,44943094.0,0.00012190053497254849
2026-09-11,12:50:43,2127.301,25.0,5004597.0,6.981122448202223e-05,14988745.0,7.16562132369727e-05,24973690.0,8.856340464577079e-05,34957552.0,9.810949946194887e-05,44943093.0,0.00012190053497254849
2026-09-11,12:50:52,2136.939,25.0,5004597.0,6.970546030253172e-05,14988745.0,7.13511099461466e-05,24973690.0,8.856340464577079e-05,34957552.0,9.777927395701408e-05,44943093.0,0.0001219794383123517
2026-09-11,12:51:02,2146.489,25.0,5004597.0,6.970546030253172e-05,14988745.0,7.13511099461466e-05,24973690.0,8.85953830294311e-05,34957552.0,9.777927395701408e-05,44943093.0,0.00012189785061776638
2026-09-11,12:51:12,2156.046,25.0,5004597.0,6.970546030253172e-05,14988745.0,7.13511099461466e-05,24973690.0,8.85953830294311e-05,34957551.0,9.784816658496857e-05,44943093.0,0.0001219794383123517
2026-09-11,12:51:21,2165.631,25.0,5004597.0,6.985601424984634e-05,14988745.0,7.170132296346128e-05,24973690.0,8.860539051890374e-05,34957551.0,9.816253756731748e-05,44943093.0,0.00012221513653546572
2026-09-11,12:51:31,2175.166,25.0,5004597.0,6.985601424984634e-05,14988745.0,7.170132296346128e-05,24973690.0,8.81449064835906e-05,34957551.0,9.816253756731748e-05,44943093.0,0.00012221513653546572
2026-09-11,12:51:40,2184.693,25.0,5004597.0,7.057456404436379e-05,14988745.0,7.161953858286142e-05,24973690.0,8.860539051890374e-05,34957551.0,9.807621742039919e-05,44943092.0,0.00012193970833718777
2026-09-11,12:51:50,2194.266,25.0,5004597.0,6.972634089644999e-05,14988745.0,7.156311445496976e-05,24973690.0,8.81449064835906e-05,34957551.0,9.796755135059356e-05,44943092.0,0.00012193199130147695
2026-09-11,12:51:59,2203.821,25.0,5004598.0,6.972634089644999e-05,14988745.0,7.156311445496976e-05,24973690.0,8.765088807418943e-05,34957551.0,9.777930256724357e-05,44943092.0,0.00012193970833718777
2026-09-11,12:52:09,2213.349,25.0,5004597.0,6.972633461840451e-05,14988745.0,7.157187449000776e-05,24973690.0,8.762124470621347e-05,34957551.0,9.777930256724357e-05,44943091.0,0.00012197610715776682
2026-09-11,12:52:18,2222.886,25.0,5004596.0,6.96972927376628e-05,14988745.0,7.177522639743984e-05,24973691.0,8.765088807418943e-05,34957551.0,9.777930256724357e-05,44943081.0,0.00012197610715776682
2026-09-11,12:52:28,2232.456,25.0,5004594.0,6.96972927376628e-05,14988745.0,7.32561891824007e-05,24973691.0,9.098198847845197e-05,34957545.0,9.622865774482489e-05,44943075.0,0.00012197610715776682
2026-09-11,12:52:37,2241.922,25.0,5004593.0,6.999698059912771e-05,14988740.0,7.508142274059356e-05,24973691.0,9.15611045397818e-05,34957544.0,9.622865774482489e-05,44943069.0,0.00012207319220155477
2026-09-11,12:52:47,2251.311,25.0,5003808.0,0.00045868393514025954,14988740.0,7.744809557124972e-05,24973682.0,9.241135239601136e-05,34957544.0,0.00010963530725985766,44939132.0,0.0037824133084118365
2026-09-11,12:52:56,2260.55,25.0,5003808.0,0.00046075933993794025,14986947.0,0.0008545831026565284,24971098.0,0.0013208719841465355,34954364.0,0.0022390552158877254,44939132.0,0.0037824133084118365
2026-09-11,12:53:05,2269.746,25.0,5003808.0,0.00046075933993794025,14986947.0,0.0008545831026565284,24971098.0,0.0013208719841465355,34954364.0,0.0022390552158877254,44939132.0,0.0037866321925520896
2026-09-11,12:53:14,2278.999,25.0,5003810.0,0.0004584898516107351,14986948.0,0.0008545635142587126,24971106.0,0.0013208719841465355,34954369.0,0.0022308693342357874,44939068.0,0.003890411347180605
2026-09-11,12:53:24,2288.24,25.0,5003810.0,0.0004584898516107351,14986960.0,0.0008460613560844212,24971114.0,0.0013251273957975208,34954370.0,0.002217273838125169,44939068.0,0.0039030504518300295
2026-09-11,12:53:33,2298.022,25.0,5003810.0,0.0004656189314937219,14986960.0,0.0008545635142587126,24971115.0,0.0013251273957975208,34954370.0,0.002217273838125169,44939077.0,0.0039030504518300295
2026-09-11,12:53:43,2307.36,25.0,5003810.0,0.0004656189314937219,14986958.0,0.0008421183751747012,24971120.0,0.0013246017007008195,34954378.0,0.002218502126686275,44939236.0,0.003908777248732746
2026-09-11,12:53:52,2316.599,25.0,5003810.0,0.00046744248807709663,14986958.0,0.0008492962925303728,24971120.0,0.0013235915109217167,34954378.0,0.002218502126686275,44939255.0,0.0038430353814959527
2026-09-11,12:54:01,2325.838,25.0,5003811.0,0.00046316733586601914,14986959.0,0.0008492962925303728,24971120.0,0.0013229415163137019,34954378.0,0.0022274082743003964,44939257.0,0.003842405906125903
2026-09-11,12:54:11,2335.078,25.0,5003810.0,0.00046744248807709663,14986961.0,0.0008492962925303728,24971121.0,0.0013234590718336403,34954378.0,0.0022167300514504312,44939257.0,0.003842405906125903
2026-09-11,12:54:20,2344.339,25.0,5003812.0,0.00046376434005144986,14986961.0,0.0008480681786555797,24971122.0,0.0013234590718336403,34954381.0,0.002216817322321236,44939260.0,0.003844252715446055
2026-09-11,12:54:29,2353.531,25.0,5003809.0,0.0004705528899971396,14986960.0,0.000847647291507572,24971122.0,0.0013234590718336403,34954381.0,0.002216817322321236,44939261.0,0.003844252715446055
2026-09-11,12:54:38,2362.808,25.0,5003809.0,0.0004705528899971396,14986960.0,0.0008480464904028922,24971122.0,0.001323711886793375,34954380.0,0.002216817322321236,44939262.0,0.003834395054087043
2026-09-11,12:54:48,2372.104,25.0,5003809.0,0.0004705528899971396,14986960.0,0.000847647291507572,24971125.0,0.0013233225175142288,34954380.0,0.0022131279389336705,44939261.0,0.003834395054087043
2026-09-11,12:54:57,2381.358,25.0,5003810.0,0.0004706381765138358,14986965.0,0.0008450744883976877,24971125.0,0.001324066146913916,34954381.0,0.0022120327994450927,44939261.0,0.003834395054087043
2026-09-11,12:55:06,2390.635,25.0,5003812.0,0.00046599958079401405,14986965.0,0.0008371606338974088,24971125.0,0.001324066146913916,34954383.0,0.0022108987279608845,44939261.0,0.003834051333807409
2026-09-11,12:55:15,2399.899,25.0,5003810.0,0.0004706381765138358,14986960.0,0.0008371606338974088,24971125.0,0.0013247783063314855,34954381.0,0.0022108987279608845,44939263.0,0.003834051333807409
2026-09-11,12:55:25,2409.13,25.0,5003810.0,0.00047015205076523126,14986960.0,0.000847060029009357,24971123.0,0.0013251819893084467,34954381.0,0.0022193582621365788,44939263.0,0.003834051333807409
2026-09-11,12:55:34,2418.379,25.0,5003810.0,0.0004711219651196152,14986962.0,0.0008482424033470451,24971123.0,0.0013251819893084467,34954381.0,0.0022193582621365788,44939262.0,0.0038344657900556923
2026-09-11,12:55:43,2427.619,25.0,5003810.0,0.00047015205076523126,14986962.0,0.0008482424033470451,24971124.0,0.001326065552521497,34954382.0,0.0022193582621365788,44939260.0,0.003830891047745943
2026-09-11,12:55:52,2436.935,25.0,5003810.0,0.00047086093895416705,14986962.0,0.0008462515918239951,24971125.0,0.0013242762172222138,34954383.0,0.0022166680384352803,44939260.0,0.0038334110365957023
2026-09-11,12:56:02,2446.162,25.0,5003810.0,0.00047086093895416705,14986965.0,0.0008462515918239951,24971125.0,0.0013250742067284881,34954383.0,0.0022166321877390145,44939260.0,0.0038334110365957023
2026-09-11,12:56:11,2455.52,25.0,5003810.0,0.00047086093895416705,14986967.0,0.0008454771901294589,24971125.0,0.0013250742067284881,34954384.0,0.0022141362391114236,44939263.0,0.0038342963380515577
2026-09-11,12:56:20,2464.692,25.0,5003812.0,0.0004663493732428178,14986965.0,0.0008523936748355627,24971125.0,0.0013250742067284881,34954385.0,0.0022141362391114236,44939263.0,0.0038342963380515577
2026-09-11,12:56:29,2473.946,25.0,5003812.0,0.0004663493732428178,14986964.0,0.000848538878602907,24971126.0,0.0013240448741242289,34954385.0,0.002210478301562369,44939262.0,0.0038342963380515577
2026-09-11,12:56:39,2483.22,25.0,5003812.0,0.00046552543933596463,14986963.0,0.000848538878602907,24971126.0,0.0013240448741242289,34954384.0,0.002210478301562369,44939262.0,0.0038296778743714096
2026-09-11,12:56:48,2492.496,25.0,5003810.0,0.00046706705019250515,14986963.0,0.000848538878602907,24971125.0,0.0013243423468954861,34954383.0,0.002210478301562369,44939261.0,0.0038344476997703315
2026-09-11,12:56:57,2501.769,25.0,5003809.0,0.0004720408774679527,14986963.0,0.0008480141756236553,24971124.0,0.0013262112072221935,34954382.0,0.0022154195327833293,44939262.0,0.0038330098538026216
2026-09-11,12:57:06,2511.012,25.0,5003809.0,0.00047712684200052174,14986967.0,0.0008480141756236553,24971123.0,0.0013262112072221935,34954383.0,0.0022071913730129598,44939263.0,0.0038330098538026216
2026-09-11,12:57:16,2520.333,25.0,5003806.0,0.00048213942229561506,14986967.0,0.0008467646463420242,24971122.0,0.0013284653775803745,34954383.0,0.00221815909755975,44939266.0,0.0038330098538026216
2026-09-11,12:57:25,2529.59,25.0,5003806.0,0.00048213942229561506,14986967.0,0.0008443928267285228,24971123.0,0.0013249128168262541,34954385.0,0.0022086830279678107,44939266.0,0.003833220460578799
2026-09-11,12:57:34,2538.874,25.0,5003812.0,0.00046568483935855327,14986966.0,0.0008467646463420242,24971127.0,0.0013249128168262541,34954385.0,0.0022086830279678107,44939265.0,0.003833220460578799
2026-09-11,12:57:44,2548.188,25.0,5003812.0,0.0004642806900572032,14986967.0,0.0008530297952257097,24971128.0,0.001324728121779859,34954385.0,0.0022086830279678107,44939265.0,0.0038326251921504736
2026-09-11,12:57:53,2557.462,25.0,5003813.0,0.0004642806900572032,14986967.0,0.0008530297952257097,24971129.0,0.0013235787891075015,34954386.0,0.002207329345062375,44939266.0,0.003831461173735559
2026-09-11,12:58:02,2566.784,25.0,5003813.0,0.0004642806900572032,14986967.0,0.0008465920231081546,24971129.0,0.0013212907612137497,34954387.0,0.0022097672363221646,44939267.0,0.003831344505622983
2026-09-11,12:58:12,2576.08,25.0,5003809.0,0.0004747719460632652,14986964.0,0.0008465920231081546,24971129.0,0.0013212907612137497,34954387.0,0.0022097672363221646,44939267.0,0.003831344505622983
2026-09-11,12:58:21,2585.352,25.0,5003808.0,0.0004761104854932055,14986962.0,0.0008498008421435953,24971126.0,0.0013285432544127107,34954387.0,0.0022101030409932138,44939267.0,0.003831344505622983
2026-09-11,12:58:30,2594.609,25.0,5003809.0,0.0004747719460632652,14986962.0,0.0008498008421435953,24971126.0,0.0013285432544127107,34954386.0,0.002214310103736818,44939268.0,0.003829428613677621
2026-09-11,12:58:39,2603.921,25.0,5003809.0,0.00047624610431771727,14986969.0,0.0008461669004410506,24971128.0,0.001323140216831118,34954386.0,0.002214310103736818,44939266.0,0.0038290449344217776
2026-09-11,12:58:49,2613.235,25.0,5003809.0,0.00047598797022737564,14986969.0,0.0008461669004410506,24971129.0,0.0013213659634888173,34954389.0,0.0022143008108586075,44939266.0,0.0038290449344217776
2026-09-11,12:58:58,2622.54,25.0,5003809.0,0.00047598797022737564,14986960.0,0.0008523211622703821,24971131.0,0.0013225155048593878,34954389.0,0.002211656437933445,44939093.0,0.003882751408517361
2026-09-11,12:59:07,2631.785,25.0,5003809.0,0.00047598797022737564,14986960.0,0.0008523211622703821,24971131.0,0.0013225155048593878,34954389.0,0.002211656437933445,44939093.0,0.003882751408517361
2026-09-11,12:59:17,2641.114,25.0,5003809.0,0.0004759056889927015,14986971.0,0.0008436409284267575,24971130.0,0.0013225155048593878,34954388.0,0.002211656437933445,44939267.0,0.0038307096153348684
2026-09-11,12:59:26,2650.365,25.0,5003807.0,0.0004801448000203818,14986972.0,0.0008425218438152224,24971130.0,0.0013246756963282823,34954389.0,0.002209269178390503,44939271.0,0.0038307096153348684
2026-09-11,12:59:35,2659.565,25.0,5003809.0,0.0004759056889927015,14986972.0,0.0008425218438152224,24971131.0,0.0013226188357807697,34954388.0,0.002220786573857069,44939267.0,0.003832055560164154
2026-09-11,12:59:44,2668.887,25.0,5003812.0,0.0004704949552454054,14986972.0,0.0008425218438152224,24971132.0,0.0013226188357807697,34954390.0,0.002209670891061425,44939097.0,0.003886074595488608
2026-09-11,12:59:54,2678.162,25.0,5003812.0,0.0004704949552454054,14986971.0,0.0008413657869827002,24971132.0,0.0013215615985244513,34954390.0,0.002212536549732089,44939097.0,0.003886074595488608
2026-09-11,13:00:03,2687.444,25.0,5003812.0,0.0004719378936253488,14986972.0,0.0008402949752882123,24971132.0,0.0013215615985244513,34954393.0,0.002212536549732089,44939101.0,0.003875063752479851
2026-09-11,13:00:12,2696.695,25.0,5003810.0,0.0004719378936253488,14986974.0,0.0008413657869827002,24971124.0,0.0013217769010439515,34954393.0,0.0022131303456276656,44939274.0,0.0038356781375333666
2026-09-11,13:00:21,2705.954,25.0,5003810.0,0.0004721764429379255,14986974.0,0.000842537312367931,24971096.0,0.0013445851626507938,34954394.0,0.0022131303456276656,44939275.0,0.0038345586292743684
2026-09-11,13:00:31,2715.249,25.0,5003811.0,0.0004681071339752525,14986974.0,0.000842537312367931,24971096.0,0.0013445851626507938,34954396.0,0.002211550521440804,44939275.0,0.003830387863792479
2026-09-11,13:00:40,2724.631,25.0,5003811.0,0.00047170745933614673,14986976.0,0.000841200030522421,24971137.0,0.0013215200340710581,34954396.0,0.002211550521440804,44939278.0,0.0038288537115305664
2026-09-11,13:00:50,2734.073,25.0,5003809.0,0.00047170745933614673,14986976.0,0.000841200030522421,24971140.0,0.0013184861781969667,34954396.0,0.0022122931396588684,44939279.0,0.0038288537115305664
2026-09-11,13:00:59,2743.322,25.0,5003809.0,0.0004781906634019688,14986974.0,0.0008434070311728864,24971140.0,0.0013184861781969667,34954397.0,0.002214500953026116,44939279.0,0.0038275830008611083
2026-09-11,13:01:08,2752.522,25.0,5003809.0,0.0004781906634019688,14986974.0,0.0008436147579904646,24971138.0,0.0013194245724901558,34954396.0,0.002214500953026116,44939279.0,0.0038315481611564755
2026-09-11,13:01:17,2761.822,25.0,5003810.0,0.0004762790004611015,14986974.0,0.0008436147579904646,24971098.0,0.0013460359537564217,34954398.0,0.002212043214760721,44939279.0,0.003835624081864953
2026-09-11,13:01:27,2771.121,25.0,5003810.0,0.0004762790004611015,14986974.0,0.0008436147579904646,24971098.0,0.0013460359537564217,34954397.0,0.0022093183004930615,44939278.0,0.003835624081864953
2026-09-11,13:01:36,2780.446,25.0,5003810.0,0.0004762790004611015,14986974.0,0.0008446765086408705,24971139.0,0.0013216210920885204,34954397.0,0.002212043214760721,44939278.0,0.0038241699918583035
2026-09-11,13:01:45,2789.717,25.0,5003809.0,0.0004802047677319497,14986974.0,0.0008449760426096618,24971142.0,0.0013189258895926178,34954396.0,0.0022116544478684662,44939277.0,0.0038241699918583035
2026-09-11,13:01:54,2798.939,25.0,5003810.0,0.0004768174916896969,14986974.0,0.0008449760426096618,24971142.0,0.0013189258895926178,34954396.0,0.0022140890548229216,44939278.0,0.0038372285090982916
2026-09-11,13:02:04,2808.168,25.0,5003810.0,0.0004768174916896969,14986975.0,0.0008398800478130579,24971141.0,0.0013206305882148444,34954399.0,0.0022140890548229216,44939279.0,0.0038372285090982916
2026-09-11,13:02:13,2817.403,25.0,5003810.0,0.0004768174916896969,14986975.0,0.0008398800478130579,24971137.0,0.0013231992344968021,34954400.0,0.002215600490041077,44939279.0,0.0038351207896322012
2026-09-11,13:02:22,2826.619,25.0,5003812.0,0.0004708249990195036,14986969.0,0.0008465413814000785,24971137.0,0.0013231992344968021,34954400.0,0.002215600490041077,44939278.0,0.0038351207896322012
2026-09-11,13:02:31,2835.933,25.0,5003811.0,0.00047595794597826897,14986968.0,0.0008504616489298642,24971141.0,0.0013197746611572803,34954400.0,0.002215600490041077,44939106.0,0.0038801817552521823
2026-09-11,13:02:41,2845.197,25.0,5003811.0,0.0004718017753344029,14986969.0,0.0008465413814000785,24971141.0,0.0013197746611572803,34954400.0,0.002210006329640746,44939106.0,0.0038801817552521823
2026-09-11,13:02:50,2854.53,25.0,5003810.0,0.00047595794597826897,14986967.0,0.0008504616489298642,24971141.0,0.0013197746611572803,34954400.0,0.0022169868382140995,44939282.0,0.003844117870554328
2026-09-11,13:02:59,2863.766,25.0,5003810.0,0.0004718017753344029,14986976.0,0.0008432871936224401,24971142.0,0.0013198352032713593,34954401.0,0.0022088905996233226,44939284.0,0.003833551232583821
2026-09-11,13:03:09,2873.13,25.0,5003811.0,0.00047789404037129135,14986967.0,0.0008512306956667453,24971142.0,0.0013198352032713593,34954400.0,0.002223737643018365,44939284.0,0.003844117870554328
2026-09-11,13:03:18,2882.292,25.0,5003812.0,0.000474305792725645,14986976.0,0.0008512306956667453,24971142.0,0.001319839566014707,34954403.0,0.002228843810558319,44939109.0,0.0038769871351346376
2026-09-11,13:03:27,2891.568,25.0,5003812.0,0.000474305792725645,14986974.0,0.0008512306956667453,24971142.0,0.00132034930755198,34954403.0,0.002228843810558319,44939109.0,0.0038827349196970465
2026-09-11,13:03:36,2900.815,25.0,5003812.0,0.000474305792725645,14986974.0,0.0008516012680586428,24971142.0,0.0013214600560814142,34954403.0,0.0022256644358858465,44939109.0,0.0038827349196970465
2026-09-11,13:03:45,2910.019,25.0,5003812.0,0.00047084673323668537,14986974.0,0.0008427373146358877,24971143.0,0.0013214600560814142,34954402.0,0.002218393292114139,44939288.0,0.0038299781520292164
2026-09-11,13:03:55,2919.311,25.0,5003812.0,0.00047084673323668537,14986972.0,0.0008416974779888988,24971145.0,0.0013191747628450393,34954402.0,0.0022180505546331407,44939288.0,0.0038299781520292164
2026-09-11,13:04:04,2928.518,25.0,5003812.0,0.00047084673323668537,14986972.0,0.0008416974779888988,24971145.0,0.0013191747628450393,34954403.0,0.002218393292114139,44939288.0,0.0038322428018674254
2026-09-11,13:04:13,2937.767,25.0,5003813.0,0.0004671963507793844,14986969.0,0.0008518790287896991,24971144.0,0.0013196825931109488,34954404.0,0.002221153406791389,44939287.0,0.003833751577861607
2026-09-11,13:04:22,2947.018,25.0,5003813.0,0.0004671963507793844,14986969.0,0.0008518790287896991,24971103.0,0.0013435164612717926,34954405.0,0.002221153406791389,44939287.0,0.0038322428018674254
2026-09-11,13:04:32,2956.268,25.0,5003813.0,0.0004671963507793844,14986976.0,0.0008432697829157114,24971103.0,0.0013435164612717926,34954405.0,0.002217034859865904,44939287.0,0.0038337163443341853
2026-09-11,13:04:41,2965.467,25.0,5003814.0,0.00046689659740403294,14986978.0,0.0008403792061731219,24971145.0,0.0013182284627966583,34954405.0,0.002217034859865904,44939288.0,0.0038270258983820675
2026-09-11,13:04:55,2979.165,25.0,5003813.0,0.0004730986010208726,14986978.0,0.0008403792061731219,24971148.0,0.0013182284627966583,34954405.0,0.0022219730867296455,44939289.0,0.0038337163443341853
2026-09-11,13:04:55,2979.165,25.0,5003813.0,0.0004730986010208726,14986978.0,0.0008403792061731219,24971148.0,0.0013182284627966583,34954405.0,0.0022219730867296455,44939289.0,0.0038337163443341853
2026-09-11,13:04:55,2979.166,25.0,5003813.0,0.0004730986010208726,14986978.0,0.0008403792061731219,24971148.0,0.0013182284627966583,34954405.0,0.0022219730867296455,44939289.0,0.0038337163443341853
2026-09-11,13:05:00,2984.928,25.0,5003815.0,0.0004639933175658807,14986978.0,0.0008391211375389248,24971148.0,0.0013188837304860355,34954405.0,0.0022219730867296455,44939290.0,0.0038359918633848428
2026-09-11,13:05:10,2994.108,25.0,5003815.0,0.0004662134803235531,14986979.0,0.000840388870742172,24971147.0,0.0013188837304860355,34954405.0,0.002214244201466441,44939290.0,0.003838762008279562
2026-09-11,13:05:18,3002.713,25.0,5003815.0,0.0004662134803235531,14986979.0,0.000840388870742172,24971145.0,0.0013219429782889783,34954406.0,0.002211884479470551,44939290.0,0.0038359918633848428
2026-09-11,13:05:27,3011.645,25.0,5003812.0,0.00047624248853325843,14986979.0,0.0008419265103340148,24971146.0,0.0013194338815398514,34954408.0,0.0022126671865209937,44939291.0,0.0038261148211061954
2026-09-11,13:05:37,3021.072,25.0,5003810.0,0.00047624248853325843,14986975.0,0.0008441330110765993,24971146.0,0.0013194338815398514,34954410.0,0.0022090180213823916,44939291.0,0.0038261148211061954
2026-09-11,13:05:46,3030.319,25.0,5003812.0,0.00047421234740223735,14986975.0,0.0008441330110765993,24971146.0,0.001319028266299516,34954408.0,0.0022080616416558624,44939292.0,0.003826377155467868
2026-09-11,13:05:55,3039.142,25.0,5003813.0,0.0004721737788543105,14986975.0,0.0008491217346638441,24971147.0,0.001318723672196269,34954410.0,0.0022070705191493036,44939292.0,0.003830742202721536
2026-09-11,13:06:04,3048.4,25.0,5003814.0,0.00047112209118623286,14986979.0,0.0008502468387279659,24971147.0,0.001318723672196269,34954408.0,0.0022064013666138055,44939292.0,0.003835501916565001
2026-09-11,13:06:13,3057.687,25.0,5003813.0,0.0004721737788543105,14986980.0,0.0008491217346638441,24971147.0,0.0013192692461796104,34954410.0,0.0022064013666138055,44939292.0,0.003835501916565001
2026-09-11,13:06:23,3067.03,25.0,5003814.0,0.00047112209118623286,14986980.0,0.0008453535532206296,24971147.0,0.001319643307901919,34954408.0,0.002209310385361314,44939292.0,0.003835501916565001
2026-09-11,13:06:32,3076.341,25.0,5003815.0,0.00046686951742134987,14986980.0,0.0008453535532206296,24971147.0,0.0013207858046926557,34954409.0,0.0022105601938441394,44939292.0,0.003830365228071809
2026-09-11,13:06:41,3085.568,25.0,5003815.0,0.00046686951742134987,14986976.0,0.0008529861663207412,24971147.0,0.0013207904058918356,34954408.0,0.0022122478042840956,44939292.0,0.003830365228071809
2026-09-11,13:06:50,3094.814,25.0,5003815.0,0.00046546272552385924,14986976.0,0.0008529861663207412,24971147.0,0.0013207904058918356,34954409.0,0.002215679710999131,44939118.0,0.0038803006099909546
2026-09-11,13:07:00,3104.053,25.0,5003813.0,0.00046944483044184746,14986978.0,0.0008529861663207412,24971147.0,0.0013213848704136909,34954409.0,0.002215679710999131,44939118.0,0.0038803006099909546
2026-09-11,13:07:09,3113.246,25.0,5003813.0,0.00046944483044184746,14986978.0,0.0008460829687137156,24971147.0,0.0013213743341267108,34954409.0,0.002215679710999131,44939294.0,0.0038338686097562314
2026-09-11,13:07:18,3122.578,25.0,5003813.0,0.00046944483044184746,14986978.0,0.0008512484273910522,24971147.0,0.0013213743341267108,34954411.0,0.0022111096836552025,44939294.0,0.0038295654821023347
2026-09-11,13:07:27,3131.821,25.0,5003813.0,0.0004737326950933784,14986973.0,0.0008506835778933019,24971148.0,0.0013198938089609147,34954412.0,0.002216669978708029,44939292.0,0.0038295654821023347
2026-09-11,13:07:37,3141.106,25.0,5003813.0,0.0004737326950933784,14986973.0,0.0008506835778933019,24971148.0,0.0013198938089609147,34954412.0,0.002213114333122969,44939292.0,0.003833693143568933
2026-09-11,13:07:46,3150.308,25.0,5003813.0,0.0004737326950933784,14986979.0,0.0008506835778933019,24971149.0,0.00131822130677104,34954412.0,0.002213114333122969,44939294.0,0.003835670151412487
2026-09-11,13:07:55,3159.588,25.0,5003813.0,0.0004756219024406746,14986982.0,0.0008427715778648854,24971150.0,0.00131822130677104,34954412.0,0.002213114333122969,44939295.0,0.003836952728316188
2026-09-11,13:08:04,3168.833,25.0,5003813.0,0.0004767453851271421,14986983.0,0.0008435108128208667,24971150.0,0.0013169486713334917,34954412.0,0.002212303314432502,44939294.0,0.0038376017415225508
2026-09-11,13:08:14,3178.171,25.0,5003810.0,0.00047815050617139787,14986983.0,0.0008427715778648854,24971152.0,0.0013169486713334917,34954412.0,0.002211576996281743,44939294.0,0.0038372845231592653
2026-09-11,13:08:23,3187.491,25.0,5003813.0,0.0004767453851271421,14986984.0,0.0008386523201242089,24971151.0,0.0013176741191074251,34954411.0,0.002211576996281743,44939293.0,0.0038372845231592653
2026-09-11,13:08:32,3196.745,25.0,5003809.0,0.00048005319008789956,14986982.0,0.0008382754658944905,24971152.0,0.0013176741191074251,34954412.0,0.0022134596973434092,44939293.0,0.0038289479460939767
2026-09-11,13:08:42,3206.136,25.0,5003809.0,0.00048094997446238995,14986982.0,0.0008386523201242089,24971153.0,0.0013164503838866948,34954414.0,0.0022150927760973575,44939295.0,0.0038289479460939767
2026-09-11,13:08:51,3215.424,25.0,5003809.0,0.00048094997446238995,14986982.0,0.0008425055865999311,24971157.0,0.0013145889875777067,34954414.0,0.0022150927760973575,44939295.0,0.0038327271380648015
2026-09-11,13:09:00,3224.7,25.0,5003812.0,0.00047783057866618035,14986982.0,0.0008426541149076075,24971153.0,0.0013164503838866948,34954414.0,0.002217032628774643,44939295.0,0.0038327271380648015
2026-09-11,13:09:09,3233.962,25.0,5003813.0,0.00047394575559161605,14986983.0,0.0008426541149076075,24971152.0,0.001315808552864939,34954413.0,0.002218744581155479,44939294.0,0.0038306248114854096
2026-09-11,13:09:19,3243.211,25.0,5003814.0,0.00047394575559161605,14986982.0,0.0008407647618222982,24971150.0,0.0013191250947676599,34954413.0,0.002218744581155479,44939295.0,0.0038306248114854096
2026-09-11,13:09:28,3252.411,25.0,5003815.0,0.0004691154943695292,14986982.0,0.0008407647618222982,24971152.0,0.0013179358869120478,34954413.0,0.002215497454740107,44939295.0,0.0038375016312003135
2026-09-11,13:09:37,3261.661,25.0,5003815.0,0.0004691154943695292,14986982.0,0.0008393686517700553,24971154.0,0.0013179358869120478,34954414.0,0.002215152942433953,44939295.0,0.0038375016312003135
2026-09-11,13:09:46,3270.911,25.0,5003813.0,0.00046994773722533137,14986982.0,0.0008393686517700553,24971155.0,0.0013170220013037325,34954414.0,0.0022134952747821807,44939294.0,0.0038315937618538737
2026-09-11,13:09:56,3280.411,25.0,5003813.0,0.00046994773722533137,14986982.0,0.0008393686517700553,24971156.0,0.0013170220013037325,34954415.0,0.0022134952747821807,44939294.0,0.0038315237957313657
2026-09-11,13:10:05,3289.662,25.0,5003814.0,0.0004698115205448121,14986984.0,0.0008397555011529476,24971156.0,0.001316318421754986,34954415.0,0.0022134952747821807,44939296.0,0.0038315237957313657
2026-09-11,13:10:23,3307.863,25.0,5003814.0,0.0004698115205448121,14986984.0,0.0008422675953656435,24971152.0,0.0013196134050227702,34954415.0,0.0022141068062335252,44939295.0,0.003835785654693842
2026-09-11,13:10:33,3317.605,25.0,5003813.0,0.000474856514647603,14986984.0,0.0008422675953656435,24971152.0,0.0013196134050227702,34954415.0,0.0022183254917412997,44939294.0,0.0038418494418114425
2026-09-11,13:10:42,3326.887,25.0,5003814.0,0.00047404389579966665,14986984.0,0.0008405048299375921,24971152.0,0.0013197002890892326,34954415.0,0.0022183254917412997,44939119.0,0.0038862989452853798
2026-09-11,13:10:53,3337.393,25.0,5003813.0,0.0004743640075782314,14986982.0,0.0008405048299375921,24971152.0,0.0013185152309015393,34954415.0,0.002216581280134618,44939119.0,0.0038862989452853798
2026-09-11,13:11:01,3345.806,25.0,5003814.0,0.00047404389579966665,14986984.0,0.0008363444362208247,24971152.0,0.0013189913734905421,34954416.0,0.0022128491283804176,44939121.0,0.0038776597962453963
2026-09-11,13:11:28,3372.238,25.0,5003815.0,0.000473453251500614,14986984.0,0.0008366764165107161,24971152.0,0.0013206938534863293,34954416.0,0.0022128491283804176,44939295.0,0.003836230009019375
2026-09-11,13:11:28,3372.239,25.0,5003815.0,0.000473453251500614,14986984.0,0.0008366764165107161,24971152.0,0.0013206938534863293,34954416.0,0.0022128491283804176,44939295.0,0.003836230009019375
2026-09-11,13:11:28,3372.241,25.0,5003815.0,0.000473453251500614,14986984.0,0.0008366764165107161,24971152.0,0.0013206938534863293,34954416.0,0.0022128491283804176,44939295.0,0.003836230009019375
2026-09-11,13:11:28,3372.242,25.0,5003815.0,0.000473453251500614,14986984.0,0.0008366764165107161,24971152.0,0.0013206938534863293,34954416.0,0.0022128491283804176,44939295.0,0.003836230009019375
2026-09-11,13:11:28,3372.244,25.0,5003815.0,0.000473453251500614,14986984.0,0.0008366764165107161,24971152.0,0.0013206938534863293,34954416.0,0.0022128491283804176,44939295.0,0.003836230009019375
2026-09-11,13:11:28,3372.937,25.0,5003816.0,0.0004656487595438957,14986984.0,0.0008380837990287691,24971152.0,0.0013209543359801173,34954416.0,0.002211390556931496,44939295.0,0.003836230009019375
2026-09-11,13:11:47,3391.963,25.0,5003814.0,0.00047130793798528614,14986984.0,0.0008380837990287691,24971153.0,0.0013210486260838807,34954418.0,0.002209344202518463,44939121.0,0.003877307672135532
2026-09-11,13:11:57,3401.637,25.0,5003814.0,0.00047130793798528614,14986984.0,0.0008395261078327894,24971153.0,0.0013204165962263942,34954418.0,0.002204608640931547,44939121.0,0.003877307672135532
2026-09-11,13:12:05,3409.748,25.0,5003815.0,0.0004679939154759049,14986984.0,0.0008439859773684292,24971153.0,0.0013200195337757469,34954418.0,0.002209344202518463,44939294.0,0.003843740607045591
2026-09-11,13:12:23,3427.411,25.0,5003815.0,0.0004679939154759049,14986983.0,0.0008459182797502726,24971153.0,0.0013200195337757469,34954418.0,0.0022037579482644797,44939296.0,0.0038364039019718765
2026-09-11,13:12:23,3427.411,25.0,5003815.0,0.0004679939154759049,14986983.0,0.0008459182797502726,24971153.0,0.0013200195337757469,34954418.0,0.0022037579482644797,44939296.0,0.0038364039019718765
2026-09-11,13:12:23,3427.411,25.0,5003815.0,0.0004679939154759049,14986983.0,0.0008459182797502726,24971153.0,0.0013200195337757469,34954418.0,0.0022037579482644797,44939296.0,0.0038364039019718765
2026-09-11,13:12:23,3427.412,25.0,5003815.0,0.0004679939154759049,14986983.0,0.0008459182797502726,24971153.0,0.0013200195337757469,34954418.0,0.0022037579482644797,44939296.0,0.0038364039019718765
2026-09-11,13:12:23,3427.412,25.0,5003815.0,0.0004679939154759049,14986983.0,0.0008459182797502726,24971153.0,0.0013200195337757469,34954418.0,0.0022037579482644797,44939296.0,0.0038364039019718765
2026-09-11,13:12:31,3435.408,25.0,5003816.0,0.00046660698933433743,14986976.0,0.000848243695544079,24971153.0,0.0013222340856343508,34954418.0,0.0022136874834373594,44939297.0,0.0038364039019718765
2026-09-11,13:12:31,3435.409,25.0,5003816.0,0.00046660698933433743,14986976.0,0.000848243695544079,24971153.0,0.0013222340856343508,34954418.0,0.0022136874834373594,44939297.0,0.0038364039019718765
2026-09-11,13:12:31,3435.41,25.0,5003816.0,0.00046660698933433743,14986976.0,0.000848243695544079,24971153.0,0.0013222340856343508,34954418.0,0.0022136874834373594,44939297.0,0.0038364039019718765
2026-09-11,13:12:31,3435.41,25.0,5003816.0,0.00046660698933433743,14986976.0,0.000848243695544079,24971153.0,0.0013222340856343508,34954418.0,0.0022136874834373594,44939297.0,0.0038364039019718765
2026-09-11,13:12:41,3445.669,25.0,5003816.0,0.0004673012337964028,14986976.0,0.000845972439179197,24971152.0,0.0013235247469469906,34954419.0,0.0022065218247771263,44939297.0,0.003833837462797761
2026-09-11,13:12:41,3445.67,25.0,5003816.0,0.0004673012337964028,14986976.0,0.000845972439179197,24971152.0,0.0013235247469469906,34954419.0,0.0022065218247771263,44939297.0,0.003833837462797761
2026-09-11,13:12:41,3445.67,25.0,5003816.0,0.0004673012337964028,14986976.0,0.000845972439179197,24971152.0,0.0013235247469469906,34954419.0,0.0022065218247771263,44939297.0,0.003833837462797761
2026-09-11,13:12:41,3445.671,25.0,5003816.0,0.0004673012337964028,14986976.0,0.000845972439179197,24971152.0,0.0013235247469469906,34954419.0,0.0022065218247771263,44939297.0,0.003833837462797761
2026-09-11,13:12:41,3445.671,25.0,5003816.0,0.0004673012337964028,14986976.0,0.000845972439179197,24971152.0,0.0013235247469469906,34954419.0,0.0022065218247771263,44939297.0,0.003833837462797761
2026-09-11,13:12:43,3447.365,25.0,5003816.0,0.0004673012337964028,14986980.0,0.0008469774133060127,24971152.0,0.0013235247469469906,34954418.0,0.0022136874834373594,44939298.0,0.0038417369504123926
2026-09-11,13:13:01,3465.105,25.0,5003813.0,0.00047575113328080627,14986979.0,0.0008455244525317103,24971153.0,0.0013217778603434563,34954418.0,0.0022093631540462373,44939296.0,0.0038417369504123926
2026-09-11,13:13:10,3474.781,25.0,5003813.0,0.0004790411720657721,14986979.0,0.0008455244525317103,24971154.0,0.0013207069797702134,34954418.0,0.002207602128431201,44939296.0,0.0038397876748517156
2026-09-11,13:13:19,3484.005,25.0,5003813.0,0.0004790411720657721,14986980.0,0.0008471877369582653,24971154.0,0.0013204950659386815,34954418.0,0.002209139022052288,44939298.0,0.003838989610776305
2026-09-11,13:13:39,3503.409,25.0,5003814.0,0.0004741072632391006,14986980.0,0.0008451228668764233,24971153.0,0.0013206884414330125,34954417.0,0.0022094000142663718,44939295.0,0.003838989610776305
2026-09-11,13:14:04,3528.406,25.0,5003816.0,0.0004670118911964819,14986980.0,0.0008463397401925176,24971153.0,0.0013239230678156017,34954419.0,0.0022069270830154418,44939124.0,0.0038651059087365866
2026-09-11,13:14:04,3528.406,25.0,5003816.0,0.0004670118911964819,14986980.0,0.0008463397401925176,24971153.0,0.0013239230678156017,34954419.0,0.0022069270830154418,44939124.0,0.0038651059087365866
2026-09-11,13:14:04,3528.407,25.0,5003816.0,0.0004670118911964819,14986980.0,0.0008463397401925176,24971153.0,0.0013239230678156017,34954419.0,0.0022069270830154418,44939124.0,0.0038651059087365866
2026-09-11,13:14:04,3528.407,25.0,5003816.0,0.0004670118911964819,14986980.0,0.0008463397401925176,24971153.0,0.0013239230678156017,34954419.0,0.0022069270830154418,44939124.0,0.0038651059087365866
2026-09-11,13:14:04,3528.407,25.0,5003816.0,0.0004670118911964819,14986980.0,0.0008463397401925176,24971153.0,0.0013239230678156017,34954419.0,0.0022069270830154418,44939124.0,0.0038651059087365866
2026-09-11,13:14:06,3530.096,25.0,5003816.0,0.0004670118911964819,14986980.0,0.0008463397401925176,24971153.0,0.0013239230678156017,34954419.0,0.0022069270830154418,44939298.0,0.003842517095685005
2026-09-11,13:14:15,3540.004,25.0,5003816.0,0.000467398793656379,14986980.0,0.0008458479708731174,24971155.0,0.0013224219173528255,34954419.0,0.0022155769581496715,44939301.0,0.003842517095685005
2026-09-11,13:15:01,3585.507,25.0,5003812.0,0.00048194376967381684,14986980.0,0.0008463171310480684,24971151.0,0.0013231037560366094,34954420.0,0.0022043647961243985,44939298.0,0.0038369602261036635
2026-09-11,13:15:10,3594.359,25.0,5003812.0,0.00048194376967381684,14986981.0,0.000846003734562546,24971151.0,0.0013231037560366094,34954421.0,0.0022041520257145165,44939298.0,0.003833351576812565
2026-09-11,13:15:19,3603.651,25.0,5003816.0,0.0004701940784538165,14986981.0,0.0008456600625831634,24971151.0,0.0013238853410184384,34954421.0,0.0022041520257145165,44939301.0,0.0038370938345342873
2026-09-11,13:15:28,3612.984,25.0,5003817.0,0.0004654901826176792,14986980.0,0.0008454453395046294,24971152.0,0.0013238853410184384,34954421.0,0.002206695052936673,44939301.0,0.003838985984824598
2026-09-11,13:15:38,3622.277,25.0,5003817.0,0.0004654901826176792,14986980.0,0.0008454453395046294,24971153.0,0.0013238853410184384,34954422.0,0.002206695052936673,44939300.0,0.003838985984824598
2026-09-11,13:15:47,3631.54,25.0,5003816.0,0.0004691075713513419,14986982.0,0.0008451430621892214,24971156.0,0.0013227596418447793,34954422.0,0.002206695052936673,44939300.0,0.00383371740578115
2026-09-11,13:15:56,3640.781,25.0,5003816.0,0.0004691075713513419,14986982.0,0.0008457725274246186,24971156.0,0.0013227596418447793,34954421.0,0.002209438409984112,44939299.0,0.003829668018400669
2026-09-11,13:16:06,3650.132,25.0,5003816.0,0.0004691075713513419,14986982.0,0.0008457725274246186,24971156.0,0.0013227596418447793,34954421.0,0.002209438409984112,44939300.0,0.003829668018400669
2026-09-11,13:16:15,3659.326,25.0,5003810.0,0.00048399318397417666,14986982.0,0.0008465794710181653,24971156.0,0.0013200034865401685,34954421.0,0.002209438409984112,44939292.0,0.00384011831831187
2026-09-11,13:16:24,3668.503,25.0,5003533.0,0.0006492462554099039,14986981.0,0.0008470385838784277,24971151.0,0.0013258477023020386,34953259.0,0.0036242110495716333,44938038.0,0.006567473468348384
2026-09-11,13:16:33,3677.671,25.0,5003533.0,0.0006492462554099039,14986272.0,0.0011259790436718613,24970224.0,0.0019392714073583484,34953258.0,0.003627157294780016,44938037.0,0.006585445459201932
2026-09-11,13:16:42,3686.809,25.0,5003533.0,0.0006492462554099039,14986271.0,0.0011261164290457964,24970223.0,0.0019412281317971647,34953258.0,0.003627157294780016,44938026.0,0.006567473468348384
2026-09-11,13:16:51,3696.0,25.0,5003530.0,0.0006739966393290087,14986272.0,0.0011279114273469895,24970223.0,0.0019392714073583484,34953145.0,0.003721458157673478,44937973.0,0.006478360098987818
2026-09-11,13:17:01,3705.251,25.0,5003530.0,0.0006739966393290087,14986307.0,0.001150745182717219,24970190.0,0.0018939451214000584,34953143.0,0.003721458157673478,44937970.0,0.006478360098987818
2026-09-11,13:17:10,3714.381,25.0,5003529.0,0.0006739966393290087,14986307.0,0.0011520283493213356,24970189.0,0.0018898553455658257,34953141.0,0.003718442620433867,44937966.0,0.006481271692387759
2026-09-11,13:17:19,3723.606,25.0,5003529.0,0.0006740185656193644,14986307.0,0.001150745182717219,24970190.0,0.001888505707319826,34953141.0,0.003718442620433867,44937966.0,0.006481271692387759
2026-09-11,13:17:28,3732.801,25.0,5003527.0,0.0006749084202116356,14986305.0,0.0011514181041009724,24970190.0,0.0018872962921075522,34953141.0,0.003727714892677963,44937963.0,0.006480886999696493
2026-09-11,13:17:37,3741.946,25.0,5003527.0,0.0006750777833191678,14986305.0,0.0011492648613750935,24970190.0,0.001888505707319826,34953140.0,0.003727714892677963,44937961.0,0.006475234447747469
2026-09-11,13:17:47,3751.189,25.0,5003527.0,0.0006755805898606777,14986305.0,0.001149405631005764,24970188.0,0.001889932778198272,34953143.0,0.0037254397849813105,44937963.0,0.006475234447747469
2026-09-11,13:17:56,3760.312,25.0,5003527.0,0.0006757148684449494,14986306.0,0.001149405631005764,24970188.0,0.0018939772366583347,34953142.0,0.0037254397849813105,44937961.0,0.0064700017041563985
2026-09-11,13:18:05,3769.54,25.0,5003527.0,0.0006755805898606777,14986306.0,0.0011496526737008244,24970188.0,0.0018939772366583347,34953142.0,0.0037236041030809285,44937963.0,0.0064667437805905935
2026-09-11,13:18:14,3778.69,25.0,5003527.0,0.0006743179452670738,14986306.0,0.0011515856696423144,24970188.0,0.0018904400953873991,34953140.0,0.003726461371459067,44937963.0,0.0064667437805905935
2026-09-11,13:18:23,3787.836,25.0,5003527.0,0.0006743179452670738,14986306.0,0.001151686519768089,24970188.0,0.0018904400953873991,34953139.0,0.0037217446638718246,44937963.0,0.006469956197373569
2026-09-11,13:18:33,3797.077,25.0,5003528.0,0.000675257369916886,14986306.0,0.001151686519768089,24970188.0,0.0018918459473848343,34953139.0,0.0037217446638718246,44937963.0,0.006472162633225322
2026-09-11,13:18:42,3806.285,25.0,5003529.0,0.0006774518596567214,14986306.0,0.0011514661652315408,24970188.0,0.0018918459473848343,34953139.0,0.0037217446638718246,44937961.0,0.006474845078863203
2026-09-11,13:18:51,3815.47,25.0,5003528.0,0.00067593690801505,14986306.0,0.001149528704309836,24970188.0,0.001889966620080173,34953139.0,0.0037269432955905797,44937964.0,0.006476922986254096
2026-09-11,13:19:00,3824.644,25.0,5003526.0,0.0006767069472987205,14986306.0,0.001149528704309836,24970189.0,0.001889966620080173,34953139.0,0.0037269432955905797,44937962.0,0.0064774533439651135
2026-09-11,13:19:09,3833.876,25.0,5003526.0,0.00067593690801505,14986306.0,0.001149528704309836,24970189.0,0.001888880313038826,34953140.0,0.0037155147313177586,44937962.0,0.0064774533439651135
2026-09-11,13:19:19,3843.06,25.0,5003526.0,0.0006753655128944665,14986304.0,0.0011502856178563089,24970192.0,0.0018925683053173125,34953140.0,0.0037155147313177586,44937958.0,0.006478135710023343
2026-09-11,13:19:28,3852.246,25.0,5003527.0,0.0006753655128944665,14986304.0,0.001153258965998888,24970193.0,0.0018929645731113852,34953140.0,0.003715762515373528,44937957.0,0.006478135710023343
2026-09-11,13:19:37,3861.387,25.0,5003525.0,0.0006753655128944665,14986305.0,0.0011534378075506537,24970194.0,0.0018941333513334394,34953141.0,0.003715762515373528,44937955.0,0.006478135710023343
2026-09-11,13:19:46,3870.732,25.0,5003527.0,0.000675165243672207,14986305.0,0.0011534378075506537,24970195.0,0.0018944779533930122,34953143.0,0.003715693952046335,44937954.0,0.006492391191288829
2026-09-11,13:19:55,3879.805,25.0,5003527.0,0.0006743611425179988,14986305.0,0.00115335879541561,24970195.0,0.0018969826714806258,34953143.0,0.003715693952046335,44937953.0,0.006492391191288829
2026-09-11,13:20:05,3889.046,25.0,5003528.0,0.0006743611425179988,14986305.0,0.0011530204637385905,24970196.0,0.0018976626597493886,34953144.0,0.003716145873643458,44937951.0,0.006492778711408377
2026-09-11,13:20:14,3898.383,25.0,5003527.0,0.0006743611425179988,14986305.0,0.0011526651451922952,24970196.0,0.0018976626597493886,34953144.0,0.0037273119580075145,44937952.0,0.0064913731231465936
2026-09-11,13:20:23,3907.527,25.0,5003529.0,0.0006758393617384135,14986306.0,0.0011519436371065677,24970196.0,0.0018973106779567898,34953144.0,0.0037273119580075145,44937952.0,0.006484019591607154
2026-09-11,13:20:32,3916.766,25.0,5003529.0,0.0006757550574215129,14986305.0,0.0011514219814073294,24970195.0,0.0018914127312861383,34953144.0,0.0037201279351487754,44937952.0,0.006484019591607154
2026-09-11,13:20:41,3925.953,25.0,5003529.0,0.0006757550574215129,14986305.0,0.0011509664480760693,24970195.0,0.0018914127312861383,34953144.0,0.0037194593733772636,44937955.0,0.006483827533945441
2026-09-11,13:20:51,3935.14,25.0,5003529.0,0.000675451191753149,14986305.0,0.0011509664480760693,24970195.0,0.0018923434615954757,34953144.0,0.0037194593733772636,44937955.0,0.006484750982530415
2026-09-11,13:21:00,3944.359,25.0,5003527.0,0.0006702846099361777,14986305.0,0.0011509664480760693,24970195.0,0.001893876472596079,34953144.0,0.0037301730553284287,44937955.0,0.006482087146833539
2026-09-11,13:21:09,3953.502,25.0,5003528.0,0.0006747018557256087,14986305.0,0.0011504009162746369,24970195.0,0.0018923434615954757,34953145.0,0.0037301730553284287,44937955.0,0.006482087146833539
2026-09-11,13:21:18,3962.735,25.0,5003527.0,0.0006747018557256087,14986306.0,0.001149204349566251,24970193.0,0.0018892872930578888,34953145.0,0.0037254011522829533,44937960.0,0.006481909469656646
2026-09-11,13:21:27,3971.953,25.0,5003527.0,0.0006747018557256087,14986306.0,0.0011485799430515618,24970191.0,0.0018892872930578888,34953146.0,0.0037254011522829533,44937961.0,0.006474426220536232
2026-09-11,13:21:37,3981.143,25.0,5003526.0,0.0006736399696385488,14986306.0,0.001149204349566251,24970191.0,0.001890551663465798,34953142.0,0.0037254011522829533,44937961.0,0.006481909469656646
2026-09-11,13:21:46,3990.311,25.0,5003527.0,0.0006736399696385488,14986306.0,0.0011507250245977193,24970191.0,0.0018912348450645805,34953141.0,0.003726951977133751,44937961.0,0.006476206663087011
2026-09-11,13:21:55,3999.509,25.0,5003524.0,0.0006714191331677139,14986306.0,0.0011507250245977193,24970190.0,0.0018912348450645805,34953140.0,0.0037179616444930432,44937961.0,0.006479943600095808
2026-09-11,13:22:04,4008.76,25.0,5003526.0,0.0006754722472075373,14986306.0,0.0011502963510267436,24970191.0,0.0018897121460139752,34953141.0,0.003731706247650087,44937960.0,0.006479943600095808
2026-09-11,13:22:13,4017.96,25.0,5003526.0,0.0006754722472075373,14986304.0,0.0011502963510267436,24970190.0,0.001888684639543295,34953139.0,0.003728768524646759,44937961.0,0.006479943600095808
2026-09-11,13:22:24,4028.452,25.0,5003527.0,0.0006754722472075373,14986306.0,0.0011513142113015057,24970191.0,0.0018897121460139752,34953144.0,0.003728768524646759,44937961.0,0.0064764368481487035
2026-09-11,13:23:20,4084.357,25.0,5003524.0,0.0006711110489927232,14986292.0,0.001144305445805192,24970192.0,0.0019240902821309864,34953137.0,0.0037125418791770933,44937955.0,0.006497163437597453
2026-09-11,13:23:28,4092.631,25.0,5003524.0,0.0006711110489927232,14986292.0,0.001144305445805192,24970193.0,0.0019240902821309864,34953137.0,0.0037180278808027507,44937955.0,0.00647371010517329
2026-09-11,13:23:37,4101.92,25.0,5003524.0,0.0006714458705717697,14986305.0,0.001149749101035297,24970193.0,0.001890059488605708,34953143.0,0.0037237369677573444,44937956.0,0.0064794620282500985
2026-09-11,13:23:47,4111.093,25.0,5003525.0,0.0006755328664109111,14986305.0,0.001149749101035297,24970193.0,0.0018887729830443858,34953143.0,0.0037237369677573444,44937956.0,0.0064794620282500985
2026-09-11,13:23:56,4120.318,25.0,5003527.0,0.0006749952522590757,14986305.0,0.001149749101035297,24970194.0,0.0018887729830443858,34953144.0,0.0037237369677573444,44937957.0,0.006489124748423695
2026-09-11,13:24:05,4129.531,25.0,5003527.0,0.0006749952522590757,14986305.0,0.0011498128147739916,24970193.0,0.0018902783325202763,34953142.0,0.0037129593000039458,44937957.0,0.006494850092463195
2026-09-11,13:24:14,4138.73,25.0,5003526.0,0.0006727338181165978,14986304.0,0.0011505810195803642,24970194.0,0.001890297962591052,34953140.0,0.0037190810366347434,44937955.0,0.006489124748423695
2026-09-11,13:24:23,4147.963,25.0,5003526.0,0.0006727338181165978,14986304.0,0.0011498128147739916,24970194.0,0.0018915787308290601,34953140.0,0.0037190810366347434,44937955.0,0.006496171581082046
2026-09-11,13:24:33,4157.148,25.0,5003526.0,0.0006727338181165978,14986304.0,0.0011505277058184147,24970194.0,0.0018915787308290601,34953146.0,0.0037239363011345268,44937954.0,0.006489240795575083
2026-09-11,13:24:42,4166.338,25.0,5003524.0,0.0006730572034679353,14986304.0,0.0011505277058184147,24970194.0,0.0018912322501018644,34953146.0,0.0037239363011345268,44937954.0,0.006490793163500726
2026-09-11,13:24:51,4175.556,25.0,5003524.0,0.0006730572034679353,14986304.0,0.0011517332636043428,24970193.0,0.0018912322501018644,34953145.0,0.0037239363011345268,44937953.0,0.006490793163500726
2026-09-11,13:25:00,4184.706,25.0,5003526.0,0.0006730572034679353,14986304.0,0.001152807815991342,24970193.0,0.0018993584641255438,34953143.0,0.003727529446519911,44937952.0,0.006494757503852248
2026-09-11,13:25:09,4193.955,25.0,5003526.0,0.0006708079937957227,14986304.0,0.001152807815991342,24970194.0,0.0019001541072912514,34953143.0,0.0037287121946513653,44937950.0,0.00649919468908757
2026-09-11,13:25:19,4203.206,25.0,5003526.0,0.0006708079937957227,14986304.0,0.001152807815991342,24970194.0,0.0019001541072912514,34953143.0,0.003727529446519911,44937948.0,0.006498700234256685
2026-09-11,13:25:28,4212.894,25.0,5003525.0,0.0006717007527062669,14986304.0,0.0011515256996769458,24970194.0,0.0019016538042351603,34953143.0,0.0037287121946513653,44937948.0,0.00649919468908757
2026-09-11,13:25:38,4222.855,25.0,5003527.0,0.0006742698365394027,14986304.0,0.0011541303365137428,24970194.0,0.001902783831719309,34953143.0,0.0037246616041436793,44937948.0,0.006502412505187094
2026-09-11,13:25:46,4231.022,25.0,5003524.0,0.0006727278219070286,14986303.0,0.0011544281046576798,24970194.0,0.001902783831719309,34953141.0,0.003728302122049034,44937948.0,0.0065103540690541264
2026-09-11,13:25:56,4240.644,25.0,5003527.0,0.0006742698365394027,14986302.0,0.001155286281855777,24970195.0,0.0019128428594581783,34953140.0,0.0037214619236811994,44937948.0,0.0065103540690541264
2026-09-11,13:26:05,4249.643,25.0,5003526.0,0.0006749987788628787,14986302.0,0.001155286281855777,24970196.0,0.0019128428594581783,34953140.0,0.003728302122049034,44937952.0,0.006498547824822366
2026-09-11,13:26:14,4258.621,25.0,5003526.0,0.0006749987788628787,14986302.0,0.0011567265622783453,24970196.0,0.0019128428594581783,34953140.0,0.0037293378409072758,44937952.0,0.006498547824822366
2026-09-11,13:26:23,4268.02,25.0,5003526.0,0.0006748653679713607,14986302.0,0.0011600567364096642,24970195.0,0.0019230281034968793,34953141.0,0.0037293378409072758,44937946.0,0.006527497372232378
2026-09-11,13:26:33,4277.77,25.0,5003526.0,0.0006748653679713607,14986299.0,0.001163983146637678,24970194.0,0.0019249375792294741,34953136.0,0.0037293378409072758,44937946.0,0.00653269651902467
2026-09-11,13:26:42,4286.845,25.0,5003526.0,0.0006744067151797935,14986299.0,0.001163983146637678,24970193.0,0.0019378006260357798,34953135.0,0.00373401501121372,44937945.0,0.006557811104081571
2026-09-11,13:26:51,4295.99,25.0,5003526.0,0.0006727750646155328,14986271.0,0.001187307300115004,24970193.0,0.0019426205496415497,34953135.0,0.003735116669856012,44937948.0,0.006573168498359621
2026-09-11,13:27:03,4307.907,25.0,5003526.0,0.0006727750646155328,14986270.0,0.0011883778373841197,24970192.0,0.001956444842662662,34953136.0,0.003738204732477665,44937948.0,0.006573168498359621
2026-09-11,13:27:03,4307.907,25.0,5003526.0,0.0006727750646155328,14986270.0,0.0011883778373841197,24970192.0,0.001956444842662662,34953136.0,0.003738204732477665,44937948.0,0.006573168498359621
2026-09-11,13:27:11,4315.987,25.0,5003526.0,0.0006743418715950102,14986271.0,0.001187307300115004,24970192.0,0.001956444842662662,34953136.0,0.003738204732477665,44937948.0,0.006573168498359621
2026-09-11,13:27:12,4316.006,25.0,5003526.0,0.0006743418715950102,14986271.0,0.001187307300115004,24970192.0,0.001956444842662662,34953136.0,0.003738204732477665,44937948.0,0.006573168498359621
2026-09-11,13:27:19,4323.406,25.0,5003526.0,0.0006743418715950102,14986301.0,0.0011622382453382015,24970193.0,0.001941839781872928,34953138.0,0.0037386756742224096,44937942.0,0.006538895810492337
2026-09-11,13:27:28,4332.148,25.0,5003526.0,0.0006740407727509737,14986302.0,0.00116135340597108,24970194.0,0.0019406859394833446,34953138.0,0.0037295834504514932,44937942.0,0.006538895810492337
2026-09-11,13:28:30,4394.603,25.0,5003525.0,0.0006745892125684768,14986300.0,0.0011619080167915672,24970193.0,0.0019296629971526564,34953142.0,0.0037361874971985815,44937941.0,0.006537066518165171
2026-09-11,13:28:30,4394.604,25.0,5003525.0,0.0006745892125684768,14986300.0,0.0011619080167915672,24970193.0,0.0019296629971526564,34953142.0,0.0037361874971985815,44937941.0,0.006537066518165171
2026-09-11,13:28:30,4394.604,25.0,5003525.0,0.0006745892125684768,14986300.0,0.0011619080167915672,24970193.0,0.0019296629971526564,34953142.0,0.0037361874971985815,44937941.0,0.006537066518165171
2026-09-11,13:28:30,4394.605,25.0,5003525.0,0.0006745892125684768,14986300.0,0.0011619080167915672,24970193.0,0.0019296629971526564,34953142.0,0.0037361874971985815,44937941.0,0.006537066518165171
2026-09-11,13:28:30,4394.606,25.0,5003525.0,0.0006745892125684768,14986300.0,0.0011619080167915672,24970193.0,0.0019296629971526564,34953142.0,0.0037361874971985815,44937941.0,0.006537066518165171
2026-09-11,13:28:32,4396.453,25.0,5003525.0,0.0006746732897954062,14986300.0,0.0011619080167915672,24970193.0,0.0019304096868820488,34953139.0,0.003730886395394802,44937941.0,0.006516065877221524
2026-09-11,13:28:42,4406.493,25.0,5003525.0,0.0006747461594380439,14986302.0,0.0011563214315474034,24970194.0,0.0019296629971526564,34953138.0,0.003728160361230373,44937941.0,0.006516065877221524
2026-09-11,13:28:50,4414.739,25.0,5003525.0,0.0006747461594380439,14986302.0,0.0011563214315474034,24970194.0,0.001919926877655089,34953138.0,0.003728160361230373,44937941.0,0.006514789444543421
2026-09-11,13:29:03,4427.452,25.0,5003526.0,0.000675475301203318,14986299.0,0.0011589417252540588,24970194.0,0.001919111187878996,34953142.0,0.0037332837408035995,44937941.0,0.006518129562392831
2026-09-11,13:29:03,4427.453,25.0,5003526.0,0.000675475301203318,14986299.0,0.0011589417252540588,24970194.0,0.001919111187878996,34953142.0,0.0037332837408035995,44937941.0,0.006518129562392831
2026-09-11,13:29:03,4427.453,25.0,5003526.0,0.000675475301203318,14986299.0,0.0011589417252540588,24970194.0,0.001919111187878996,34953142.0,0.0037332837408035995,44937941.0,0.006518129562392831
2026-09-11,13:29:18,4442.102,25.0,5003524.0,0.0006706285916827619,14986299.0,0.0011589417252540588,24970194.0,0.001919926877655089,34953143.0,0.003736789671137929,44937941.0,0.006510185950607062
2026-09-11,13:29:18,4442.102,25.0,5003524.0,0.0006706285916827619,14986299.0,0.0011589417252540588,24970194.0,0.001919926877655089,34953143.0,0.003736789671137929,44937941.0,0.006510185950607062
2026-09-11,13:29:18,4442.103,25.0,5003524.0,0.0006706285916827619,14986299.0,0.0011589417252540588,24970194.0,0.001919926877655089,34953143.0,0.003736789671137929,44937941.0,0.006510185950607062
2026-09-11,13:29:18,4442.103,25.0,5003524.0,0.0006706285916827619,14986299.0,0.0011589417252540588,24970194.0,0.001919926877655089,34953143.0,0.003736789671137929,44937941.0,0.006510185950607062
2026-09-11,13:29:18,4442.104,25.0,5003524.0,0.0006706285916827619,14986299.0,0.0011589417252540588,24970194.0,0.001919926877655089,34953143.0,0.003736789671137929,44937941.0,0.006510185950607062
2026-09-11,13:29:18,4442.317,25.0,5003524.0,0.0006738836387181655,14986303.0,0.0011569538638610392,24970193.0,0.0019225501051470637,34953142.0,0.003736789671137929,44937943.0,0.006512313353575766
2026-09-11,13:29:36,4460.883,25.0,5003525.0,0.0006746161945601926,14986298.0,0.0011612099240608513,24970192.0,0.001929225766375661,34953139.0,0.003729663950920105,44937941.0,0.006519762810498476
2026-09-11,13:29:46,4470.142,25.0,5003525.0,0.0006746161945601926,14986298.0,0.0011612099240608513,24970191.0,0.0019331414129585027,34953139.0,0.003730697800800204,44937940.0,0.006519945049539209
2026-09-11,13:29:55,4479.278,25.0,5003525.0,0.0006746161945601926,14986299.0,0.0011615788314640523,24970191.0,0.0019342400649152696,34953137.0,0.0037316522046923636,44937941.0,0.006541147870510817
2026-09-11,13:30:04,4488.548,25.0,5003525.0,0.0006744212092878297,14986301.0,0.001161025282472372,24970190.0,0.001957747173640877,34953137.0,0.003732594184964895,44937946.0,0.006570081981837749
2026-09-11,13:30:13,4497.686,25.0,5003525.0,0.0006745290643284098,14986302.0,0.001160454184614122,24970188.0,0.001962783438440412,34953137.0,0.0037451969126537444,44937947.0,0.006575726633094251
2026-09-11,13:30:22,4506.907,25.0,5003525.0,0.0006741378425937146,14986302.0,0.001160454184614122,24970188.0,0.001962783438440412,34953136.0,0.003739886247485876,44937946.0,0.006593846864312887
